-0.00,-0.00,-0.00,-0.00,-0.00
-0.00,-0.00,-0.00,-0.00,-0.00
-0.00,-0.00,-0.00,-0.00,-0.00
-0.00,-0.00,-0.00,-0.00,-0.00
-0.00,-0.00,-0.00,-0.00,-0.00
-0.00,-0.00,-0.00,-0.00,-0.00
-0.00,-0.00,-0.00,-0.00,-0.00
-0.00,-0.00,-0.00,-0.00,-0.00
-0.00,-0.00,-0.00,-0.00,-0.00
-0.00,-0.00,-0.00,-0.00,-0.00
-0.00,-0.00,-0.00,-0.00,-0.00
-0.00,-0.00,-0.00,-0.00,-0.00
-0.00,-0.00,-0.00,-0.00,-0.00
-0.00,-0.00,-0.00,-0.00,-0.00
-0.00,-0.00,-0.00,-0.00,-0.00
-0.00,-0.00,-0.00,-0.00,-0.00
-0.00,-0.00,-0.00,-0.00,-0.00
0.02,0.02,0.06,-0.00,-0.00
1.92,1.92,1.96,-0.00,-0.00
7.17,7.17,7.48,-0.00,1.20
20.27,20.27,20.43,0.01,9.57
37.65,37.65,48.34,3.27,18.86
29.15,29.15,40.18,1.61,15.31
17.15,17.15,27.54,3.01,10.11
12.97,12.97,16.93,1.05,4.38
5.64,5.64,9.51,-0.00,1.11
0.78,0.78,8.54,-0.00,0.12
-0.00,-0.00,10.53,-0.00,0.12
-0.00,-0.00,9.84,-0.00,0.17
-0.00,-0.00,10.69,0.03,0.47
-0.00,-0.00,11.04,-0.00,0.41
-0.00,-0.00,7.05,-0.00,-0.00
-0.00,-0.00,6.49,-0.00,-0.00
-0.00,-0.00,10.09,-0.00,-0.00
-0.00,-0.00,9.41,-0.00,0.09
-0.00,-0.00,10.48,0.04,0.38
-0.00,-0.00,11.99,0.06,0.57
-0.00,-0.00,7.88,-0.00,-0.00
-0.00,-0.00,4.03,-0.00,-0.00
-0.00,-0.00,6.86,-0.00,-0.00
-0.00,-0.00,8.22,0.00,0.36
1.12,1.12,9.87,0.22,1.37
5.44,5.44,10.24,0.02,1.94
13.95,13.95,14.38,0.06,6.76
25.94,25.94,27.37,0.56,18.81
39.54,39.54,52.32,4.67,25.23
27.60,27.60,37.72,0.94,20.37
19.78,19.78,24.17,2.22,13.00
10.37,10.37,13.18,1.56,5.18
3.53,3.53,8.36,0.04,1.43
0.14,0.14,8.54,0.03,0.46
-0.00,-0.00,11.14,0.02,0.25
-0.00,-0.00,11.65,0.24,0.80
-0.00,-0.00,12.12,0.42,0.94
-0.00,-0.00,12.72,0.05,0.83
-0.00,-0.00,10.52,-0.00,0.37
-0.00,-0.00,7.89,-0.00,0.01
-0.00,-0.00,10.02,-0.00,0.09
-0.00,-0.00,9.42,0.06,0.57
-0.00,-0.00,10.35,0.34,0.81
-0.00,-0.00,10.95,-0.00,0.37
-0.00,-0.00,8.79,-0.00,0.06
-0.00,-0.00,7.49,-0.00,-0.00
-0.00,-0.00,10.77,-0.00,0.17
0.00,0.00,11.09,0.30,1.83
0.53,0.53,10.51,0.36,1.62
3.84,3.84,9.64,0.12,2.04
13.46,13.46,15.05,0.44,7.47
26.96,26.96,29.95,1.80,19.37
38.68,38.68,54.36,9.25,24.73
25.80,25.80,38.52,2.36,18.42
18.49,18.49,23.55,1.62,13.51
12.29,12.29,13.36,1.71,5.63
3.84,3.84,8.43,-0.00,1.15
0.67,0.67,4.85,-0.00,0.26
-0.00,-0.00,6.06,-0.00,-0.00
-0.00,-0.00,7.71,-0.00,0.22
-0.00,-0.00,8.69,-0.00,0.32
-0.00,-0.00,8.78,-0.00,0.04
-0.00,-0.00,6.22,-0.00,-0.00
-0.00,-0.00,4.84,-0.00,-0.00
-0.00,-0.00,8.57,-0.00,0.15
-0.00,-0.00,9.11,0.03,0.75
-0.00,-0.00,9.56,0.12,0.83
-0.00,-0.00,9.62,-0.00,0.43
-0.00,-0.00,5.87,-0.00,-0.00
-0.00,-0.00,2.91,-0.00,-0.00
-0.00,-0.00,6.07,-0.00,-0.00
-0.00,-0.00,7.25,-0.00,0.24
0.00,0.00,8.01,-0.00,0.62
1.72,1.72,7.95,-0.00,1.65
8.22,8.22,10.95,-0.00,5.64
19.89,19.89,22.32,0.43,17.34
35.08,35.08,54.36,6.04,24.66
26.83,26.83,43.01,2.09,19.15
20.88,20.88,30.56,3.00,14.04
13.65,13.65,16.99,0.92,7.09
4.30,4.30,7.90,-0.00,2.51
0.99,0.99,5.97,-0.00,0.40
-0.00,-0.00,8.28,-0.00,0.21
-0.00,-0.00,9.16,-0.00,0.96
-0.00,-0.00,9.55,-0.00,1.02
-0.00,-0.00,8.70,-0.00,0.18
-0.00,-0.00,6.35,-0.00,0.37
-0.00,-0.00,5.49,-0.00,0.72
-0.00,-0.00,11.68,0.02,1.83
-0.00,-0.00,5.26,-0.00,0.75
-0.00,-0.00,13.15,1.56,7.68
-0.00,-0.00,13.24,1.89,6.40
-0.00,-0.00,9.66,-0.00,3.45
-0.00,-0.00,10.15,-0.00,4.50
0.09,0.09,8.80,1.20,1.46
3.68,3.68,12.09,9.65,4.26
15.01,15.01,21.62,15.00,14.05
25.36,25.36,34.73,14.58,21.47
12.26,12.26,33.56,17.53,25.46
13.04,13.04,75.87,8.31,32.33
11.27,11.27,85.10,-0.00,43.02
18.69,18.69,73.78,0.14,48.20
23.43,23.43,70.40,5.69,51.07
25.33,25.33,62.17,11.21,48.12
24.83,24.83,57.01,17.74,50.62
22.33,22.33,60.83,19.38,37.84
19.59,19.59,56.80,24.30,40.53
18.71,18.71,54.59,20.65,41.78
17.08,17.08,48.56,23.80,39.63
16.48,16.48,49.16,17.18,38.77
27.21,27.21,59.00,12.07,35.77
15.08,15.08,58.14,4.91,38.89
16.33,16.33,86.21,-0.00,42.61
23.18,23.18,82.17,0.34,43.91
24.77,24.77,71.50,5.10,49.49
25.09,25.09,67.82,1.96,51.05
21.22,21.22,63.20,11.75,45.29
19.56,19.56,61.39,18.12,41.52
18.61,18.61,57.11,16.94,37.98
16.25,16.25,53.80,24.14,37.54
11.13,11.13,52.62,19.89,34.40
10.27,10.27,50.54,14.37,29.11
13.16,13.16,62.46,22.01,36.85
5.38,5.38,75.88,23.75,28.23
7.32,7.32,67.64,31.46,35.71
10.11,10.11,62.77,38.98,35.50
18.36,18.36,58.40,37.42,37.56
24.98,24.98,52.15,41.18,40.23
28.76,28.76,48.59,45.52,41.05
27.68,27.68,45.73,39.93,39.52
26.49,26.49,42.22,37.72,38.72
22.40,22.40,40.73,42.70,33.44
24.29,24.29,41.22,41.39,33.76
37.50,37.50,51.50,41.83,37.74
33.92,33.92,45.56,34.83,37.08
29.71,29.71,45.45,36.02,35.01
22.00,22.00,39.04,37.43,29.98
15.33,15.33,44.88,33.25,26.48
21.39,21.39,50.29,34.25,30.68
20.07,20.07,67.36,36.62,32.43
22.31,22.31,59.59,33.90,33.89
27.26,27.26,51.89,34.51,35.08
25.52,25.52,47.23,36.14,35.95
20.82,20.82,41.17,37.22,32.12
20.58,20.58,53.36,43.16,37.40
17.66,17.66,65.59,40.59,36.12
23.19,23.19,61.03,40.35,32.33
29.57,29.57,55.47,41.20,36.91
31.00,31.00,48.90,40.52,38.02
31.17,31.17,43.23,38.17,31.48
28.27,28.27,35.63,39.08,29.95
22.03,22.03,32.65,34.28,25.06
18.05,18.05,29.23,27.67,26.35
15.37,15.37,30.78,32.40,20.60
19.56,19.56,37.50,33.29,24.02
32.17,32.17,44.92,38.89,35.19
34.35,34.35,49.08,39.21,39.95
32.59,32.59,40.44,32.25,33.60
26.93,26.93,34.64,37.34,30.64
21.16,21.16,32.82,35.59,27.39
18.57,18.57,33.76,33.44,26.84
16.14,16.14,31.32,31.08,25.07
12.18,12.18,31.29,31.85,25.27
10.27,10.27,34.28,31.97,25.81
11.55,11.55,31.95,33.33,25.84
5.38,5.38,30.49,29.51,21.23
2.40,2.40,33.22,25.75,15.90
4.23,4.23,39.62,18.60,22.34
8.61,8.61,74.53,21.75,32.24
5.64,5.64,70.99,23.49,26.78
8.45,8.45,66.10,32.88,26.80
14.84,14.84,60.64,27.67,32.74
23.84,23.84,54.44,32.61,37.57
29.33,29.33,49.16,34.10,39.03
30.84,30.84,42.17,31.67,37.73
30.04,30.04,37.02,35.13,36.45
28.28,28.28,30.97,32.45,34.80
24.28,24.28,35.65,33.56,29.50
22.61,22.61,32.73,34.19,28.61
32.03,32.03,44.58,35.68,34.61
34.66,34.66,49.19,40.10,39.24
32.20,32.20,41.99,34.23,34.15
27.64,27.64,36.18,34.19,30.20
24.18,24.18,34.18,25.46,23.89
20.21,20.21,33.98,25.74,24.89
25.73,25.73,59.88,34.06,31.90
26.25,26.25,59.97,30.08,32.03
30.53,30.53,52.35,29.29,30.71
31.25,31.25,45.18,30.40,32.80
27.74,27.74,39.41,26.46,31.34
21.65,21.65,36.48,26.27,25.71
21.94,21.94,46.26,39.40,33.14
24.18,24.18,63.11,38.28,36.88
24.98,24.98,59.78,40.24,38.54
29.57,29.57,53.53,34.89,33.55
32.12,32.12,48.53,38.25,35.08
29.43,29.43,41.05,32.18,30.11
29.90,29.90,33.90,28.04,24.91
31.37,31.37,30.15,28.01,23.22
28.47,28.47,28.38,27.58,21.41
27.28,27.28,28.79,28.52,20.69
23.36,23.36,29.85,26.18,19.12
21.81,21.81,29.07,24.82,23.80
37.44,37.44,49.94,39.57,39.31
35.96,35.96,42.46,34.45,33.59
30.76,30.76,33.76,30.18,28.70
22.84,22.84,31.65,23.75,26.65
16.56,16.56,25.06,23.11,24.46
9.87,9.87,24.46,21.31,22.03
9.29,9.29,27.49,26.43,19.07
7.25,7.25,27.02,23.02,20.18
4.95,4.95,25.96,20.95,18.55
6.15,6.15,27.12,21.43,17.87
3.05,3.05,29.55,21.63,10.93
4.13,4.13,31.30,15.98,12.86
11.19,11.19,63.72,23.16,19.46
8.15,8.15,74.51,21.42,25.57
9.93,9.93,66.98,28.05,25.39
15.72,15.72,62.30,32.84,31.44
24.48,24.48,57.71,32.16,37.09
31.88,31.88,51.23,31.73,39.79
33.60,33.60,44.25,38.11,39.91
30.27,30.27,37.89,34.15,36.31
28.39,28.39,32.77,29.65,35.35
24.55,24.55,32.11,27.03,30.83
21.54,21.54,30.51,31.81,28.26
30.71,30.71,41.00,33.91,32.69
36.99,36.99,50.74,40.49,37.06
34.65,34.65,44.65,25.34,31.88
31.29,31.29,38.58,29.50,27.53
23.74,23.74,37.72,21.69,23.42
22.27,22.27,37.36,24.81,24.19
26.35,26.35,70.79,29.71,30.15
25.38,25.38,59.41,29.97,29.95
31.31,31.31,52.32,26.53,32.21
32.61,32.61,46.11,30.34,33.21
29.77,29.77,38.55,29.08,30.65
22.46,22.46,36.37,29.56,33.38
24.72,24.72,48.38,37.80,40.32
28.25,28.25,63.32,38.72,38.72
29.25,29.25,59.82,36.39,35.92
30.06,30.06,54.86,39.41,34.50
29.84,29.84,48.79,37.91,36.53
29.77,29.77,42.71,31.44,30.07
29.02,29.02,35.03,29.27,27.77
22.78,22.78,25.35,21.62,19.53
20.09,20.09,23.46,24.47,18.62
18.35,18.35,23.35,25.68,16.87
15.84,15.84,22.93,27.06,20.11
21.16,21.16,28.21,23.36,23.89
37.88,37.88,49.57,38.56,38.66
33.95,33.95,41.36,30.56,33.88
32.20,32.20,33.26,24.68,26.81
25.43,25.43,27.16,22.51,19.67
18.39,18.39,25.11,21.02,18.10
13.87,13.87,22.73,20.76,20.78
11.04,11.04,23.40,19.59,17.73
9.31,9.31,19.54,14.63,18.75
6.92,6.92,19.37,15.91,16.79
6.69,6.69,19.56,17.37,18.29
3.74,3.74,21.64,14.68,12.15
2.68,2.68,20.36,18.26,16.96
7.47,7.47,46.79,17.82,23.52
11.95,11.95,78.58,20.91,34.45
13.40,13.40,68.98,17.60,25.99
13.09,13.09,64.04,29.23,27.68
18.23,18.23,58.37,29.57,34.76
26.78,26.78,52.14,28.77,38.81
31.82,31.82,48.14,36.80,39.29
32.65,32.65,38.85,29.18,37.09
29.59,29.59,35.61,34.86,37.36
26.20,26.20,33.77,30.71,31.88
22.96,22.96,34.99,30.25,29.72
25.44,25.44,37.84,33.85,32.33
37.90,37.90,54.38,38.80,41.29
33.71,33.71,47.96,34.75,37.15
29.25,29.25,39.30,29.71,33.17
24.41,24.41,34.54,24.58,29.08
19.84,19.84,31.25,22.20,26.60
18.38,18.38,31.50,18.66,23.94
21.07,21.07,67.79,22.25,27.20
21.51,21.51,61.07,21.09,27.62
27.14,27.14,53.58,21.72,30.04
31.13,31.13,47.45,16.89,31.44
25.53,25.53,43.85,13.67,31.83
17.03,17.03,41.46,10.69,33.37
17.41,17.41,52.03,2.39,39.35
15.16,15.16,85.92,-0.00,37.83
24.74,24.74,81.10,-0.00,44.30
29.97,29.97,70.59,0.15,38.37
30.66,30.66,67.20,3.71,45.05
29.81,29.81,63.31,12.46,45.86
26.13,26.13,57.10,21.01,43.80
24.53,24.53,55.23,22.63,30.34
22.56,22.56,52.61,26.50,35.37
20.84,20.84,45.00,31.27,36.28
16.56,16.56,53.74,33.93,35.71
20.36,20.36,49.46,29.78,33.20
36.39,36.39,54.67,38.25,40.39
37.29,37.29,51.54,35.96,38.01
33.85,33.85,46.09,39.06,35.73
28.68,28.68,44.00,40.58,36.59
24.90,24.90,42.29,37.30,32.15
22.17,22.17,41.98,33.70,29.32
20.22,20.22,41.52,30.49,30.11
16.31,16.31,41.77,35.77,30.65
11.43,11.43,35.32,36.03,32.54
5.77,5.77,34.37,31.96,23.16
6.20,6.20,38.67,25.06,20.80
5.49,5.49,38.15,23.88,15.00
10.35,10.35,70.17,21.47,21.16
4.67,4.67,71.53,24.87,20.48
10.80,10.80,66.28,33.38,25.87
18.82,18.82,61.35,33.02,31.04
26.46,26.46,54.26,32.85,35.08
31.66,31.66,47.61,36.76,37.52
32.90,32.90,41.64,36.34,36.62
30.43,30.43,40.09,37.53,33.91
28.29,28.29,37.90,33.11,32.41
23.81,23.81,35.27,29.59,28.69
24.21,24.21,33.80,33.34,27.17
35.33,35.33,49.48,40.38,36.37
36.36,36.36,51.68,36.34,34.84
32.91,32.91,44.89,35.12,33.25
27.55,27.55,38.59,26.90,29.17
18.82,18.82,34.83,24.91,23.38
23.55,23.55,42.87,26.61,26.57
23.27,23.27,69.54,33.14,29.34
24.94,24.94,60.33,30.67,32.19
30.32,30.32,53.04,29.01,34.93
31.75,31.75,47.42,27.07,33.55
28.82,28.82,40.80,28.37,32.20
21.97,21.97,37.40,28.96,30.82
23.26,23.26,46.30,34.08,35.26
26.90,26.90,63.87,41.16,38.52
27.70,27.70,60.19,37.55,35.03
30.66,30.66,54.87,37.97,34.97
31.29,31.29,49.27,35.38,31.32
31.15,31.15,43.94,35.04,29.76
27.99,27.99,37.17,30.38,24.09
26.68,26.68,34.26,30.62,24.01
24.35,24.35,33.43,25.31,19.00
20.82,20.82,31.97,24.83,14.07
17.55,17.55,27.46,26.06,18.10
27.24,27.24,34.69,30.12,27.71
37.95,37.95,49.04,40.13,35.44
33.11,33.11,41.94,35.65,33.28
29.24,29.24,35.52,26.98,27.00
25.17,25.17,28.86,22.55,26.36
20.89,20.89,29.10,21.34,20.13
16.59,16.59,24.79,21.06,20.21
9.15,9.15,25.06,24.06,19.10
7.65,7.65,26.70,25.09,18.63
9.51,9.51,27.62,24.15,17.90
8.09,8.09,27.30,22.34,13.52
9.34,9.34,28.71,17.11,11.68
9.91,9.91,32.34,21.84,12.12
11.58,11.58,74.92,22.48,20.68
6.82,6.82,70.08,21.75,21.96
13.88,13.88,65.12,29.16,25.87
22.47,22.47,60.09,32.43,31.13
29.70,29.70,52.05,32.77,34.82
32.45,32.45,47.46,36.53,36.64
31.78,31.78,38.79,32.32,37.54
30.17,30.17,34.45,35.41,34.56
27.05,27.05,30.85,33.72,30.71
23.12,23.12,35.68,30.76,27.96
23.87,23.87,34.16,28.17,27.02
36.30,36.30,51.42,38.62,35.92
36.39,36.39,46.91,35.99,35.03
31.40,31.40,38.15,30.95,31.27
23.63,23.63,35.91,28.78,28.03
19.43,19.43,33.74,22.37,18.96
24.22,24.22,41.93,27.18,26.33
26.38,26.38,67.83,27.56,29.36
26.96,26.96,58.66,26.32,30.23
32.96,32.96,50.73,27.61,31.49
33.14,33.14,43.74,27.37,29.69
29.23,29.23,38.51,27.76,26.89
22.63,22.63,35.05,32.87,23.20
24.21,24.21,49.83,36.65,25.97
24.64,24.64,63.38,40.02,31.25
25.34,25.34,59.24,39.40,30.95
28.16,28.16,53.72,36.51,28.70
31.43,31.43,48.23,37.11,29.49
29.13,29.13,41.47,29.63,23.95
26.39,26.39,33.41,28.19,22.26
25.10,25.10,27.77,27.57,23.81
23.68,23.68,24.06,28.93,22.99
18.59,18.59,23.44,26.12,20.28
17.66,17.66,24.36,27.02,21.76
28.94,28.94,36.45,33.75,28.00
36.92,36.92,46.80,38.80,32.65
31.32,31.32,39.17,30.65,26.57
25.50,25.50,27.29,26.03,24.72
19.59,19.59,25.00,24.33,20.19
13.33,13.33,24.07,21.78,20.28
10.78,10.78,23.40,22.44,20.13
10.07,10.07,24.21,23.22,18.18
8.23,8.23,20.70,17.82,17.21
6.76,6.76,23.29,18.09,15.23
8.82,8.82,22.84,19.65,13.49
11.30,11.30,26.42,15.66,12.86
14.19,14.19,29.57,13.61,16.79
15.92,15.92,74.54,13.54,14.43
6.61,6.61,69.41,22.45,14.98
10.41,10.41,64.77,32.02,20.79
20.10,20.10,58.63,30.60,25.79
29.11,29.11,52.06,27.61,28.64
32.82,32.82,46.68,34.93,31.31
33.65,33.65,40.21,32.78,33.58
31.41,31.41,38.48,38.87,32.03
29.28,29.28,38.06,36.62,27.35
25.91,25.91,39.05,32.12,25.09
26.31,26.31,40.16,34.73,25.61
37.00,37.00,51.59,36.93,31.72
34.83,34.83,48.46,32.44,31.07
35.30,35.30,40.28,30.82,31.23
31.61,31.61,33.84,25.64,23.91
23.92,23.92,29.49,23.71,18.59
19.29,19.29,28.55,20.61,16.99
24.55,24.55,51.13,26.99,22.35
22.96,22.96,67.99,21.06,26.32
30.19,30.19,56.82,22.41,29.19
32.78,32.78,49.86,26.39,29.61
31.85,31.85,44.18,29.06,27.83
28.40,28.40,39.46,30.44,26.53
31.75,31.75,46.37,34.38,29.87
32.08,32.08,64.19,36.28,33.43
35.15,35.15,60.98,41.91,32.20
47.52,47.52,56.75,47.44,34.36
56.04,56.04,51.58,46.92,35.74
58.22,58.22,46.93,43.36,31.91
55.58,55.58,53.86,40.14,31.51
55.01,55.01,56.27,46.18,35.52
52.80,52.80,50.80,45.88,37.50
53.38,53.38,36.47,47.07,37.78
47.76,47.76,47.66,48.12,39.06
44.47,44.47,54.03,48.53,40.06
43.09,43.09,55.57,44.16,39.32
41.11,41.11,51.81,52.97,41.88
39.33,39.33,43.47,56.73,39.98
37.86,37.86,38.19,57.39,37.44
35.80,35.80,37.17,55.14,34.39
32.52,32.52,34.33,56.31,36.48
29.13,29.13,28.39,56.68,33.81
29.59,29.59,30.91,56.31,34.72
28.78,28.78,38.84,55.92,35.84
26.74,26.74,43.17,48.12,36.50
24.52,24.52,48.29,43.84,26.40
17.45,17.45,52.55,32.65,19.67
14.82,14.82,54.39,18.90,16.31
11.04,11.04,78.73,16.00,23.15
7.57,7.57,68.12,23.95,24.73
13.56,13.56,64.83,30.74,27.84
23.15,23.15,58.89,33.27,30.66
29.51,29.51,52.58,34.59,34.07
32.06,32.06,46.69,35.46,36.16
32.52,32.52,44.03,39.66,35.09
30.36,30.36,42.57,42.94,30.88
26.69,26.69,44.30,40.11,27.42
25.57,25.57,43.70,36.45,27.25
32.56,32.56,52.44,36.43,30.12
36.49,36.49,55.45,31.67,39.16
36.37,36.37,49.80,29.10,37.88
33.81,33.81,42.51,31.16,41.74
29.10,29.10,37.26,23.72,32.03
20.48,20.48,36.43,17.09,29.37
24.15,24.15,56.24,8.34,29.39
20.67,20.67,67.14,6.42,33.15
24.50,24.50,58.82,10.29,36.17
30.40,30.40,52.01,12.10,37.42
32.35,32.35,47.36,23.59,34.72
29.75,29.75,45.09,35.11,41.59
19.36,19.36,49.81,50.47,46.18
16.40,16.40,68.88,65.19,63.84
16.27,16.27,80.85,73.75,70.52
17.06,17.06,83.78,77.21,69.65
21.94,21.94,75.14,76.62,71.15
22.26,22.26,70.40,75.43,70.57
23.99,23.99,68.87,78.61,68.30
24.26,24.26,61.80,78.93,69.69
25.37,25.37,56.75,75.84,66.66
23.38,23.38,51.99,77.63,65.83
23.42,23.42,48.25,77.99,67.51
26.97,26.97,56.01,76.86,63.88
25.90,25.90,69.07,72.80,64.85
28.83,28.83,79.01,73.88,65.66
28.46,28.46,82.29,74.47,63.88
27.18,27.18,60.85,77.70,63.36
28.35,28.35,68.04,77.76,65.11
25.38,25.38,68.72,76.44,62.80
23.41,23.41,60.27,77.58,62.83
22.92,22.92,53.05,78.17,62.38
23.91,23.91,35.13,77.08,60.69
23.74,23.74,43.70,76.18,62.44
23.21,23.21,43.28,78.49,61.59
18.57,18.57,48.91,77.72,61.40
11.93,11.93,56.32,75.36,58.70
9.65,9.65,74.55,70.55,57.91
5.19,5.19,68.80,73.58,61.04
8.95,8.95,65.59,78.07,61.14
15.99,15.99,60.77,73.39,61.61
20.58,20.58,55.17,77.82,64.61
25.58,25.58,49.81,75.20,61.76
27.00,27.00,44.81,75.96,60.81
26.06,26.06,38.27,76.45,63.67
25.75,25.75,34.97,75.35,58.91
24.50,24.50,33.48,76.38,59.80
23.99,23.99,35.48,75.78,56.91
32.71,32.71,47.65,74.49,57.32
31.79,31.79,51.10,74.92,56.07
26.82,26.82,43.44,74.88,55.99
20.06,20.06,41.90,75.21,56.22
15.28,15.28,54.01,74.37,65.41
13.20,13.20,58.06,76.11,71.15
18.05,18.05,66.13,75.38,67.73
21.59,21.59,56.02,74.38,69.23
22.57,22.57,53.57,76.00,67.27
19.79,19.79,43.97,74.21,67.40
18.21,18.21,43.12,74.32,67.10
14.50,14.50,44.89,75.80,66.49
18.61,18.61,58.04,67.81,64.04
13.46,13.46,62.33,69.23,64.03
13.64,13.64,57.94,77.81,64.49
17.10,17.10,50.78,78.79,64.47
21.71,21.71,46.12,76.54,62.70
22.52,22.52,38.30,76.01,64.64
21.95,21.95,30.73,77.37,65.86
21.60,21.60,25.66,76.24,64.01
20.18,20.18,21.33,75.69,62.22
17.40,17.40,20.01,76.26,62.35
16.97,16.97,27.57,77.33,62.31
24.77,24.77,40.21,75.73,62.44
28.79,28.79,49.81,75.50,63.44
28.93,28.93,43.07,77.54,62.79
29.40,29.40,36.49,75.81,64.14
29.04,29.04,27.30,76.37,62.15
28.72,28.72,18.71,75.89,64.78
28.41,28.41,14.92,75.70,60.79
28.03,28.03,11.71,74.89,64.50
28.95,28.95,10.77,77.07,61.37
28.61,28.61,24.04,74.42,64.65
25.33,25.33,40.68,75.90,60.17
19.54,19.54,52.19,75.03,60.97
15.23,15.23,55.35,73.47,61.83
13.44,13.44,75.20,64.66,61.93
5.12,5.12,68.74,70.53,55.93
10.34,10.34,64.31,77.62,66.03
18.41,18.41,58.13,76.36,67.30
21.73,21.73,50.95,77.87,66.96
23.83,23.83,45.97,78.24,66.45
24.97,24.97,41.34,76.70,66.07
25.36,25.36,35.86,77.76,64.63
23.59,23.59,35.94,77.40,63.79
23.30,23.30,40.50,77.70,64.12
29.65,29.65,46.64,77.27,63.52
34.98,34.98,50.55,76.12,62.82
34.30,34.30,45.47,77.45,61.08
32.45,32.45,41.23,77.79,62.31
29.00,29.00,49.73,76.73,62.94
23.34,23.34,57.25,77.31,61.58
26.04,26.04,67.04,76.97,62.59
23.29,23.29,60.11,77.69,60.63
27.72,27.72,52.23,76.99,61.25
30.30,30.30,44.73,75.83,61.63
27.62,27.62,38.91,77.16,61.56
23.97,23.97,40.75,77.19,61.90
21.72,21.72,53.58,74.67,61.10
22.69,22.69,63.05,76.42,61.24
22.62,22.62,59.97,76.90,59.77
29.03,29.03,52.82,77.85,61.38
33.48,33.48,48.26,76.02,61.51
35.94,35.94,41.97,76.12,60.01
36.58,36.58,34.98,76.36,61.72
35.42,35.42,28.09,77.30,59.95
34.14,34.14,26.21,75.93,59.29
34.43,34.43,26.20,76.01,60.21
32.53,32.53,34.11,76.40,57.29
33.28,33.28,41.98,77.23,58.47
35.22,35.22,49.12,76.12,57.73
30.64,30.64,41.81,75.63,56.35
25.45,25.45,32.33,76.54,56.97
20.82,20.82,24.79,77.34,58.54
19.62,19.62,22.59,76.38,66.89
17.09,17.09,13.59,76.19,68.32
19.59,19.59,15.27,76.32,68.21
22.19,22.19,13.79,77.06,67.42
21.74,21.74,14.31,76.27,66.16
21.28,21.28,25.45,75.36,66.56
18.40,18.40,42.36,76.61,65.72
13.08,13.08,52.28,77.21,64.83
16.59,16.59,64.72,74.40,64.11
9.07,9.07,74.20,75.51,64.21
13.97,13.97,66.23,75.26,62.34
17.14,17.14,61.60,76.23,64.93
21.88,21.88,56.05,76.10,65.98
25.99,25.99,50.00,75.02,64.08
26.90,26.90,46.01,76.46,64.54
27.71,27.71,45.41,76.93,64.80
27.02,27.02,39.99,74.54,63.42
26.73,26.73,36.94,76.13,62.82
22.80,22.80,41.22,76.20,64.33
28.04,28.04,47.19,76.34,62.20
30.94,30.94,52.25,75.92,63.07
36.95,36.95,46.71,74.19,62.66
37.37,37.37,38.70,75.98,62.84
37.08,37.08,36.57,76.45,62.01
34.45,34.45,42.83,73.30,60.53
29.99,29.99,48.23,75.49,62.66
29.89,29.89,66.32,74.81,61.99
28.52,28.52,57.78,75.02,58.58
32.20,32.20,53.53,75.84,60.10
32.72,32.72,46.55,72.68,58.93
29.72,29.72,44.80,75.90,61.17
25.43,25.43,46.03,75.94,56.38
28.77,28.77,62.02,72.17,57.48
19.53,19.53,60.85,76.00,59.26
18.06,18.06,56.12,75.54,67.39
20.59,20.59,49.85,75.75,70.72
24.42,24.42,45.40,75.46,68.96
25.49,25.49,40.66,73.50,69.51
25.70,25.70,34.95,76.03,67.55
26.31,26.31,32.62,75.99,67.33
26.81,26.81,27.94,73.62,68.28
26.46,26.46,38.18,75.82,66.52
24.60,24.60,40.74,75.53,66.92
32.37,32.37,48.92,74.94,65.83
34.08,34.08,48.19,75.93,65.46
30.17,30.17,39.14,74.02,64.15
28.65,28.65,29.60,76.31,66.25
27.29,27.29,22.66,76.12,64.82
25.45,25.45,20.69,74.40,64.25
25.28,25.28,18.20,76.15,65.72
26.01,26.01,24.89,76.04,64.52
26.41,26.41,25.66,75.40,63.16
28.29,28.29,26.69,75.53,64.72
24.81,24.81,30.10,74.78,64.13
18.83,18.83,47.08,76.44,63.10
9.11,9.11,58.39,75.58,60.69
14.13,14.13,76.16,74.65,60.99
9.85,9.85,68.26,76.51,63.17
15.57,15.57,63.53,76.43,61.77
21.57,21.57,57.50,74.13,61.44
30.05,30.05,52.38,75.09,62.95
32.06,32.06,47.02,73.61,61.75
33.12,33.12,41.46,75.20,61.42
33.89,33.89,44.66,74.68,61.35
31.71,31.71,45.26,71.91,57.69
25.65,25.65,44.18,74.83,58.10
24.95,24.95,46.63,74.63,59.17
22.93,22.93,57.63,71.64,56.45
19.13,19.13,51.33,74.71,58.92
21.55,21.55,44.54,74.07,66.98
19.78,19.78,52.49,75.76,72.49
21.25,21.25,54.11,75.43,72.56
28.22,28.22,70.19,73.42,70.20
25.38,25.38,61.57,75.36,69.67
24.21,24.21,53.89,75.35,68.87
25.18,25.18,47.63,73.68,68.45
24.85,24.85,41.90,75.52,68.89
24.60,24.60,42.36,75.22,66.40
21.52,21.52,59.40,74.32,67.74
22.89,22.89,68.15,69.59,65.86
20.16,20.16,79.95,64.28,66.47
20.10,20.10,82.71,73.04,67.53
24.55,24.55,69.13,76.42,68.27
27.14,27.14,66.84,75.37,66.03
28.96,28.96,63.29,75.74,66.77
27.85,27.85,56.05,75.56,65.93
28.26,28.26,55.45,75.62,65.80
26.95,26.95,51.96,75.24,66.05
23.67,23.67,42.58,74.38,63.21
22.93,22.93,50.96,75.41,64.27
28.01,28.01,51.88,75.41,62.95
34.74,34.74,53.96,74.17,62.70
37.91,37.91,50.00,74.74,65.07
37.78,37.78,43.47,75.94,62.70
38.32,38.32,36.72,76.16,62.59
37.72,37.72,33.60,74.65,62.56
38.03,38.03,27.93,75.17,60.97
36.22,36.22,28.47,75.51,58.98
35.75,35.75,26.02,75.27,63.12
33.45,33.45,32.64,74.99,60.73
30.37,30.37,49.35,74.23,62.26
18.49,18.49,53.38,75.40,54.00
17.16,17.16,66.20,74.89,60.22
10.96,10.96,72.54,75.06,67.74
13.36,13.36,64.96,74.85,73.71
20.13,20.13,60.30,75.29,73.91
25.96,25.96,55.13,73.46,73.96
26.50,26.50,48.23,74.27,72.72
24.39,24.39,40.84,72.75,72.81
24.70,24.70,39.05,74.98,72.28
23.39,23.39,40.48,74.07,71.32
23.90,23.90,38.11,72.60,71.00
24.55,24.55,34.87,73.79,70.52
27.57,27.57,38.64,74.87,69.97
34.04,34.04,53.17,73.07,69.10
32.61,32.61,46.40,73.00,67.78
31.09,31.09,38.52,74.02,68.85
29.15,29.15,43.18,74.96,67.42
27.36,27.36,51.58,73.16,67.63
29.96,29.96,68.28,73.39,68.59
29.76,29.76,58.05,72.86,67.21
33.17,33.17,53.27,74.49,64.35
32.38,32.38,44.36,73.83,67.41
28.12,28.12,38.93,73.51,66.58
22.80,22.80,43.86,74.10,67.45
22.12,22.12,49.50,74.59,66.16
23.94,23.94,65.17,73.26,64.93
22.83,22.83,60.91,70.75,66.63
29.92,29.92,54.28,73.83,65.25
34.17,34.17,48.16,74.77,66.11
35.59,35.59,41.52,71.67,63.91
35.56,35.56,33.90,73.17,64.29
34.16,34.16,28.58,73.23,65.49
33.79,33.79,28.10,73.43,61.79
33.35,33.35,33.98,73.38,62.86
30.87,30.87,30.64,72.21,60.15
26.51,26.51,30.00,74.13,57.36
30.22,30.22,49.51,74.21,60.13
22.39,22.39,41.75,71.65,61.98
19.03,19.03,30.61,72.92,73.12
17.15,17.15,21.80,73.85,73.43
18.81,18.81,19.49,73.54,72.42
21.98,21.98,19.75,73.09,72.09
20.44,20.44,13.35,72.58,72.56
22.15,22.15,15.51,73.92,70.81
23.98,23.98,13.35,73.82,70.40
22.54,22.54,27.97,72.88,70.59
19.66,19.66,45.26,72.77,69.21
11.99,11.99,53.62,73.76,68.81
14.97,14.97,69.42,73.10,67.82
8.09,8.09,72.92,72.58,67.03
12.39,12.39,65.83,72.86,68.79
18.76,18.76,60.25,73.84,68.73
22.85,22.85,53.93,72.51,67.72
27.15,27.15,46.90,72.55,69.33
27.09,27.09,40.25,71.91,68.27
28.09,28.09,38.80,73.79,67.92
26.80,26.80,38.20,72.38,68.12
22.94,22.94,34.35,72.75,67.83
23.83,23.83,37.42,72.72,67.70
33.01,33.01,47.63,73.99,67.32
35.24,35.24,51.41,72.80,66.78
38.51,38.51,44.47,71.40,67.73
39.73,39.73,37.89,72.75,65.50
36.77,36.77,46.10,73.15,67.25
31.73,31.73,53.28,71.85,63.36
33.77,33.77,63.95,72.79,62.96
31.96,31.96,61.60,71.16,64.29
35.33,35.33,50.47,73.07,63.02
35.57,35.57,43.93,72.55,63.65
32.96,32.96,40.44,69.77,63.72
26.64,26.64,42.30,72.22,61.45
25.00,25.00,50.44,72.13,62.88
21.71,21.71,64.74,68.55,59.60
17.70,17.70,57.76,71.58,65.14
19.21,19.21,53.53,69.64,70.33
23.61,23.61,46.59,72.37,70.43
26.11,26.11,40.17,72.37,70.74
28.11,28.11,31.90,69.83,68.90
28.75,28.75,28.77,72.39,69.26
29.42,29.42,24.09,72.63,68.44
30.93,30.93,20.68,70.90,68.45
29.62,29.62,35.74,72.13,68.58
31.49,31.49,39.38,71.63,67.58
36.58,36.58,47.88,72.45,67.03
33.97,33.97,39.96,71.66,65.53
30.56,30.56,32.96,71.99,69.14
29.65,29.65,22.47,71.99,67.39
29.57,29.57,18.15,72.57,68.38
28.96,28.96,20.32,70.80,67.55
28.35,28.35,22.42,70.90,67.14
28.10,28.10,16.98,71.33,68.08
28.69,28.69,21.64,71.86,66.97
29.94,29.94,30.59,71.04,66.58
24.62,24.62,46.58,70.46,66.21
17.19,17.19,55.41,71.51,63.42
17.20,17.20,70.53,70.51,62.14
6.34,6.34,75.61,68.68,60.35
11.14,11.14,67.07,69.77,63.69
16.63,16.63,62.43,71.29,63.15
24.58,24.58,55.37,72.61,63.87
29.78,29.78,51.38,70.92,62.66
33.58,33.58,45.37,71.59,62.09
33.50,33.50,44.12,71.42,62.84
35.11,35.11,43.15,70.76,60.92
32.09,32.09,38.58,71.52,61.81
27.33,27.33,37.91,69.37,61.81
26.31,26.31,47.55,70.92,62.22
23.65,23.65,49.08,70.30,58.54
18.40,18.40,41.72,64.31,67.85
15.87,15.87,35.20,68.38,74.73
15.62,15.62,35.71,68.87,73.10
16.66,16.66,44.61,66.62,71.43
20.58,20.58,56.79,69.21,71.42
24.21,24.21,69.11,66.67,72.08
25.90,25.90,58.07,70.16,69.85
24.96,24.96,52.04,69.56,71.36
24.83,24.83,48.89,67.28,69.03
22.24,22.24,49.23,70.61,70.04
22.37,22.37,47.14,69.54,69.05
21.11,21.11,64.30,69.62,67.05
19.06,19.06,59.81,69.38,69.67
24.30,24.30,53.54,69.59,70.10
26.12,26.12,48.53,70.96,70.25
28.21,28.21,43.87,70.29,70.42
27.30,27.30,36.59,69.59,69.40
27.53,27.53,30.26,71.03,69.11
26.21,26.21,27.33,70.76,68.97
26.52,26.52,25.88,70.37,67.07
22.43,22.43,26.77,68.24,67.85
21.95,21.95,34.06,69.22,67.20
30.45,30.45,54.15,70.29,66.42
33.15,33.15,50.12,70.16,65.30
34.97,34.97,42.05,70.73,64.69
36.37,36.37,33.34,69.98,64.86
35.63,35.63,27.80,69.90,63.68
32.93,32.93,22.53,70.43,63.61
37.67,37.67,26.64,66.44,64.30
36.99,36.99,21.49,69.34,67.26
37.23,37.23,20.18,69.80,65.17
36.02,36.02,30.37,68.90,64.92
33.23,33.23,41.81,68.59,66.45
25.99,25.99,57.49,68.26,63.51
21.89,21.89,65.81,69.74,60.97
9.88,9.88,75.61,69.68,68.80
20.02,20.02,67.01,67.26,73.18
21.09,21.09,59.78,68.79,71.32
21.91,21.91,53.99,69.05,71.73
25.24,25.24,48.07,67.70,71.11
24.29,24.29,41.83,68.43,71.63
24.64,24.64,37.25,68.21,70.91
26.62,26.62,39.00,68.87,71.30
31.58,31.58,36.94,65.81,71.75
25.29,25.29,32.80,64.60,70.10
24.62,24.62,52.09,65.03,71.45
25.74,25.74,53.84,61.17,71.46
25.70,25.70,45.81,62.57,70.85
27.32,27.32,38.78,58.08,71.73
26.65,26.65,43.68,53.59,70.90
28.06,28.06,54.50,55.10,70.26
29.48,29.48,54.44,53.93,69.47
31.62,31.62,55.61,47.39,68.30
32.36,32.36,53.71,39.58,69.23
32.37,32.37,49.36,41.85,69.57
29.35,29.35,41.99,36.16,67.80
23.03,23.03,39.30,39.03,67.73
19.78,19.78,52.40,51.53,68.01
21.11,21.11,71.92,63.78,66.94
17.70,17.70,77.96,64.93,67.84
20.76,20.76,82.78,70.22,66.97
26.04,26.04,71.44,73.25,69.13
28.60,28.60,64.03,73.34,67.99
29.64,29.64,61.80,75.59,67.35
30.06,30.06,59.09,77.42,67.20
30.10,30.10,50.36,75.66,65.41
28.87,28.87,44.70,76.01,71.56
27.82,27.82,53.36,75.31,66.51
24.19,24.19,49.78,77.07,69.43
18.91,18.91,68.30,74.37,67.47
25.97,25.97,76.66,73.89,66.97
20.42,20.42,83.11,72.73,69.28
22.38,22.38,72.35,75.15,72.20
21.51,21.51,66.63,75.01,72.87
19.39,19.39,62.30,73.77,70.69
19.85,19.85,54.13,75.05,71.28
21.05,21.05,53.92,74.30,71.92
22.44,22.44,51.15,75.11,71.73
21.98,21.98,41.93,73.29,70.28
21.81,21.81,34.02,75.63,70.99
19.62,19.62,44.72,74.08,69.57
12.48,12.48,52.66,75.40,69.57
19.89,19.89,63.17,74.27,69.93
12.57,12.57,77.75,73.73,70.19
11.35,11.35,69.93,74.36,70.05
14.93,14.93,63.73,74.83,69.68
20.45,20.45,58.51,74.10,67.66
26.03,26.03,53.36,74.89,68.04
29.02,29.02,46.56,74.31,68.87
30.57,30.57,39.66,73.95,67.54
32.86,32.86,34.55,73.57,66.83
29.40,29.40,28.85,73.69,66.14
27.70,27.70,28.27,73.90,65.58
28.44,28.44,39.56,73.18,66.68
32.58,32.58,54.28,73.72,66.25
34.00,34.00,47.81,72.62,66.96
34.70,34.70,41.78,73.42,67.25
30.17,30.17,42.97,72.28,64.55
23.77,23.77,54.49,73.48,66.53
24.93,24.93,66.61,72.70,68.12
20.69,20.69,63.09,71.78,66.96
25.22,25.22,56.85,72.44,67.22
27.34,27.34,50.82,71.64,64.15
28.02,28.02,47.83,72.34,66.22
22.27,22.27,44.64,71.23,61.07
19.77,19.77,54.52,73.02,66.03
15.47,15.47,61.54,71.36,62.09
18.04,18.04,57.17,73.45,70.90
20.78,20.78,49.78,70.90,73.44
21.98,21.98,42.50,72.43,72.11
22.65,22.65,35.90,72.03,71.66
23.30,23.30,26.30,71.76,70.79
24.81,24.81,20.85,70.91,71.77
25.41,25.41,17.40,71.80,71.54
24.89,24.89,18.04,71.34,69.73
24.92,24.92,33.56,71.34,70.80
22.74,22.74,36.33,71.30,70.25
30.86,30.86,50.37,70.24,68.98
30.63,30.63,49.73,71.69,71.39
33.17,33.17,43.43,70.94,71.12
33.41,33.41,33.23,70.38,70.56
33.62,33.62,25.57,70.54,69.66
35.87,35.87,20.06,70.04,71.16
32.81,32.81,15.23,70.51,70.33
31.26,31.26,14.95,69.88,70.03
34.12,34.12,22.92,68.30,70.14
32.77,32.77,32.90,68.72,70.06
26.85,26.85,45.70,69.11,69.08
18.92,18.92,54.89,68.54,67.41
18.53,18.53,69.62,68.02,65.50
12.51,12.51,72.98,65.20,64.58
13.53,13.53,65.68,68.60,65.29
18.57,18.57,59.57,65.97,67.80
25.20,25.20,54.19,67.91,65.82
27.57,27.57,47.06,65.19,67.51
29.69,29.69,40.82,67.41,67.69
30.34,30.34,34.14,66.18,65.86
29.72,29.72,29.35,66.20,65.60
29.88,29.88,32.07,66.01,65.28
27.14,27.14,33.15,66.44,66.54
29.86,29.86,42.19,66.91,63.01
28.73,28.73,51.74,65.86,64.51
24.49,24.49,44.03,66.70,66.35
23.83,23.83,35.98,62.99,72.74
20.36,20.36,39.31,67.03,73.29
17.68,17.68,52.53,65.96,71.56
22.33,22.33,61.24,66.07,73.07
26.25,26.25,61.19,65.60,71.02
25.61,25.61,56.27,66.17,72.07
25.03,25.03,52.29,66.05,71.61
22.15,22.15,48.54,65.31,71.88
18.13,18.13,45.61,65.13,71.08
22.22,22.22,55.78,65.40,70.22
19.82,19.82,64.58,64.86,70.19
20.82,20.82,59.37,63.19,71.10
22.99,22.99,53.73,64.16,70.95
26.98,26.98,49.31,65.16,70.50
29.83,29.83,44.46,63.33,70.79
29.87,29.87,37.31,65.41,69.15
29.53,29.53,27.80,62.49,68.92
31.57,31.57,25.31,65.38,70.55
31.75,31.75,24.82,65.66,70.21
27.37,27.37,27.05,64.37,69.32
31.38,31.38,43.15,62.31,68.36
31.51,31.51,53.25,62.98,69.19
32.03,32.03,46.50,66.91,70.58
31.82,31.82,39.31,63.42,69.72
30.68,30.68,30.86,62.33,69.85
31.42,31.42,25.87,62.60,69.52
31.16,31.16,21.11,63.43,68.02
30.44,30.44,18.31,62.58,70.11
29.78,29.78,19.67,63.49,69.16
29.33,29.33,28.41,61.71,68.69
26.42,26.42,46.59,62.25,68.76
19.35,19.35,56.01,61.60,66.46
10.93,10.93,62.66,61.90,65.68
11.36,11.36,74.37,63.03,69.05
10.76,10.76,66.84,63.01,66.11
17.21,17.21,62.18,62.56,73.77
21.04,21.04,55.39,61.80,72.73
23.56,23.56,50.20,61.94,74.20
24.08,24.08,43.54,58.32,72.59
23.29,23.29,37.17,60.44,72.56
22.94,22.94,29.53,58.70,71.60
23.70,23.70,28.36,61.76,71.94
20.20,20.20,37.54,57.59,72.71
21.88,21.88,39.08,58.41,70.78
28.15,28.15,53.34,58.59,71.34
27.30,27.30,48.16,60.52,71.90
27.44,27.44,41.91,56.44,71.56
28.36,28.36,36.80,57.14,70.90
25.42,25.42,43.80,58.38,69.10
23.91,23.91,55.71,56.35,70.09
28.33,28.33,61.96,55.90,68.24
29.05,29.05,59.23,53.74,69.09
30.67,30.67,51.55,59.80,68.72
29.32,29.32,47.40,57.43,68.62
25.75,25.75,41.71,57.63,68.94
22.05,22.05,45.26,58.21,69.97
23.50,23.50,62.30,62.01,69.18
20.53,20.53,62.81,61.75,66.78
24.22,24.22,58.30,58.33,69.96
28.49,28.49,52.13,56.93,67.14
30.30,30.30,46.05,55.68,67.60
30.14,30.14,38.68,59.93,69.92
29.55,29.55,30.46,56.88,69.33
29.00,29.00,25.50,57.11,69.89
29.31,29.31,24.96,56.85,66.95
27.53,27.53,25.65,56.72,69.82
28.19,28.19,30.82,60.49,64.96
27.84,27.84,41.22,55.66,64.09
27.99,27.99,49.08,56.37,64.65
24.31,24.31,40.53,54.11,71.63
24.51,24.51,31.84,56.99,72.76
20.93,20.93,22.67,55.62,71.09
22.25,22.25,21.97,57.34,71.67
24.87,24.87,22.20,56.08,71.79
24.41,24.41,27.86,56.74,71.64
24.33,24.33,33.40,55.92,71.77
24.15,24.15,35.81,54.50,71.44
23.73,23.73,39.48,57.89,71.31
18.86,18.86,45.77,56.66,69.89
10.26,10.26,60.26,59.21,70.07
15.39,15.39,71.98,59.34,70.43
8.67,8.67,71.15,54.28,70.94
13.30,13.30,65.53,54.97,69.48
19.87,19.87,59.54,50.86,70.43
25.39,25.39,53.55,54.91,69.99
28.01,28.01,47.06,54.93,70.06
30.31,30.31,40.77,57.81,69.10
29.41,29.41,38.41,56.33,69.35
28.01,28.01,35.48,55.88,69.08
25.41,25.41,34.14,55.45,69.30
31.70,31.70,49.04,54.59,68.77
31.79,31.79,52.88,52.55,68.44
34.20,34.20,45.58,57.77,67.28
31.93,31.93,44.54,56.66,69.40
23.42,23.42,48.86,58.21,67.04
20.70,20.70,61.47,56.33,66.77
17.94,17.94,74.02,58.81,65.76
17.14,17.14,65.67,59.57,63.36
20.55,20.55,58.89,60.40,67.69
24.17,24.17,52.59,60.42,65.62
23.52,23.52,52.06,58.75,67.23
19.77,19.77,53.38,58.79,62.01
16.07,16.07,57.95,57.68,66.28
13.79,13.79,81.29,58.92,59.13
12.70,12.70,82.79,61.24,59.15
17.91,17.91,71.93,64.00,71.32
18.89,18.89,66.66,62.15,72.19
19.42,19.42,61.10,58.98,72.43
22.18,22.18,57.60,58.20,70.55
22.96,22.96,54.30,60.45,72.36
22.54,22.54,52.48,60.69,71.03
23.47,23.47,46.59,55.54,71.31
21.76,21.76,46.12,58.92,70.80
22.48,22.48,48.71,58.59,68.79
24.47,24.47,50.61,60.06,70.54
28.83,28.83,55.87,59.77,69.18
27.79,27.79,51.42,61.90,70.15
28.03,28.03,45.80,60.62,68.72
26.19,26.19,40.39,59.35,69.13
24.43,24.43,39.48,58.51,68.42
23.13,23.13,32.72,57.58,69.38
23.87,23.87,27.29,59.49,67.82
26.12,26.12,37.80,55.50,68.25
23.07,23.07,46.19,51.73,66.67
19.26,19.26,50.84,50.50,66.95
11.96,11.96,60.87,48.87,65.79
14.76,14.76,63.94,56.10,67.36
13.56,13.56,74.35,53.98,68.94
10.12,10.12,67.38,61.45,66.19
14.61,14.61,61.95,62.19,66.96
22.27,22.27,56.72,63.26,67.40
29.29,29.29,52.88,61.72,68.19
29.49,29.49,46.28,61.51,70.65
29.00,29.00,36.61,60.39,65.01
28.98,28.98,32.90,61.28,69.20
29.25,29.25,33.21,60.96,65.80
31.69,31.69,33.28,61.80,66.84
25.41,25.41,39.61,61.90,65.21
25.82,25.82,51.42,61.22,65.36
23.39,23.39,50.40,61.39,67.53
24.06,24.06,43.00,59.72,70.29
22.67,22.67,37.09,61.10,73.50
20.49,20.49,44.23,60.73,71.41
19.36,19.36,53.73,60.82,71.07
24.51,24.51,53.77,59.55,72.52
27.43,27.43,59.03,60.52,71.03
30.00,30.00,53.36,61.08,70.83
28.92,28.92,50.12,61.69,70.28
25.01,25.01,44.25,61.92,70.45
22.70,22.70,41.05,60.40,70.47
22.80,22.80,53.05,59.56,70.30
19.11,19.11,63.31,55.48,69.54
21.72,21.72,58.50,57.49,70.07
27.55,27.55,53.02,57.28,70.31
29.65,29.65,46.70,55.49,68.08
30.81,30.81,39.30,57.30,69.39
30.70,30.70,31.37,55.43,68.61
30.46,30.46,33.00,55.92,68.46
28.63,28.63,39.96,52.86,69.62
24.67,24.67,35.60,50.91,69.66
21.04,21.04,30.45,51.36,69.04
19.67,19.67,41.32,51.21,69.33
28.63,28.63,54.53,60.36,69.84
25.61,25.61,48.73,58.77,69.90
29.79,29.79,40.48,60.54,69.55
29.81,29.81,31.90,60.19,67.93
31.37,31.37,26.54,60.71,69.93
30.78,30.78,26.99,60.61,69.78
32.72,32.72,36.13,60.96,68.41
32.19,32.19,36.48,61.24,70.71
30.69,30.69,35.26,61.08,68.38
29.21,29.21,39.85,61.12,68.74
21.92,21.92,51.85,60.44,66.25
14.45,14.45,61.91,59.76,64.75
19.41,19.41,68.14,57.90,62.83
12.10,12.10,71.20,59.98,69.43
14.31,14.31,62.93,62.19,75.51
19.39,19.39,59.13,63.10,74.36
22.97,22.97,53.96,61.62,73.93
25.72,25.72,47.38,60.78,73.79
27.56,27.56,41.31,62.02,73.42
26.67,26.67,34.99,61.76,72.48
24.69,24.69,30.48,61.99,72.81
26.83,26.83,35.43,61.76,72.97
24.17,24.17,38.70,61.38,72.60
26.45,26.45,45.78,60.52,72.57
26.65,26.65,53.99,61.87,71.40
27.28,27.28,48.15,61.87,70.55
26.75,26.75,42.70,61.93,71.16
27.68,27.68,45.00,62.43,71.68
27.34,27.34,54.11,61.19,71.26
29.77,29.77,62.90,61.75,71.20
31.57,31.57,57.53,59.82,71.97
31.67,31.67,50.07,60.70,68.53
30.16,30.16,43.77,52.64,70.96
26.84,26.84,41.04,46.89,71.06
23.95,23.95,39.78,49.19,71.39
29.04,29.04,53.06,48.18,71.09
27.39,27.39,63.39,54.92,70.66
25.68,25.68,58.08,61.22,70.45
28.43,28.43,52.32,61.62,68.72
29.71,29.71,46.86,59.73,72.42
30.83,30.83,37.48,61.03,70.61
31.29,31.29,30.01,61.10,70.10
30.68,30.68,24.25,61.13,68.60
28.77,28.77,22.03,61.05,69.09
27.92,27.92,24.82,61.33,69.23
26.55,26.55,29.48,62.19,62.48
23.69,23.69,36.64,62.24,68.65
27.68,27.68,50.84,61.90,63.92
24.64,24.64,43.75,61.95,73.92
23.49,23.49,34.36,61.95,72.83
23.04,23.04,29.75,61.36,71.65
22.25,22.25,40.56,62.00,71.59
23.46,23.46,38.71,61.70,71.41
25.77,25.77,37.53,61.91,70.14
25.40,25.40,36.39,61.58,71.94
24.77,24.77,32.49,61.08,71.19
24.47,24.47,38.19,60.96,71.01
19.47,19.47,44.92,61.46,70.72
11.27,11.27,54.66,59.65,69.02
18.50,18.50,72.91,54.70,69.48
8.99,8.99,71.65,49.76,68.87
14.86,14.86,65.87,51.54,67.73
21.69,21.69,59.86,56.23,68.37
26.55,26.55,53.68,54.58,68.22
30.46,30.46,46.39,53.70,68.45
31.65,31.65,38.92,55.82,67.26
33.85,33.85,37.81,55.17,68.08
34.21,34.21,45.65,46.92,67.66
28.42,28.42,42.10,39.30,67.75
26.94,26.94,32.51,39.76,66.85
29.87,29.87,37.04,36.65,66.97
34.98,34.98,46.13,48.44,66.28
35.68,35.68,41.75,61.18,70.34
32.05,32.05,41.86,61.21,70.37
26.62,26.62,45.94,61.19,68.63
21.96,21.96,62.24,62.14,67.20
22.82,22.82,68.27,62.41,70.91
23.49,23.49,61.06,61.89,64.59
25.63,25.63,54.66,62.38,66.94
27.87,27.87,50.44,62.25,66.42
26.22,26.22,47.26,62.40,68.10
20.05,20.05,47.90,62.38,64.60
20.83,20.83,60.26,62.12,65.23
14.75,14.75,63.13,62.73,66.05
17.89,17.89,58.05,63.34,67.56
20.19,20.19,51.41,62.50,74.30
22.29,22.29,46.11,61.39,72.15
24.16,24.16,39.81,61.88,72.56
23.22,23.22,31.98,61.40,72.43
22.76,22.76,28.99,61.63,71.26
24.21,24.21,31.65,61.11,72.27
22.65,22.65,31.05,60.52,70.94
24.48,24.48,35.43,61.19,72.38
29.06,29.06,43.93,60.83,70.35
26.92,26.92,44.67,61.26,71.03
26.58,26.58,35.43,62.12,71.71
29.65,29.65,28.86,61.62,71.23
32.02,32.02,23.33,60.46,70.90
31.14,31.14,27.89,60.07,69.94
32.26,32.26,31.97,59.53,70.53
29.75,29.75,36.15,59.88,69.49
33.41,33.41,32.32,60.24,69.78
31.79,31.79,40.07,60.08,68.86
26.39,26.39,47.31,58.61,68.41
17.31,17.31,54.54,50.86,67.96
15.10,15.10,65.61,52.71,67.33
13.85,13.85,75.42,53.22,68.37
11.05,11.05,68.81,57.70,69.08
13.31,13.31,63.10,58.00,68.57
21.50,21.50,58.24,52.82,65.41
29.86,29.86,52.18,48.80,66.81
41.81,41.81,46.73,43.94,65.66
47.92,47.92,40.26,44.41,65.43
54.34,54.34,34.60,40.41,66.20
55.33,55.33,40.83,44.37,66.48
56.73,56.73,39.60,38.82,67.16
54.94,54.94,51.51,41.90,67.31
49.67,49.67,50.99,37.43,68.48
42.97,42.97,43.71,36.09,65.84
35.54,35.54,44.01,37.35,70.56
28.08,28.08,41.76,31.37,77.62
32.21,32.21,50.71,25.46,76.77
30.53,30.53,71.14,26.41,75.64
37.22,37.22,60.48,16.23,75.70
26.93,26.93,56.49,18.19,75.21
26.43,26.43,51.16,25.06,74.01
25.11,25.11,45.70,32.97,73.30
23.39,23.39,41.44,40.24,73.13
23.39,23.39,51.00,52.96,72.54
29.37,29.37,65.34,69.12,72.59
28.12,28.12,79.22,73.62,70.41
23.06,23.06,79.20,75.79,71.69
22.01,22.01,73.09,74.79,72.23
22.60,22.60,66.10,75.89,70.72
24.92,24.92,59.22,76.86,69.74
23.24,23.24,60.20,76.14,68.93
24.49,24.49,51.17,76.83,68.76
30.81,30.81,45.42,76.14,70.48
25.13,25.13,45.53,75.98,68.68
27.00,27.00,53.09,76.88,68.21
21.88,21.88,60.85,75.37,67.82
25.35,25.35,76.54,75.39,66.08
23.24,23.24,82.06,73.96,65.89
25.88,25.88,73.49,75.11,66.94
27.66,27.66,65.43,74.25,66.49
29.09,29.09,68.24,74.66,66.25
32.03,32.03,64.88,75.93,66.40
32.12,32.12,55.78,74.80,66.83
33.29,33.29,54.37,75.61,65.45
35.95,35.95,47.82,75.74,65.32
39.92,39.92,42.71,74.80,62.23
35.56,35.56,47.85,75.77,60.53
23.15,23.15,56.04,74.67,55.10
14.60,14.60,67.02,73.97,54.60
9.78,9.78,73.81,74.01,65.11
13.76,13.76,65.68,74.77,74.13
18.43,18.43,60.79,73.86,73.52
23.94,23.94,56.45,73.29,73.39
24.83,24.83,51.32,74.80,72.53
27.16,27.16,44.10,74.61,72.47
27.82,27.82,40.93,74.15,72.17
27.03,27.03,37.25,74.70,71.25
27.36,27.36,31.52,73.53,71.05
29.88,29.88,34.34,73.49,71.12
31.69,31.69,34.64,74.22,70.31
35.65,35.65,51.70,73.35,69.68
38.68,38.68,52.32,73.46,70.12
40.12,40.12,43.23,74.70,70.75
38.22,38.22,41.29,73.39,71.45
32.02,32.02,54.95,72.58,70.74
28.66,28.66,60.33,72.49,68.78
27.38,27.38,68.44,73.15,68.82
27.84,27.84,60.00,72.69,69.56
29.50,29.50,54.62,73.97,69.32
30.10,30.10,46.19,72.89,68.27
26.78,26.78,41.24,72.59,67.86
26.72,26.72,42.91,73.45,68.38
25.57,25.57,58.78,72.73,66.97
23.02,23.02,64.39,72.72,66.74
20.08,20.08,59.51,72.69,68.23
26.93,26.93,55.27,72.92,67.25
30.42,30.42,50.35,71.94,67.34
31.87,31.87,43.79,72.15,65.60
31.43,31.43,37.48,72.93,65.45
32.87,32.87,33.10,71.93,66.56
34.23,34.23,31.19,72.40,65.90
35.28,35.28,35.31,72.17,64.80
25.54,25.54,28.99,71.22,64.27
23.49,23.49,39.15,72.49,63.95
27.86,27.86,51.38,72.31,70.95
26.34,26.34,42.97,71.28,72.59
24.62,24.62,34.57,71.25,71.84
25.58,25.58,27.45,72.30,71.38
26.36,26.36,23.64,71.19,71.19
26.95,26.95,20.09,71.06,71.52
27.72,27.72,24.12,72.12,70.83
30.48,30.48,25.05,70.87,70.00
30.37,30.37,41.07,71.07,70.19
25.46,25.46,53.87,71.74,69.98
17.23,17.23,60.08,70.70,69.18
17.51,17.51,70.27,71.58,68.57
12.97,12.97,70.18,70.88,67.90
19.71,19.71,65.28,68.96,69.11
22.26,22.26,59.58,69.79,71.03
27.06,27.06,54.38,71.20,70.97
28.82,28.82,46.87,70.16,70.23
29.36,29.36,41.04,69.97,69.77
29.66,29.66,43.42,70.58,69.72
30.03,30.03,46.19,70.24,69.70
28.17,28.17,37.00,69.76,67.23
26.64,26.64,33.97,70.95,66.98
31.55,31.55,43.94,69.47,66.93
34.58,34.58,52.88,69.04,67.92
37.86,37.86,50.06,70.16,67.71
39.38,39.38,41.68,68.57,67.36
37.37,37.37,49.53,68.90,67.55
29.99,29.99,57.14,69.43,67.51
26.48,26.48,65.78,67.28,67.43
24.66,24.66,69.14,68.49,65.82
23.05,23.05,62.15,68.83,64.92
28.66,28.66,59.95,69.15,65.63
28.95,28.95,56.22,68.20,64.82
23.49,23.49,50.57,69.43,64.87
17.55,17.55,56.03,68.42,63.56
22.25,22.25,63.37,67.88,74.32
22.69,22.69,62.27,67.81,73.71
24.56,24.56,55.11,66.80,73.68
25.90,25.90,50.11,67.27,73.86
27.83,27.83,41.71,68.12,73.75
27.74,27.74,35.09,67.67,72.99
29.55,29.55,33.63,67.15,72.88
30.24,30.24,30.21,67.40,72.65
31.28,31.28,36.71,68.17,72.31
28.84,28.84,30.79,67.08,71.93
27.31,27.31,36.60,68.24,71.95
32.25,32.25,48.34,68.55,71.58
29.84,29.84,47.17,67.41,72.07
27.24,27.24,38.31,67.30,71.74
26.92,26.92,27.63,66.46,71.37
29.70,29.70,24.58,66.45,71.41
28.70,28.70,27.24,66.98,71.54
28.36,28.36,25.96,67.54,70.50
30.75,30.75,26.99,67.23,70.12
30.94,30.94,27.09,64.81,68.66
29.60,29.60,27.14,67.76,70.09
23.42,23.42,38.09,66.40,68.07
20.05,20.05,48.47,68.23,67.36
22.72,22.72,67.14,68.31,66.99
11.66,11.66,75.80,65.68,66.63
11.24,11.24,67.72,66.83,67.86
17.30,17.30,63.84,64.93,66.35
26.22,26.22,60.81,65.57,67.25
29.75,29.75,53.33,65.45,67.54
33.59,33.59,47.25,66.82,68.25
34.03,34.03,40.84,65.79,67.89
34.27,34.27,40.23,66.29,67.00
34.59,34.59,40.24,67.08,65.73
28.47,28.47,32.15,66.32,64.92
24.00,24.00,35.57,66.62,64.46
29.97,29.97,51.89,67.31,63.95
26.86,26.86,46.28,67.20,75.71
26.02,26.02,37.79,66.40,75.44
23.64,23.64,38.12,65.49,74.89
18.89,18.89,49.88,64.69,74.67
19.48,19.48,58.37,64.79,74.03
21.39,21.39,71.35,65.87,73.98
22.84,22.84,64.27,65.20,73.32
23.32,23.32,58.40,65.26,72.91
22.77,22.77,55.09,66.42,72.87
20.27,20.27,52.07,65.23,73.30
22.60,22.60,51.18,66.64,72.81
25.99,25.99,63.36,66.47,72.01
25.32,25.32,58.23,64.41,70.96
25.46,25.46,51.34,64.95,71.06
30.51,30.51,45.53,65.05,70.75
30.88,30.88,39.02,64.83,70.16
32.10,32.10,32.49,64.95,70.21
31.06,31.06,32.95,66.20,70.50
29.25,29.25,35.77,64.92,70.99
29.37,29.37,34.84,64.81,69.46
25.70,25.70,28.73,65.01,69.15
26.39,26.39,31.96,65.27,69.37
33.06,33.06,51.07,64.68,68.62
32.10,32.10,48.92,66.64,69.89
29.66,29.66,39.40,63.45,70.06
31.02,31.02,30.12,64.80,69.85
32.28,32.28,24.58,64.55,69.77
33.76,33.76,21.80,63.72,69.45
31.82,31.82,20.83,63.89,69.09
31.92,31.92,23.15,64.78,69.16
31.49,31.49,20.65,64.05,69.69
32.05,32.05,30.31,63.57,68.94
32.16,32.16,48.18,63.96,65.20
21.91,21.91,56.99,64.41,60.52
13.85,13.85,65.48,64.96,59.66
12.99,12.99,77.05,65.92,62.45
15.48,15.48,67.47,61.54,65.37
19.42,19.42,62.31,61.83,77.06
22.59,22.59,56.37,63.32,77.30
25.08,25.08,49.77,62.64,75.92
25.49,25.49,44.14,62.57,75.75
24.32,24.32,37.85,63.54,75.64
24.23,24.23,37.40,62.64,75.34
25.14,25.14,34.80,61.77,75.01
26.90,26.90,38.01,61.45,74.66
33.91,33.91,45.84,63.57,74.26
36.50,36.50,52.43,62.42,74.13
39.12,39.12,47.42,60.01,74.05
35.68,35.68,45.56,61.46,73.04
30.39,30.39,51.07,61.24,72.20
26.65,26.65,59.73,62.68,73.92
29.59,29.59,69.67,61.67,73.00
27.79,27.79,60.09,61.61,71.68
28.80,28.80,55.85,64.01,71.95
29.22,29.22,48.59,60.22,72.56
27.40,27.40,43.89,60.21,72.03
23.38,23.38,50.77,58.32,70.96
19.28,19.28,62.09,53.32,70.82
20.78,20.78,77.47,52.73,69.63
17.98,17.98,82.10,46.74,69.85
20.76,20.76,69.86,50.57,69.53
26.94,26.94,66.19,57.42,68.69
29.79,29.79,62.78,58.80,68.86
31.76,31.76,55.73,59.51,69.72
32.03,32.03,54.12,59.69,68.83
32.59,32.59,45.56,59.86,68.63
32.41,32.41,51.36,58.09,68.59
32.05,32.05,56.16,56.44,68.51
32.67,32.67,54.51,57.89,65.94
34.05,34.05,53.36,59.75,63.38
27.77,27.77,50.74,57.59,64.69
28.41,28.41,47.17,52.59,76.12
28.24,28.24,42.07,53.66,76.05
26.03,26.03,33.49,53.60,75.81
24.50,24.50,29.26,56.27,75.56
24.05,24.05,33.52,56.68,75.22
24.51,24.51,34.18,56.14,74.61
27.01,27.01,26.95,55.06,74.35
26.41,26.41,32.68,54.42,74.62
25.76,25.76,47.00,55.74,73.91
24.09,24.09,57.42,57.82,73.57
19.69,19.69,64.79,61.63,72.92
12.89,12.89,73.89,61.27,72.42
15.55,15.55,65.77,56.96,72.25
20.72,20.72,60.96,57.19,72.17
26.37,26.37,55.38,54.92,71.90
29.41,29.41,50.08,58.06,72.33
31.44,31.44,46.90,59.15,72.18
32.51,32.51,45.96,58.08,71.13
31.13,31.13,41.24,57.30,70.24
27.98,27.98,35.73,56.97,71.15
24.74,24.74,42.49,56.79,70.70
26.85,26.85,43.58,55.48,69.81
31.29,31.29,57.79,56.62,68.89
31.03,31.03,51.77,58.51,70.80
32.11,32.11,43.65,57.81,70.04
30.65,30.65,50.43,57.64,69.94
25.81,25.81,56.65,58.38,68.28
24.32,24.32,65.48,57.91,67.72
23.27,23.27,64.32,59.10,68.93
25.50,25.50,57.47,57.43,67.22
28.87,28.87,53.18,57.24,68.16
32.14,32.14,50.26,57.92,67.05
28.07,28.07,45.97,57.68,64.14
20.94,20.94,43.11,57.49,63.15
20.95,20.95,61.28,58.01,64.37
21.32,21.32,60.78,56.39,71.26
22.96,22.96,54.46,58.92,75.90
24.31,24.31,48.58,57.12,75.45
26.07,26.07,41.11,58.01,74.95
26.34,26.34,35.70,58.21,74.17
26.16,26.16,30.61,59.49,73.80
28.31,28.31,28.46,58.59,74.09
30.99,30.99,31.62,57.21,73.24
30.22,30.22,31.73,57.67,72.62
28.28,28.28,27.00,58.71,72.78
34.12,34.12,45.28,57.45,72.54
34.47,34.47,45.19,57.51,71.54
33.58,33.58,36.50,53.44,73.62
31.03,31.03,26.93,57.71,72.92
29.56,29.56,23.36,57.95,71.84
28.84,28.84,24.13,59.68,71.49
28.37,28.37,24.49,58.91,71.65
29.59,29.59,25.69,59.39,71.62
30.62,30.62,26.49,58.37,70.97
32.99,32.99,34.79,58.82,70.20
28.43,28.43,36.96,56.72,69.86
21.19,21.19,52.67,58.65,70.25
21.74,21.74,64.53,59.69,69.34
9.08,9.08,72.91,60.53,69.85
10.07,10.07,65.76,57.79,68.71
16.80,16.80,62.39,56.83,68.74
23.69,23.69,56.35,57.65,67.60
27.47,27.47,50.12,58.16,69.84
30.61,30.61,43.27,57.01,69.37
32.96,32.96,37.63,57.29,68.23
32.55,32.55,34.39,58.37,68.81
32.96,32.96,31.97,56.61,68.52
31.11,31.11,36.51,56.80,67.99
27.24,27.24,39.77,57.48,66.58
28.08,28.08,54.08,56.42,66.13
26.71,26.71,48.13,53.93,66.11
27.55,27.55,40.79,51.09,76.73
24.49,24.49,47.37,56.17,75.86
21.94,21.94,57.75,54.33,74.63
24.60,24.60,65.34,54.38,74.09
24.25,24.25,60.63,56.14,74.39
26.42,26.42,56.06,54.82,73.78
28.26,28.26,50.81,56.41,73.44
28.92,28.92,44.70,54.53,74.12
25.06,25.06,40.67,54.30,73.22
20.84,20.84,44.21,54.01,72.86
25.80,25.80,62.36,53.02,72.44
27.56,27.56,59.56,51.83,72.75
29.55,29.55,53.69,50.88,73.35
28.79,28.79,46.96,54.34,72.05
29.62,29.62,41.03,51.88,71.99
30.57,30.57,33.63,52.20,71.81
30.24,30.24,27.23,54.71,72.22
28.85,28.85,23.66,54.25,71.65
29.06,29.06,32.13,53.48,70.79
29.51,29.51,28.10,56.50,69.43
26.39,26.39,27.43,51.29,70.88
30.57,30.57,41.31,52.45,69.13
31.43,31.43,49.89,52.54,68.39
29.33,29.33,44.08,52.96,70.14
29.79,29.79,34.33,47.92,69.78
31.01,31.01,27.40,51.36,70.69
33.37,33.37,21.52,52.18,69.02
32.91,32.91,21.48,51.73,68.04
31.84,31.84,20.59,52.58,68.33
31.20,31.20,28.20,52.86,67.82
28.99,28.99,43.15,52.86,67.17
23.93,23.93,58.36,52.01,66.86
17.74,17.74,65.81,51.55,64.15
17.72,17.72,77.41,51.71,66.39
22.93,22.93,67.76,53.98,70.42
26.71,26.71,63.74,50.36,77.42
25.41,25.41,56.35,52.24,77.06
27.60,27.60,49.47,51.66,76.11
27.48,27.48,43.64,51.08,75.89
27.82,27.82,39.91,50.27,75.77
27.17,27.17,37.46,51.07,75.81
28.08,28.08,41.06,51.87,74.75
31.25,31.25,41.34,50.30,74.48
32.12,32.12,38.94,51.88,74.58
32.25,32.25,47.40,49.97,74.44
31.85,31.85,50.87,52.59,73.09
31.86,31.86,43.85,53.72,73.81
29.64,29.64,44.52,50.19,73.23
25.26,25.26,46.81,48.55,72.39
27.92,27.92,64.64,47.55,73.53
26.44,26.44,60.32,49.43,73.45
28.72,28.72,57.96,47.98,72.28
29.23,29.23,56.18,47.20,71.57
28.37,28.37,44.17,45.15,70.67
25.72,25.72,42.43,50.48,71.18
24.44,24.44,41.69,51.78,70.30
26.06,26.06,59.72,52.69,70.14
21.86,21.86,62.17,50.01,69.38
25.11,25.11,56.39,49.83,69.93
29.67,29.67,49.69,51.18,69.84
32.72,32.72,43.17,49.87,69.13
31.53,31.53,35.69,48.85,69.10
30.59,30.59,36.33,49.93,68.87
31.86,31.86,40.22,48.64,69.04
32.98,32.98,42.33,48.55,69.04
33.07,33.07,41.31,49.80,68.06
35.74,35.74,41.33,46.49,67.16
33.48,33.48,42.82,40.87,64.14
26.64,26.64,52.34,33.51,65.21
22.80,22.80,45.64,34.28,64.18
28.42,28.42,45.77,40.20,74.82
27.57,27.57,35.56,25.74,75.36
24.80,24.80,37.51,20.48,74.44
25.11,25.11,37.21,14.35,74.40
26.04,26.04,36.35,7.99,74.30
26.01,26.01,36.23,5.63,73.38
29.26,29.26,34.95,2.44,73.33
26.42,26.42,48.74,6.39,73.11
18.70,18.70,56.75,19.85,72.91
18.26,18.26,61.66,41.75,72.43
16.67,16.67,77.54,54.29,72.14
8.64,8.64,66.85,66.56,72.32
15.05,15.05,63.84,70.45,71.34
20.70,20.70,57.93,76.68,70.85
23.66,23.66,51.09,76.25,71.53
26.26,26.26,44.23,74.79,70.59
28.44,28.44,40.50,76.68,70.48
26.52,26.52,41.91,76.56,69.77
29.18,29.18,41.78,75.10,69.08
26.99,26.99,42.49,76.09,69.40
27.56,27.56,46.72,77.00,69.61
34.13,34.13,56.92,73.71,68.78
33.06,33.06,50.04,72.06,68.35
31.68,31.68,44.17,75.16,67.03
34.31,34.31,41.70,78.38,67.21
28.43,28.43,51.91,76.30,65.65
21.89,21.89,62.70,75.52,65.35
22.75,22.75,72.89,75.90,58.60
19.17,19.17,65.32,75.89,55.82
21.21,21.21,60.28,74.41,58.20
23.62,23.62,58.33,75.76,60.54
22.91,22.91,59.66,74.85,58.12
18.53,18.53,61.53,69.87,54.88
14.12,14.12,76.22,72.71,58.52
13.58,13.58,79.93,72.58,68.42
15.41,15.41,72.06,76.76,73.38
19.27,19.27,66.27,76.08,73.89
21.00,21.00,64.83,74.93,73.44
23.58,23.58,56.87,75.27,72.41
24.16,24.16,46.37,74.58,73.77
23.42,23.42,51.77,75.46,73.35
24.33,24.33,46.49,75.44,72.12
22.71,22.71,46.12,75.87,73.95
21.27,21.27,46.12,73.96,73.68
16.67,16.67,66.74,73.34,71.00
16.65,16.65,78.16,72.09,70.90
13.33,13.33,82.52,70.04,73.51
19.46,19.46,73.32,72.22,75.78
25.17,25.17,65.34,73.74,71.53
30.13,30.13,64.45,72.38,74.31
30.78,30.78,59.83,72.91,75.23
28.08,28.08,58.32,72.51,71.54
30.56,30.56,58.36,73.58,73.26
35.83,35.83,54.16,73.80,71.37
36.98,36.98,42.79,72.20,73.16
32.19,32.19,44.23,71.73,74.32
23.55,23.55,52.04,67.62,63.99
17.86,17.86,68.80,60.63,73.57
8.22,8.22,72.31,73.81,70.87
9.19,9.19,66.64,78.97,67.61
17.00,17.00,63.88,75.27,74.46
26.13,26.13,56.28,76.60,73.02
33.70,33.70,49.92,76.56,72.67
37.59,37.59,45.82,76.30,73.10
37.71,37.71,44.85,76.39,70.73
35.56,35.56,41.16,76.15,74.08
36.30,36.30,32.99,75.18,72.93
31.93,31.93,37.11,76.31,71.11
26.74,26.74,39.00,75.87,72.81
27.76,27.76,55.21,76.41,72.30
25.53,25.53,47.17,75.70,74.83
28.05,28.05,45.72,75.95,73.94
29.23,29.23,50.41,76.00,72.89
33.15,33.15,60.43,76.78,76.59
31.83,31.83,68.67,76.23,75.46
24.72,24.72,62.81,75.61,74.87
24.49,24.49,58.80,75.79,74.99
25.68,25.68,50.75,75.07,72.36
25.81,25.81,48.23,74.97,75.19
30.90,30.90,48.18,74.03,71.81
27.45,27.45,51.04,73.31,71.92
22.55,22.55,63.17,70.06,73.95
22.32,22.32,58.74,73.37,74.91
22.13,22.13,53.62,72.22,73.32
24.37,24.37,47.81,75.26,75.24
24.59,24.59,43.20,76.91,74.62
24.45,24.45,38.12,74.85,73.49
26.22,26.22,33.11,72.84,72.53
30.50,30.50,29.78,77.10,74.69
30.56,30.56,29.59,75.32,74.06
29.54,29.54,33.86,75.60,73.65
23.54,23.54,42.14,75.48,73.43
25.02,25.02,52.33,76.30,70.69
24.10,24.10,50.04,74.02,71.53
25.53,25.53,43.01,75.99,70.44
26.87,26.87,35.53,74.26,70.56
28.93,28.93,30.57,74.28,71.31
27.28,27.28,22.63,76.30,72.58
31.12,31.12,20.37,75.20,73.98
31.65,31.65,18.87,75.55,73.22
33.21,33.21,23.19,75.08,71.36
33.16,33.16,35.07,76.52,73.55
29.95,29.95,49.42,74.04,72.35
20.21,20.21,59.04,75.38,69.37
18.02,18.02,70.07,74.38,69.77
13.97,13.97,71.62,67.48,74.37
16.14,16.14,64.96,77.06,75.27
19.11,19.11,59.30,77.62,77.75
19.83,19.83,53.86,74.59,72.00
25.01,25.01,48.33,77.19,77.94
26.44,26.44,41.14,75.76,76.24
27.11,27.11,40.52,78.01,72.58
29.86,29.86,42.52,75.87,77.04
27.57,27.57,37.85,75.68,72.47
25.79,25.79,44.71,76.91,73.95
24.77,24.77,49.29,77.15,75.51
24.31,24.31,56.02,74.75,69.89
23.19,23.19,49.68,76.18,75.42
23.47,23.47,44.80,76.87,71.91
23.14,23.14,48.55,76.04,75.57
25.10,25.10,51.61,76.62,73.94
27.88,27.88,64.74,74.50,74.29
29.81,29.81,58.35,76.88,74.82
29.10,29.10,52.17,76.87,74.24
28.02,28.02,45.75,75.01,71.66
28.49,28.49,39.22,76.57,75.91
24.01,24.01,39.05,75.11,72.92
22.12,22.12,46.00,77.34,72.90
23.37,23.37,64.29,74.55,71.31
20.10,20.10,60.40,74.63,75.15
23.44,23.44,56.03,74.80,77.07
25.99,25.99,48.86,77.05,75.15
27.24,27.24,42.69,74.42,75.87
30.68,30.68,37.06,76.11,74.83
33.25,33.25,32.16,76.33,76.92
35.26,35.26,30.13,75.04,75.72
36.42,36.42,29.17,76.37,74.02
34.56,34.56,28.14,73.89,76.81
30.10,30.10,31.49,77.05,74.84
28.24,28.24,41.06,75.51,74.87
25.95,25.95,49.12,75.30,76.79
26.72,26.72,40.40,75.50,74.05
32.09,32.09,31.21,75.16,76.42
31.85,31.85,28.93,76.49,74.95
31.10,31.10,27.69,75.26,74.21
32.24,32.24,25.75,74.91,75.61
29.28,29.28,24.41,74.91,76.72
30.03,30.03,25.80,76.76,75.80
29.49,29.49,39.79,74.40,76.00
25.50,25.50,52.33,76.01,71.49
15.05,15.05,58.37,75.12,75.26
15.02,15.02,70.78,74.49,70.32
9.47,9.47,73.31,75.59,73.24
8.64,8.64,64.49,74.13,74.05
15.17,15.17,59.26,76.24,69.18
22.36,22.36,54.02,75.60,75.89
26.38,26.38,48.02,75.60,78.09
26.94,26.94,41.91,74.65,76.69
27.18,27.18,37.08,75.40,76.72
24.98,24.98,36.42,75.22,71.98
22.50,22.50,39.22,75.09,79.16
23.43,23.43,37.93,74.25,76.17
27.60,27.60,49.58,74.27,76.58
26.57,26.57,51.78,75.63,75.37
25.97,25.97,47.75,73.12,74.80
25.83,25.83,42.18,75.36,78.21
25.98,25.98,38.23,74.16,72.92
23.28,23.28,43.39,74.65,78.01
20.40,20.40,50.83,74.71,76.10
25.76,25.76,57.59,73.85,75.93
29.87,29.87,56.30,75.82,78.28
29.73,29.73,51.64,74.87,76.12
26.98,26.98,44.72,74.09,77.02
22.23,22.23,42.02,73.78,73.46
20.38,20.38,47.44,75.61,73.10
17.97,17.97,64.46,74.39,76.10
14.93,14.93,60.33,74.55,73.73
19.14,19.14,54.63,73.92,73.19
21.69,21.69,47.80,75.29,78.49
24.02,24.02,41.90,75.29,74.14
24.78,24.78,35.10,72.58,73.90
24.06,24.06,27.82,74.92,76.00
25.50,25.50,26.42,74.66,74.92
27.88,27.88,31.46,74.57,75.38
25.75,25.75,33.05,74.07,75.86
22.53,22.53,34.43,73.45,75.72
28.59,28.59,51.93,75.48,74.83
25.55,25.55,48.12,74.81,77.04
25.01,25.01,38.41,73.56,71.78
23.98,23.98,31.30,73.84,77.24
24.65,24.65,30.38,75.46,76.25
26.68,26.68,26.37,73.04,75.14
32.35,32.35,17.90,74.72,78.04
33.53,33.53,18.55,72.99,73.62
33.45,33.45,24.41,75.38,77.31
34.31,34.31,26.13,74.55,76.03
31.26,31.26,45.18,73.19,76.39
23.77,23.77,54.11,74.79,74.86
20.55,20.55,60.58,73.26,74.90
17.38,17.38,74.46,72.76,75.19
12.62,12.62,65.87,73.35,77.18
18.19,18.19,62.58,74.16,75.10
22.99,22.99,56.82,74.33,76.60
25.82,25.82,50.84,74.14,74.04
26.01,26.01,46.06,72.69,75.83
24.98,24.98,39.14,74.16,76.53
25.98,25.98,40.56,75.30,74.39
26.73,26.73,40.91,72.86,77.01
20.68,20.68,36.56,74.32,73.48
20.78,20.78,45.23,73.30,74.80
20.76,20.76,55.37,75.05,76.12
21.52,21.52,50.16,73.81,73.24
22.40,22.40,41.90,74.02,76.25
20.51,20.51,44.57,74.36,77.34
18.46,18.46,54.53,74.39,76.61
23.06,23.06,67.37,73.43,75.82
21.41,21.41,62.11,72.51,77.09
21.16,21.16,57.34,74.25,73.32
24.07,24.07,52.07,73.34,75.80
25.06,25.06,45.32,74.07,77.22
20.82,20.82,43.67,72.87,71.97
21.26,21.26,53.42,74.11,77.33
19.71,19.71,68.63,73.96,73.75
14.00,14.00,81.43,72.04,74.94
16.90,16.90,77.51,72.03,77.70
22.18,22.18,68.32,72.26,73.83
23.86,23.86,59.65,73.66,76.26
24.01,24.01,58.09,73.63,73.42
26.99,26.99,48.67,73.73,76.48
30.70,30.70,44.45,73.22,77.28
32.90,32.90,49.11,73.95,71.98
34.68,34.68,47.28,73.64,75.93
31.44,31.44,49.23,73.74,74.33
29.13,29.13,48.84,74.37,73.97
25.65,25.65,53.95,73.26,76.18
26.25,26.25,49.63,74.41,77.39
26.11,26.11,45.44,71.90,76.37
25.85,25.85,39.99,74.39,76.58
26.62,26.62,32.66,75.07,76.16
28.26,28.26,34.88,73.50,76.41
29.60,29.60,33.44,73.54,77.87
29.90,29.90,35.01,73.27,75.46
28.08,28.08,36.11,75.20,75.93
27.40,27.40,44.49,72.79,74.81
20.79,20.79,56.46,73.43,76.02
17.65,17.65,61.98,73.37,77.16
12.47,12.47,74.32,73.66,74.85
4.65,4.65,67.98,72.52,78.24
12.08,12.08,61.71,72.37,79.32
17.47,17.47,55.65,74.13,76.19
21.00,21.00,49.37,73.14,77.06
22.21,22.21,43.51,73.12,76.95
21.63,21.63,40.93,72.30,75.59
20.39,20.39,39.63,74.04,79.80
19.08,19.08,38.28,73.79,74.39
18.55,18.55,33.64,73.56,76.62
17.65,17.65,38.68,72.64,78.92
20.87,20.87,50.26,73.73,77.41
21.03,21.03,53.42,74.28,76.08
21.33,21.33,44.81,72.00,78.03
22.08,22.08,43.47,72.34,74.03
18.84,18.84,48.63,73.55,78.17
18.75,18.75,56.68,74.52,75.54
21.07,21.07,62.91,72.51,77.39
22.25,22.25,58.63,72.76,76.85
23.83,23.83,50.15,74.04,72.09
21.89,21.89,43.68,72.55,75.18
18.39,18.39,38.27,72.60,72.33
14.83,14.83,39.06,72.58,73.11
17.40,17.40,56.54,74.32,75.14
15.14,15.14,62.45,71.76,71.57
17.25,17.25,57.54,73.46,76.78
20.27,20.27,52.85,72.55,75.94
23.54,23.54,46.60,73.75,77.81
21.51,21.51,39.60,72.72,74.17
21.63,21.63,34.14,72.47,74.64
21.73,21.73,27.28,72.79,76.11
25.81,25.81,26.16,73.37,73.34
27.08,27.08,24.21,73.53,76.89
26.83,26.83,26.39,72.40,73.78
27.89,27.89,38.39,73.09,75.66
28.71,28.71,49.50,73.42,74.98
24.90,24.90,42.41,73.60,76.78
22.94,22.94,34.67,72.67,76.83
20.77,20.77,26.84,71.95,76.43
20.99,20.99,21.79,74.19,76.75
21.25,21.25,22.33,72.39,77.73
23.38,23.38,22.33,72.61,75.54
26.51,26.51,20.33,72.25,76.28
26.46,26.46,33.23,73.64,73.62
25.69,25.69,48.45,72.12,71.77
19.71,19.71,55.77,72.14,75.54
20.23,20.23,67.70,72.79,73.71
10.38,10.38,70.82,73.25,72.78
10.23,10.23,66.56,72.18,75.29
17.32,17.32,58.98,71.26,75.11
22.43,22.43,54.70,72.33,77.25
25.44,25.44,49.19,73.08,72.27
24.04,24.04,41.57,72.36,77.06
23.53,23.53,36.60,71.66,76.54
24.43,24.43,34.31,72.14,75.90
24.18,24.18,38.59,73.12,74.99
21.55,21.55,37.00,71.44,72.42
20.01,20.01,36.54,71.92,77.46
27.29,27.29,54.66,71.58,73.36
24.80,24.80,49.92,73.12,77.35
25.86,25.86,42.45,69.93,72.20
25.98,25.98,41.62,71.79,78.16
24.94,24.94,47.09,71.77,75.56
24.13,24.13,56.86,73.29,75.47
25.26,25.26,61.05,71.09,77.46
26.53,26.53,60.71,71.28,73.23
28.51,28.51,52.37,71.81,76.75
29.42,29.42,46.01,72.42,74.12
25.74,25.74,42.79,71.77,72.48
21.49,21.49,45.57,70.87,73.78
21.37,21.37,60.89,72.45,72.26
14.77,14.77,64.17,70.99,76.12
18.86,18.86,59.78,71.32,73.61
21.12,21.12,53.84,71.23,77.90
23.45,23.45,49.02,70.63,75.37
24.74,24.74,43.07,72.28,74.94
25.14,25.14,36.48,70.68,77.32
26.38,26.38,30.78,71.22,74.32
26.81,26.81,27.55,71.56,75.27
27.76,27.76,27.43,71.89,74.06
26.91,26.91,32.17,70.34,73.68
28.14,28.14,49.44,70.83,73.60
23.48,23.48,52.09,72.51,71.15
21.32,21.32,44.14,70.65,76.91
22.90,22.90,36.86,71.36,74.47
22.23,22.23,30.89,70.27,75.60
22.51,22.51,23.73,72.46,76.17
23.35,23.35,21.88,70.41,74.34
28.17,28.17,20.76,70.46,74.52
26.79,26.79,31.80,70.52,75.19
26.42,26.42,41.45,71.17,76.24
18.95,18.95,52.49,70.51,73.42
14.60,14.60,62.11,69.80,76.60
11.73,11.73,70.88,69.46,72.24
8.01,8.01,67.58,69.03,73.55
14.96,14.96,62.91,69.16,75.88
19.53,19.53,57.56,68.46,75.54
24.63,24.63,52.61,70.92,79.31
25.89,25.89,47.21,71.42,71.56
25.41,25.41,41.96,70.55,77.75
24.66,24.66,38.72,70.44,74.69
26.73,26.73,36.29,69.59,75.67
27.71,27.71,35.04,71.44,74.79
27.38,27.38,36.52,69.87,69.13
31.17,31.17,50.15,70.38,73.32
26.49,26.49,49.60,70.00,73.13
22.82,22.82,39.93,71.41,76.63
20.52,20.52,39.86,70.12,71.57
18.04,18.04,47.60,69.20,77.87
17.82,17.82,55.02,69.84,75.39
23.65,23.65,57.47,70.83,73.25
26.34,26.34,62.02,70.19,76.18
26.38,26.38,56.46,68.97,71.69
24.70,24.70,46.87,70.63,75.93
23.70,23.70,43.42,70.40,73.52
19.21,19.21,43.77,69.43,73.34
23.04,23.04,56.40,69.10,75.62
26.51,26.51,63.65,68.85,71.36
21.14,21.14,58.33,69.60,76.78
21.32,21.32,53.47,69.25,72.20
23.48,23.48,50.07,69.39,77.55
24.48,24.48,44.18,69.51,75.00
25.53,25.53,39.60,71.21,73.89
27.11,27.11,32.43,68.73,78.19
29.33,29.33,26.39,69.61,72.36
31.50,31.50,34.10,69.22,75.99
30.29,30.29,34.81,69.74,74.92
27.78,27.78,42.22,69.28,73.56
29.14,29.14,55.29,67.85,76.26
25.18,25.18,48.30,69.90,72.96
27.21,27.21,42.01,70.43,74.79
27.05,27.05,36.13,66.67,76.10
31.31,31.31,26.75,69.85,73.54
30.10,30.10,20.45,68.36,74.35
32.08,32.08,29.29,69.06,74.33
32.47,32.47,31.78,70.23,76.26
32.08,32.08,31.95,66.07,72.74
30.84,30.84,39.20,71.05,73.72
22.39,22.39,47.81,68.03,69.63
16.30,16.30,56.72,69.58,69.86
19.38,19.38,75.06,68.08,68.13
11.00,11.00,67.13,68.69,69.30
14.93,14.93,64.30,72.21,75.51
21.98,21.98,60.82,67.15,74.37
26.21,26.21,58.69,72.63,72.81
26.26,26.26,54.61,67.62,75.86
22.41,22.41,51.01,70.51,73.91
19.81,19.81,49.75,66.88,75.58
18.00,18.00,48.55,68.48,75.63
17.18,17.18,49.12,69.51,74.54
19.01,19.01,54.67,67.92,77.16
23.09,23.09,59.63,70.92,73.87
20.62,20.62,53.07,64.78,78.79
21.33,21.33,50.02,71.28,73.54
20.20,20.20,49.21,66.02,75.51
15.89,15.89,52.39,71.30,72.23
14.73,14.73,58.30,66.37,74.01
21.33,21.33,63.84,70.14,75.38
23.21,23.21,60.47,67.38,75.08
23.04,23.04,59.60,68.83,72.95
20.77,20.77,56.50,65.86,71.71
20.90,20.90,56.38,68.29,69.62
23.14,23.14,64.56,63.02,74.13
17.58,17.58,73.68,58.02,72.25
14.10,14.10,81.35,59.80,73.16
17.01,17.01,76.45,65.39,70.67
21.75,21.75,66.68,62.69,73.10
24.92,24.92,61.66,77.10,75.73
26.41,26.41,59.07,75.68,76.10
26.82,26.82,55.52,75.40,73.22
26.85,26.85,50.17,78.72,75.63
27.45,27.45,40.74,74.74,73.94
28.42,28.42,49.97,73.11,74.02
28.52,28.52,45.14,78.29,73.95
24.36,24.36,53.69,74.19,73.49
26.48,26.48,71.59,73.55,72.06
23.05,23.05,80.10,72.05,70.38
23.08,23.08,82.02,71.51,74.11
23.10,23.10,71.17,74.57,74.86
21.04,21.04,64.15,74.70,75.83
20.57,20.57,54.55,74.92,77.78
18.51,18.51,60.74,76.57,73.82
18.44,18.44,54.00,73.50,76.40
20.09,20.09,54.34,76.39,75.89
21.33,21.33,37.14,76.97,75.25
20.05,20.05,42.79,74.04,77.22
15.40,15.40,48.17,77.09,75.74
14.50,14.50,58.90,76.06,74.83
13.36,13.36,73.53,71.32,75.25
6.08,6.08,71.63,70.78,75.47
10.61,10.61,65.18,74.71,77.30
15.77,15.77,59.51,74.21,74.97
21.67,21.67,54.49,74.00,77.36
24.92,24.92,50.46,74.16,74.92
24.94,24.94,45.04,74.54,76.80
23.99,23.99,39.42,75.23,76.14
23.46,23.46,36.47,73.44,75.13
20.25,20.25,33.22,74.00,75.87
16.87,16.87,39.85,73.02,76.20
21.68,21.68,51.80,73.85,73.66
22.00,22.00,55.38,74.37,73.83
24.78,24.78,50.21,74.32,70.93
26.45,26.45,41.25,72.48,75.68
27.68,27.68,38.77,73.65,72.77
25.99,25.99,41.98,73.41,75.32
23.20,23.20,42.73,72.53,73.01
24.64,24.64,61.13,74.48,73.62
26.41,26.41,57.67,73.46,74.95
26.61,26.61,52.92,73.73,73.28
25.58,25.58,49.91,73.01,74.97
24.80,24.80,44.32,73.05,72.49
22.21,22.21,44.52,72.92,70.82
18.26,18.26,66.09,71.60,72.74
10.74,10.74,62.06,73.58,71.81
15.69,15.69,57.49,71.68,76.18
21.47,21.47,52.94,76.98,77.71
23.77,23.77,47.81,72.46,77.27
24.27,24.27,40.36,72.28,76.08
23.85,23.85,33.76,72.68,77.74
20.75,20.75,27.42,69.68,75.93
17.88,17.88,30.77,71.44,76.60
16.07,16.07,30.22,72.32,76.08
17.99,17.99,39.28,72.07,74.61
22.33,22.33,53.55,70.47,75.30
22.13,22.13,52.15,73.29,75.27
23.75,23.75,46.29,72.44,75.29
22.18,22.18,40.35,72.39,75.38
21.62,21.62,30.35,72.70,75.98
23.94,23.94,26.54,70.36,76.97
29.02,29.02,20.11,71.51,75.99
31.34,31.34,26.56,73.70,75.85
33.57,33.57,23.98,71.08,72.42
34.12,34.12,32.99,71.58,70.91
30.80,30.80,41.97,71.16,70.39
19.45,19.45,54.62,71.25,70.52
12.53,12.53,69.20,71.32,73.84
15.07,15.07,70.38,69.19,75.54
17.50,17.50,66.01,66.07,75.03
16.43,16.43,59.87,75.00,75.12
21.56,21.56,55.20,78.62,74.94
24.64,24.64,50.90,79.04,75.45
24.85,24.85,44.71,79.59,74.37
26.70,26.70,41.62,77.10,74.79
28.36,28.36,39.73,79.60,73.71
28.87,28.87,35.06,80.45,76.44
27.55,27.55,32.81,77.57,74.77
26.70,26.70,39.55,78.70,75.00
29.70,29.70,53.02,76.88,73.54
30.41,30.41,47.25,78.50,75.90
32.48,32.48,41.71,78.71,73.95
31.81,31.81,43.56,75.20,73.68
27.98,27.98,49.16,78.75,75.59
25.78,25.78,61.49,78.04,73.49
25.27,25.27,62.00,75.93,74.05
27.17,27.17,55.89,77.74,73.57
27.30,27.30,50.55,77.10,72.59
24.45,24.45,43.17,77.98,74.67
21.39,21.39,43.30,77.25,71.88
16.77,16.77,47.03,73.25,75.37
24.41,24.41,62.92,77.29,70.72
19.55,19.55,62.80,75.28,73.93
23.29,23.29,58.61,70.77,75.03
26.47,26.47,53.40,75.86,73.46
29.98,29.98,48.03,73.53,75.81
32.73,32.73,39.14,73.61,74.16
32.81,32.81,32.01,76.25,74.53
35.51,35.51,30.71,73.72,72.99
36.49,36.49,26.09,77.55,72.27
36.94,36.94,29.55,78.36,71.86
31.57,31.57,32.62,76.69,71.13
31.74,31.74,49.51,77.70,70.70
28.94,28.94,50.86,76.84,74.31
30.13,30.13,44.63,76.09,76.70
30.56,30.56,36.58,75.65,75.62
30.71,30.71,28.26,69.65,74.05
32.61,32.61,25.30,74.92,76.62
33.50,33.50,19.20,75.91,73.83
34.76,34.76,20.36,72.40,75.02
36.31,36.31,23.55,76.78,75.76
33.68,33.68,37.23,75.68,72.27
29.71,29.71,42.34,76.40,74.97
21.81,21.81,54.07,77.36,71.99
20.66,20.66,73.17,70.59,74.66
16.19,16.19,67.17,75.10,70.91
15.47,15.47,62.50,77.03,71.77
19.40,19.40,58.35,74.31,71.79
22.87,22.87,52.13,77.11,73.17
23.90,23.90,46.48,76.22,72.26
25.78,25.78,41.06,76.71,71.85
26.25,26.25,35.42,77.64,71.86
29.02,29.02,29.20,75.20,72.66
31.11,31.11,29.22,77.74,72.29
26.58,26.58,40.76,78.13,69.16
24.29,24.29,46.40,76.01,72.76
27.71,27.71,57.60,77.92,70.52
25.11,25.11,52.18,76.82,74.30
26.03,26.03,46.19,76.99,76.69
26.17,26.17,42.64,77.69,73.87
23.57,23.57,46.61,75.77,75.67
24.62,24.62,63.14,76.75,73.23
24.83,24.83,60.12,77.58,75.18
26.69,26.69,53.61,76.54,73.71
25.70,25.70,49.33,76.92,74.10
23.52,23.52,43.96,76.63,74.01
22.78,22.78,43.77,76.84,73.15
20.52,20.52,46.38,76.79,71.64
24.05,24.05,65.18,76.29,72.23
21.12,21.12,63.22,76.63,76.39
22.20,22.20,57.77,77.33,71.10
26.35,26.35,54.44,77.08,75.31
29.96,29.96,47.89,76.78,72.77
30.69,30.69,43.07,78.02,72.54
31.13,31.13,37.63,77.78,74.65
31.21,31.21,30.72,75.60,72.33
30.72,30.72,31.37,76.74,74.40
28.27,28.27,28.21,77.23,71.18
25.34,25.34,31.21,75.73,74.74
27.82,27.82,47.63,76.62,71.87
27.68,27.68,52.31,74.19,76.56
26.69,26.69,43.90,77.01,77.25
24.74,24.74,33.97,75.81,73.15
24.09,24.09,28.25,74.08,77.98
23.56,23.56,24.79,76.20,73.63
26.42,26.42,25.66,77.07,76.41
30.36,30.36,16.89,75.22,76.45
30.75,30.75,14.66,76.36,73.30
32.90,32.90,24.05,75.95,76.33
31.14,31.14,42.27,77.65,71.56
24.61,24.61,46.19,76.62,71.61
16.42,16.42,66.62,74.41,72.70
14.54,14.54,74.08,76.19,73.21
13.54,13.54,67.78,76.69,77.68
18.84,18.84,61.72,75.39,73.72
22.84,22.84,56.75,75.79,77.26
24.21,24.21,51.43,77.49,74.47
23.90,23.90,45.78,76.66,75.75
23.00,23.00,39.61,75.38,76.56
21.99,21.99,37.78,76.01,74.43
20.87,20.87,32.57,75.79,76.74
19.81,19.81,37.61,76.56,73.91
22.64,22.64,50.68,75.77,74.59
22.24,22.24,55.41,74.47,74.72
23.63,23.63,52.71,75.96,74.87
26.59,26.59,47.75,77.01,76.63
27.31,27.31,47.33,76.16,74.10
21.85,21.85,56.79,74.66,74.86
20.78,20.78,66.63,76.73,74.45
23.12,23.12,58.64,76.73,73.39
26.46,26.46,53.28,75.63,75.09
27.40,27.40,48.01,76.42,73.17
24.40,24.40,48.33,76.86,71.16
19.20,19.20,57.57,75.59,70.67
18.93,18.93,68.14,73.68,70.68
11.76,11.76,82.28,72.77,72.66
14.43,14.43,76.98,73.16,74.43
19.78,19.78,65.90,74.32,75.35
23.54,23.54,68.87,74.50,75.25
25.16,25.16,60.17,75.00,73.85
23.46,23.46,57.63,76.42,76.28
22.56,22.56,52.00,75.79,74.35
23.60,23.60,51.86,73.75,75.86
24.54,24.54,54.66,75.69,73.63
23.27,23.27,50.53,75.75,74.93
21.66,21.66,47.58,74.37,73.55
25.49,25.49,52.69,75.33,72.51
24.67,24.67,55.50,73.90,75.29
26.42,26.42,50.45,75.39,73.12
26.29,26.29,46.13,74.33,74.45
27.17,27.17,44.84,71.86,74.32
27.23,27.23,34.50,74.65,73.38
28.85,28.85,33.71,74.46,75.23
29.75,29.75,30.32,71.95,73.92
33.06,33.06,33.38,74.83,73.93
31.98,31.98,34.81,73.91,71.22
30.26,30.26,38.61,76.36,73.25
23.08,23.08,46.06,75.24,71.20
23.71,23.71,65.02,74.17,72.79
13.11,13.11,75.41,74.07,70.30
10.18,10.18,68.25,74.28,68.45
17.92,17.92,64.06,76.74,74.34
22.23,22.23,57.42,77.04,68.83
27.78,27.78,52.64,75.75,74.72
28.89,28.89,46.45,76.70,67.86
28.47,28.47,40.08,75.79,73.10
30.22,30.22,33.57,75.90,70.74
29.16,29.16,29.84,76.86,67.88
26.63,26.63,34.40,76.48,67.64
19.02,19.02,38.40,76.65,67.36
24.90,24.90,53.64,74.85,74.76
23.97,23.97,53.12,75.63,72.62
23.70,23.70,47.18,76.72,76.26
22.48,22.48,42.66,74.60,74.66
21.29,21.29,45.63,75.47,74.05
23.97,23.97,60.54,75.74,75.26
25.89,25.89,64.39,74.86,72.96
25.12,25.12,56.24,75.80,76.11
26.75,26.75,51.13,74.55,73.43
26.01,26.01,47.06,75.42,73.65
24.17,24.17,48.74,75.68,74.81
16.89,16.89,50.44,72.66,72.67
21.53,21.53,60.01,74.84,74.83
20.08,20.08,62.82,70.87,72.82
21.83,21.83,56.80,71.30,73.25
25.63,25.63,51.73,74.61,72.16
28.66,28.66,46.50,71.64,72.30
27.87,27.87,39.22,74.21,72.74
28.46,28.46,31.94,74.23,70.79
30.43,30.43,29.59,71.08,72.40
31.56,31.56,32.06,74.07,72.05
31.91,31.91,29.30,75.12,68.66
29.41,29.41,30.00,74.14,69.19
26.92,26.92,39.57,74.04,70.36
27.11,27.11,49.85,72.60,72.37
25.73,25.73,43.60,73.45,72.91
25.18,25.18,34.65,75.84,74.89
27.95,27.95,29.68,74.09,72.83
29.93,29.93,22.29,74.79,73.60
30.86,30.86,27.84,75.33,74.84
32.47,32.47,27.90,73.81,73.32
32.85,32.85,29.34,75.09,75.22
31.94,31.94,29.48,73.72,73.44
29.48,29.48,43.72,73.87,74.94
24.49,24.49,56.26,74.36,75.76
20.73,20.73,67.27,67.22,73.55
13.63,13.63,71.70,74.02,76.15
13.08,13.08,66.50,72.87,76.82
22.26,22.26,61.88,67.86,78.02
23.75,23.75,56.92,70.62,76.92
26.23,26.23,51.16,69.53,76.23
27.55,27.55,44.68,69.34,76.64
25.78,25.78,38.31,71.86,75.87
25.89,25.89,33.10,66.12,77.76
25.90,25.90,38.49,72.32,75.31
22.55,22.55,44.99,73.50,77.57
22.53,22.53,43.87,70.93,75.47
27.27,27.27,53.04,73.77,76.41
28.65,28.65,52.16,71.75,76.01
29.94,29.94,45.87,72.43,74.47
27.02,27.02,46.71,73.21,77.99
23.34,23.34,54.36,71.53,77.14
23.70,23.70,65.58,73.79,76.96
23.80,23.80,60.32,73.73,77.13
24.96,24.96,54.62,72.56,71.63
27.49,27.49,49.82,73.43,72.02
24.23,24.23,43.98,73.67,69.93
18.29,18.29,40.94,72.52,70.37
12.79,12.79,44.42,72.70,71.52
18.57,18.57,64.59,71.46,77.48
22.04,22.04,63.26,69.70,78.36
25.64,25.64,58.17,70.28,77.12
28.40,28.40,53.83,67.26,77.87
28.12,28.12,48.32,71.34,76.30
30.86,30.86,43.28,69.13,76.33
30.88,30.88,33.78,68.76,76.38
31.51,31.51,26.40,71.37,74.44
32.57,32.57,25.13,68.91,76.23
32.17,32.17,31.56,71.68,75.11
26.73,26.73,30.96,72.14,74.29
25.93,25.93,37.15,70.13,75.17
27.01,27.01,50.56,72.12,72.67
24.74,24.74,44.58,70.20,76.76
23.22,23.22,34.19,71.45,77.92
22.14,22.14,25.03,72.01,77.19
22.06,22.06,21.37,71.22,76.60
23.73,23.73,24.98,72.97,77.71
24.92,24.92,25.83,72.26,77.04
25.55,25.55,19.83,71.33,75.93
27.66,27.66,35.71,72.85,74.89
25.70,25.70,46.47,72.75,72.99
18.99,18.99,56.36,72.32,72.63
18.21,18.21,70.25,70.67,73.68
14.79,14.79,67.47,70.09,71.86
18.15,18.15,64.53,70.68,73.57
20.47,20.47,59.18,69.21,73.22
23.14,23.14,54.63,70.85,74.15
23.80,23.80,48.15,71.95,74.66
23.62,23.62,42.36,72.04,72.32
25.47,25.47,37.50,71.80,75.37
27.57,27.57,37.41,70.85,71.56
27.27,27.27,40.74,71.97,73.25
26.48,26.48,40.93,71.84,74.39
25.95,25.95,46.24,70.53,70.24
28.24,28.24,53.40,70.26,73.16
31.50,31.50,49.58,71.43,75.36
34.14,34.14,42.05,71.01,72.00
35.39,35.39,42.16,70.53,77.27
29.92,29.92,55.77,72.09,74.03
28.49,28.49,64.64,72.81,75.48
27.62,27.62,60.77,71.30,76.60
28.24,28.24,53.49,72.20,71.90
31.07,31.07,47.28,70.75,76.96
33.01,33.01,41.07,69.89,72.03
32.08,32.08,38.58,72.21,73.91
26.54,26.54,41.05,67.82,74.92
26.63,26.63,58.00,68.37,71.73
20.71,20.71,60.98,68.43,76.54
21.50,21.50,55.74,65.70,71.67
25.15,25.15,49.79,69.00,74.09
26.97,26.97,45.26,66.96,72.59
26.77,26.77,38.61,68.78,73.60
28.73,28.73,31.55,69.27,73.68
28.85,28.85,29.41,64.64,71.61
33.16,33.16,27.27,69.42,72.95
34.05,34.05,25.87,68.21,72.96
31.26,31.26,43.62,66.50,72.60
33.27,33.27,51.10,69.46,72.78
31.58,31.58,49.80,65.51,76.43
29.51,29.51,43.64,68.79,75.76
28.97,28.97,38.30,69.51,75.88
30.05,30.05,33.57,64.61,75.83
32.21,32.21,27.97,69.45,74.40
32.67,32.67,25.79,69.58,76.32
33.50,33.50,19.30,69.76,73.99
32.53,32.53,22.48,70.60,74.59
30.82,30.82,31.21,68.88,74.96
27.19,27.19,44.42,69.44,73.06
20.35,20.35,56.44,68.36,75.21
19.56,19.56,72.26,69.43,72.80
11.54,11.54,72.35,68.40,76.27
11.02,11.02,66.52,71.32,74.73
17.96,17.96,62.25,69.01,75.41
23.88,23.88,56.27,71.67,75.25
28.55,28.55,50.96,71.41,73.39
29.60,29.60,45.11,68.20,74.50
27.56,27.56,40.13,68.55,74.41
26.38,26.38,34.80,68.56,72.79
24.39,24.39,34.00,69.16,70.25
23.80,23.80,38.47,67.87,73.78
23.74,23.74,49.33,65.88,74.01
19.97,19.97,55.42,66.67,74.42
20.97,20.97,49.37,64.88,75.77
20.56,20.56,41.84,59.86,79.78
17.57,17.57,41.84,56.29,80.06
14.62,14.62,51.12,50.63,78.75
16.06,16.06,69.88,60.91,77.05
20.07,20.07,62.05,57.53,79.18
21.29,21.29,56.77,50.90,78.31
21.27,21.27,50.33,42.24,78.24
21.16,21.16,44.00,47.96,79.08
17.62,17.62,41.13,47.10,79.05
14.89,14.89,50.02,51.35,79.80
15.08,15.08,63.21,64.91,77.34
17.36,17.36,81.62,68.23,74.44
16.34,16.34,75.99,73.68,76.35
19.24,19.24,68.91,77.20,77.87
22.55,22.55,63.02,75.69,76.30
21.85,21.85,50.03,75.80,77.39
21.90,21.90,62.33,76.35,77.46
20.06,20.06,59.09,76.02,79.17
21.07,21.07,44.92,76.32,79.53
21.89,21.89,51.84,75.82,77.44
21.52,21.52,52.48,75.61,79.18
19.70,19.70,62.33,74.25,78.30
25.59,25.59,71.86,69.25,78.40
21.65,21.65,81.31,60.11,76.98
23.23,23.23,78.47,68.32,76.65
25.34,25.34,68.39,73.56,76.01
26.41,26.41,64.63,74.19,73.77
27.26,27.26,56.78,75.56,72.89
26.59,26.59,56.83,75.27,74.58
27.81,27.81,58.87,74.46,76.21
30.15,30.15,59.09,75.52,74.24
30.70,30.70,55.42,75.43,72.90
27.18,27.18,54.53,76.90,74.23
18.54,18.54,61.87,75.19,71.08
15.05,15.05,69.22,74.87,72.96
14.07,14.07,70.64,73.48,72.65
13.73,13.73,66.24,75.63,73.48
18.73,18.73,60.75,75.68,74.07
22.31,22.31,56.49,75.03,74.38
24.94,24.94,50.91,74.80,73.24
26.14,26.14,45.55,75.27,73.39
26.66,26.66,40.84,75.75,72.52
25.23,25.23,35.26,75.25,70.12
21.70,21.70,32.87,75.50,68.95
17.58,17.58,34.01,75.93,69.21
16.83,16.83,36.13,75.67,71.67
25.20,25.20,54.73,74.39,70.82
23.90,23.90,49.71,74.67,72.56
23.68,23.68,43.26,76.31,75.85
22.42,22.42,52.16,74.31,76.58
22.16,22.16,57.21,74.84,76.44
22.91,22.91,64.17,74.86,76.31
21.63,21.63,57.45,73.94,74.41
24.06,24.06,52.96,74.11,72.54
22.96,22.96,45.78,73.89,72.62
20.51,20.51,41.72,74.87,70.24
15.78,15.78,40.81,75.41,73.22
17.45,17.45,49.04,74.76,74.16
20.18,20.18,63.66,74.72,74.54
20.45,20.45,61.28,73.26,76.25
22.69,22.69,56.35,73.89,77.45
25.37,25.37,49.20,73.69,76.83
26.02,26.02,43.09,74.11,76.94
25.65,25.65,34.97,73.68,79.03
25.35,25.35,27.22,73.66,78.55
25.46,25.46,20.28,72.94,78.53
24.15,24.15,17.07,73.88,77.91
22.89,22.89,18.78,73.75,77.76
21.98,21.98,26.23,73.21,76.59
23.76,23.76,39.40,73.40,77.30
24.38,24.38,48.79,73.33,74.67
23.53,23.53,42.57,71.81,75.84
21.53,21.53,32.24,73.52,75.55
19.47,19.47,24.20,72.59,74.54
17.78,17.78,16.38,72.78,73.96
17.41,17.41,11.39,72.09,75.40
17.60,17.60,9.43,72.56,74.47
18.91,18.91,13.41,72.47,74.26
19.60,19.60,41.69,72.26,73.48
17.08,17.08,50.07,72.40,73.62
13.17,13.17,61.61,72.55,75.88
16.81,16.81,69.87,72.60,72.42
11.91,11.91,69.52,70.94,75.10
13.23,13.23,64.46,70.92,75.52
17.64,17.64,58.79,70.96,75.00
22.97,22.97,53.23,71.81,77.49
25.51,25.51,45.31,71.56,77.40
26.89,26.89,37.67,71.44,76.29
23.68,23.68,31.58,70.93,77.33
20.27,20.27,25.19,71.59,75.28
20.06,20.06,20.60,70.99,75.49
20.41,20.41,28.85,71.05,74.70
22.65,22.65,37.11,71.37,74.35
30.61,30.61,54.72,68.02,74.30
29.22,29.22,52.10,69.79,76.14
27.02,27.02,49.40,70.58,76.64
25.51,25.51,55.15,70.36,75.26
25.45,25.45,62.13,69.67,78.45
24.94,24.94,55.49,70.40,75.44
24.60,24.60,55.28,69.93,76.33
24.76,24.76,48.63,69.04,78.45
23.44,23.44,41.53,69.21,77.29
24.31,24.31,38.43,70.16,77.33
21.05,21.05,41.79,69.50,77.56
18.36,18.36,51.91,69.06,74.21
17.42,17.42,62.91,68.21,74.90
13.62,13.62,60.27,68.01,75.86
16.89,16.89,53.08,68.59,77.31
19.54,19.54,46.94,69.57,78.34
22.44,22.44,41.00,68.81,77.73
22.02,22.02,33.78,69.08,78.53
21.40,21.40,23.85,69.56,79.73
19.75,19.75,18.43,68.64,79.76
19.20,19.20,18.51,68.22,76.83
21.43,21.43,25.35,68.25,78.44
18.63,18.63,29.49,69.22,77.13
23.45,23.45,43.62,68.48,75.79
23.87,23.87,47.31,68.16,77.30
19.72,19.72,38.97,69.26,73.97
20.43,20.43,30.78,68.97,73.52
21.33,21.33,23.12,68.62,74.25
21.26,21.26,16.12,67.76,74.39
22.75,22.75,18.44,68.53,73.26
23.96,23.96,13.62,67.88,72.12
26.28,26.28,18.87,68.57,72.92
27.65,27.65,29.40,68.23,74.96
26.25,26.25,38.79,67.68,73.17
21.18,21.18,54.13,67.60,72.90
18.85,18.85,64.78,68.54,73.24
17.31,17.31,71.73,67.56,72.22
13.83,13.83,66.11,65.38,75.90
17.72,17.72,60.39,67.26,76.50
21.07,21.07,55.96,67.69,76.11
23.59,23.59,48.36,67.00,74.95
23.80,23.80,41.64,66.35,75.19
23.39,23.39,33.74,66.32,75.39
23.59,23.59,27.83,66.31,71.47
24.16,24.16,25.72,66.53,75.85
23.63,23.63,22.97,66.34,72.13
18.79,18.79,26.94,65.89,71.85
28.95,28.95,47.93,65.72,74.09
24.74,24.74,44.05,65.15,71.82
24.58,24.58,44.21,64.60,74.48
19.92,19.92,48.84,63.44,73.53
20.73,20.73,56.77,65.45,73.71
20.70,20.70,58.13,65.08,75.46
23.14,23.14,52.89,65.59,73.36
23.38,23.38,47.88,65.40,74.60
21.03,21.03,42.31,64.77,75.27
17.38,17.38,40.65,64.62,75.17
15.19,15.19,44.90,65.17,76.11
16.70,16.70,57.44,63.84,77.12
22.01,22.01,64.07,62.97,73.62
20.84,20.84,61.48,65.10,76.36
23.60,23.60,56.79,63.89,73.48
26.18,26.18,50.33,64.49,73.47
24.10,24.10,41.24,63.76,73.55
23.82,23.82,35.17,64.35,72.33
23.65,23.65,26.81,64.63,71.81
26.91,26.91,23.21,63.33,72.29
26.80,26.80,19.26,63.38,71.54
27.96,27.96,21.33,63.49,72.30
23.81,23.81,33.43,63.53,69.34
25.44,25.44,47.34,64.18,72.66
28.91,28.91,53.76,63.27,75.91
30.15,30.15,46.63,61.60,71.63
29.08,29.08,38.91,63.45,73.86
30.68,30.68,30.01,62.94,73.31
27.80,27.80,23.55,61.86,74.21
30.52,30.52,19.26,63.16,74.40
29.33,29.33,14.01,62.48,71.64
29.92,29.92,13.50,62.89,75.03
33.27,33.27,37.11,63.68,70.80
27.71,27.71,53.54,62.24,73.45
18.87,18.87,59.38,59.68,73.10
18.20,18.20,71.83,62.03,72.15
14.01,14.01,72.49,60.74,75.68
13.10,13.10,65.26,59.74,77.07
16.37,16.37,58.72,59.73,79.63
21.34,21.34,52.00,60.92,75.59
22.87,22.87,43.90,61.13,77.95
23.71,23.71,37.12,60.33,76.17
24.23,24.23,29.54,60.55,75.67
23.50,23.50,33.86,61.18,76.98
19.56,19.56,37.35,60.14,76.38
16.79,16.79,48.07,60.59,77.23
20.17,20.17,54.49,62.42,78.85
24.35,24.35,63.48,63.01,75.81
23.41,23.41,57.94,60.07,74.57
20.91,20.91,52.87,61.64,78.84
21.03,21.03,54.98,61.00,75.41
20.21,20.21,57.48,58.26,75.83
19.75,19.75,65.71,61.25,78.51
21.38,21.38,63.10,60.33,75.38
21.31,21.31,59.43,61.68,73.74
19.93,19.93,54.99,58.51,78.15
21.89,21.89,48.68,60.10,73.92
19.54,19.54,51.37,56.11,74.61
18.36,18.36,57.99,54.27,77.36
17.78,17.78,79.76,56.05,71.15
16.76,16.76,81.52,58.27,70.83
19.26,19.26,65.41,56.77,75.38
21.82,21.82,67.12,58.80,71.58
23.09,23.09,67.36,58.39,74.86
26.53,26.53,58.81,58.55,74.28
26.61,26.61,57.03,60.49,71.07
27.04,27.04,54.53,57.31,74.69
30.37,30.37,48.88,59.02,70.89
30.25,30.25,44.03,57.16,74.34
26.23,26.23,46.61,62.96,74.06
18.94,18.94,52.30,58.15,73.03
23.75,23.75,54.16,54.44,77.01
21.12,21.12,49.44,59.49,79.96
23.36,23.36,44.15,59.80,77.72
21.79,21.79,43.29,58.28,76.83
19.47,19.47,42.61,58.12,79.30
20.73,20.73,38.31,60.39,76.46
18.79,18.79,35.98,58.95,76.94
19.80,19.80,38.85,57.02,78.32
21.28,21.28,38.21,58.14,75.34
21.09,21.09,40.67,59.72,76.37
17.58,17.58,48.28,59.17,76.42
14.48,14.48,61.35,58.18,74.36
19.10,19.10,72.80,62.79,74.72
14.48,14.48,70.56,59.81,76.32
19.35,19.35,64.72,60.01,74.04
21.92,21.92,58.88,59.23,75.11
26.30,26.30,52.78,62.05,74.31
25.76,25.76,45.46,60.83,74.10
25.60,25.60,40.63,59.75,75.61
26.00,26.00,34.85,58.24,73.81
24.07,24.07,31.05,56.90,71.08
24.78,24.78,30.88,56.64,72.21
20.49,20.49,38.78,56.77,72.21
28.74,28.74,52.35,58.26,73.80
28.95,28.95,52.36,55.89,76.18
31.75,31.75,46.29,57.28,74.11
31.22,31.22,48.59,55.91,73.29
29.93,29.93,56.49,57.43,75.04
29.41,29.41,57.10,53.35,73.40
27.59,27.59,54.58,55.67,74.79
29.96,29.96,53.21,56.83,75.23
29.52,29.52,44.17,55.88,73.67
29.32,29.32,38.35,50.24,75.22
23.28,23.28,39.00,54.70,76.20
14.24,14.24,42.27,53.72,75.36
16.46,16.46,55.99,51.16,75.81
17.10,17.10,62.66,52.33,80.82
19.06,19.06,58.42,51.53,79.06
20.49,20.49,50.58,54.56,79.82
21.80,21.80,44.93,53.97,80.42
22.08,22.08,38.20,55.73,77.47
20.72,20.72,30.56,53.77,79.30
18.77,18.77,25.67,53.94,80.01
18.00,18.00,23.87,56.33,78.09
15.81,15.81,25.35,55.18,79.05
16.91,16.91,30.44,54.82,79.55
22.23,22.23,44.47,52.65,77.34
26.53,26.53,52.79,53.70,80.53
22.38,22.38,45.01,54.00,78.87
20.32,20.32,34.97,56.37,76.59
19.11,19.11,26.94,53.88,79.44
19.50,19.50,21.32,57.12,77.68
18.76,18.76,22.25,54.47,77.66
19.59,19.59,23.39,53.96,79.45
22.07,22.07,28.43,54.14,76.96
21.93,21.93,33.90,51.04,76.78
21.42,21.42,47.67,50.97,75.91
16.09,16.09,56.32,49.21,72.06
12.99,12.99,62.28,52.67,70.49
17.95,17.95,74.32,54.50,70.85
13.62,13.62,67.22,49.12,72.82
15.93,15.93,63.43,47.40,72.22
20.00,20.00,58.91,51.87,73.13
23.64,23.64,52.75,48.25,74.91
26.74,26.74,46.05,51.67,71.61
26.54,26.54,39.37,48.51,74.07
27.10,27.10,34.35,51.46,74.02
25.66,25.66,33.62,45.88,73.02
20.22,20.22,38.62,51.68,74.98
16.95,16.95,41.33,49.72,73.42
23.82,23.82,53.01,46.82,74.97
22.57,22.57,49.33,49.00,76.17
20.79,20.79,43.10,50.37,78.08
18.36,18.36,48.16,51.06,75.18
15.61,15.61,53.77,47.10,74.86
21.60,21.60,63.62,47.63,77.17
23.60,23.60,54.48,47.37,73.25
26.03,26.03,54.27,51.72,76.40
24.71,24.71,49.57,50.76,71.57
21.77,21.77,42.75,50.10,72.49
17.66,17.66,41.86,49.59,71.53
14.53,14.53,48.11,48.29,71.56
18.20,18.20,63.08,55.04,74.19
20.42,20.42,64.51,52.05,76.85
22.54,22.54,58.40,51.04,77.06
23.41,23.41,52.18,49.77,74.56
23.60,23.60,45.89,51.15,76.86
23.81,23.81,38.11,52.79,75.64
23.92,23.92,32.65,51.93,75.13
24.43,24.43,32.70,52.63,76.76
24.23,24.23,41.34,50.39,74.49
24.84,24.84,38.03,49.31,74.57
24.34,24.34,34.62,42.55,73.61
31.35,31.35,45.73,40.14,72.42
30.85,30.85,48.89,47.07,73.61
30.81,30.81,44.19,47.48,72.88
29.46,29.46,34.81,43.00,76.51
31.02,31.02,33.39,44.81,75.07
31.57,31.57,32.81,42.77,73.92
33.40,33.40,33.26,45.58,76.27
34.19,34.19,41.20,39.09,73.96
35.55,35.55,40.29,45.20,73.99
34.81,34.81,41.25,42.13,76.69
30.23,30.23,52.25,45.83,74.80
23.80,23.80,55.17,45.84,75.11
20.09,20.09,70.78,46.45,75.34
16.95,16.95,74.91,44.70,75.96
14.60,14.60,65.86,48.24,75.31
17.98,17.98,60.62,51.04,75.44
23.00,23.00,55.76,50.36,74.31
24.72,24.72,49.34,50.71,76.60
24.72,24.72,44.10,50.44,72.95
24.13,24.13,38.85,51.86,74.60
24.52,24.52,35.73,52.28,76.05
23.47,23.47,38.33,50.39,76.21
22.39,22.39,40.54,52.87,76.07
20.86,20.86,46.45,49.60,76.25
26.10,26.10,53.28,50.88,74.15
25.44,25.44,47.86,50.07,75.05
24.59,24.59,47.36,52.77,74.74
25.62,25.62,52.81,47.96,75.49
27.53,27.53,52.55,50.13,75.26
29.06,29.06,65.16,51.23,75.82
26.55,26.55,59.40,51.19,75.53
26.38,26.38,54.18,52.91,75.35
24.89,24.89,47.99,51.86,75.69
25.00,25.00,41.20,47.71,74.91
21.26,21.26,40.95,37.92,76.49
20.15,20.15,46.50,49.86,77.03
19.83,19.83,64.19,53.43,77.21
16.30,16.30,63.03,47.45,77.51
21.27,21.27,58.19,55.88,76.86
26.38,26.38,51.38,46.75,76.87
27.15,27.15,45.73,43.83,78.45
28.79,28.79,41.25,48.04,77.43
28.66,28.66,33.86,38.33,77.28
28.31,28.31,31.09,45.01,77.59
27.80,27.80,32.22,46.44,76.21
25.99,25.99,34.22,45.58,75.06
22.71,22.71,37.43,42.66,77.61
29.02,29.02,50.43,50.31,71.87
24.40,24.40,48.15,45.43,78.53
23.91,23.91,40.61,48.07,79.72
22.20,22.20,37.01,48.38,78.64
20.87,20.87,36.45,50.46,79.62
23.22,23.22,39.93,51.73,78.17
21.93,21.93,41.09,53.15,78.38
22.12,22.12,38.97,52.78,78.17
23.64,23.64,36.05,54.18,78.17
24.89,24.89,45.63,55.29,78.26
21.41,21.41,49.94,53.94,78.10
14.34,14.34,61.38,52.40,77.95
13.64,13.64,71.87,51.12,75.87
11.67,11.67,69.07,53.25,77.76
11.28,11.28,66.27,55.76,77.36
16.92,16.92,62.18,58.40,77.22
21.51,21.51,56.85,59.83,74.13
24.65,24.65,51.20,59.94,70.36
26.58,26.58,45.35,59.00,72.45
25.82,25.82,39.58,59.61,73.27
23.08,23.08,38.86,53.27,70.94
21.66,21.66,36.29,55.20,73.23
19.75,19.75,40.72,53.43,73.11
21.48,21.48,45.69,42.61,71.55
21.83,21.83,53.33,49.46,74.02
19.94,19.94,47.63,55.06,80.26
19.72,19.72,41.75,65.37,79.13
17.69,17.69,47.43,66.36,77.81
15.15,15.15,52.32,64.39,78.37
18.05,18.05,58.91,65.95,78.38
23.46,23.46,62.18,67.64,78.10
26.52,26.52,57.48,65.33,77.81
23.82,23.82,48.00,61.15,77.16
22.37,22.37,44.87,60.64,78.04
21.63,21.63,47.35,49.17,77.42
20.60,20.60,61.48,53.73,78.47
20.80,20.80,75.07,57.86,77.72
22.79,22.79,82.68,64.53,74.92
22.78,22.78,73.89,71.14,76.12
22.84,22.84,69.58,73.99,76.49
23.33,23.33,65.64,72.32,77.60
24.20,24.20,62.01,73.91,77.96
25.38,25.38,58.03,75.01,77.63
25.08,25.08,56.48,74.58,77.84
25.02,25.02,49.56,73.59,77.89
26.82,26.82,49.11,73.68,74.63
28.04,28.04,48.77,74.74,75.81
18.61,18.61,56.46,73.87,77.23
21.80,21.80,68.38,72.86,75.99
17.75,17.75,82.62,73.69,73.42
19.34,19.34,77.21,73.50,73.57
21.02,21.02,66.76,72.62,73.44
20.82,20.82,68.51,74.69,75.56
19.33,19.33,62.45,73.24,75.77
17.39,17.39,58.75,74.16,76.28
18.51,18.51,44.88,74.00,76.20
22.06,22.06,43.12,73.50,72.76
27.65,27.65,50.73,71.89,72.10
20.12,20.12,60.07,74.36,72.79
15.99,15.99,63.31,73.57,71.66
18.90,18.90,72.76,72.25,70.98
8.05,8.05,68.14,73.03,70.94
10.76,10.76,64.35,73.81,71.63
18.14,18.14,60.68,73.39,69.96
23.29,23.29,56.53,73.77,68.93
26.24,26.24,50.29,72.99,69.23
26.01,26.01,46.27,72.34,71.42
24.91,24.91,42.09,74.00,72.01
21.95,21.95,35.02,72.74,72.48
22.73,22.73,38.21,72.29,72.80
23.47,23.47,42.20,72.72,74.35
22.65,22.65,48.54,73.98,76.88
23.68,23.68,53.97,72.63,76.13
25.41,25.41,52.32,73.18,75.48
23.93,23.93,55.25,73.94,75.52
23.80,23.80,60.72,73.05,74.54
25.09,25.09,63.46,73.79,74.27
28.76,28.76,58.52,73.27,76.13
31.71,31.71,54.68,72.18,75.61
32.92,32.92,51.05,73.15,74.58
30.80,30.80,40.58,72.91,73.51
26.26,26.26,40.76,72.19,74.67
25.00,25.00,53.40,72.00,74.17
24.37,24.37,60.47,72.90,77.04
20.12,20.12,63.82,71.47,76.10
21.61,21.61,59.73,70.66,77.66
23.13,23.13,53.30,72.86,77.27
24.42,24.42,48.77,71.13,77.12
24.81,24.81,43.90,71.75,75.53
23.79,23.79,36.44,72.24,75.21
24.62,24.62,30.54,70.51,75.22
24.50,24.50,27.47,70.68,74.81
23.24,23.24,29.39,71.31,76.08
20.89,20.89,45.16,69.89,75.12
23.38,23.38,56.57,68.24,74.60
27.80,27.80,56.20,71.06,74.02
31.60,31.60,50.73,69.64,77.49
33.74,33.74,42.67,70.46,75.65
34.12,34.12,34.24,71.23,76.23
33.68,33.68,28.42,70.08,76.37
32.15,32.15,22.34,70.43,76.62
30.60,30.60,17.32,70.55,76.98
29.67,29.67,23.04,69.57,77.30
28.22,28.22,36.67,69.66,76.22
25.46,25.46,49.32,70.30,75.93
19.21,19.21,58.19,68.68,76.52
15.28,15.28,70.86,66.11,75.73
13.36,13.36,73.48,67.21,75.56
17.10,17.10,67.05,67.72,77.85
21.45,21.45,63.69,67.86,77.00
24.45,24.45,57.47,69.90,76.49
26.49,26.49,50.39,68.68,76.75
25.96,25.96,46.11,69.54,77.18
26.40,26.40,37.42,68.51,77.23
26.64,26.64,34.65,67.89,76.42
24.82,24.82,30.11,67.80,75.36
27.09,27.09,41.96,68.91,75.57
30.07,30.07,57.35,66.29,76.78
27.67,27.67,48.80,66.13,77.62
25.48,25.48,53.84,68.45,77.57
23.33,23.33,49.17,67.01,78.63
21.20,21.20,46.01,66.34,76.34
20.28,20.28,47.73,68.13,74.10
19.72,19.72,66.25,67.22,75.09
22.97,22.97,58.61,67.28,75.24
22.84,22.84,54.51,66.75,75.68
22.75,22.75,47.21,65.82,76.01
22.50,22.50,46.65,66.53,76.07
20.95,20.95,52.46,66.82,76.09
16.57,16.57,60.72,65.80,73.34
18.36,18.36,62.96,66.11,71.10
21.18,21.18,64.71,67.23,71.28
23.59,23.59,59.01,66.25,72.55
25.57,25.57,53.70,65.95,74.25
27.59,27.59,49.18,66.54,74.10
30.26,30.26,43.50,65.09,75.29
28.72,28.72,36.48,66.52,75.44
30.87,30.87,31.41,64.96,76.30
33.48,33.48,26.97,65.28,71.92
31.27,31.27,21.88,64.69,72.45
25.88,25.88,29.74,65.35,71.89
31.03,31.03,41.02,64.25,75.17
30.75,30.75,46.76,64.01,82.07
28.67,28.67,40.70,66.42,80.14
24.68,24.68,31.64,65.18,77.30
22.96,22.96,24.05,66.40,75.92
22.44,22.44,21.32,64.65,73.37
23.90,23.90,20.79,64.77,69.29
21.58,21.58,24.82,65.50,70.71
23.29,23.29,30.10,64.48,70.33
25.09,25.09,39.68,64.03,73.26
20.52,20.52,55.44,64.40,75.03
21.51,21.51,63.83,63.29,75.74
22.06,22.06,73.22,61.45,76.29
14.43,14.43,68.15,62.51,77.53
14.69,14.69,64.42,64.67,77.39
16.43,16.43,58.99,64.02,76.27
21.16,21.16,54.84,64.49,74.35
24.29,24.29,49.60,64.37,73.52
23.34,23.34,46.21,62.41,74.49
24.43,24.43,40.38,64.60,75.39
22.54,22.54,35.49,62.82,74.11
22.19,22.19,33.09,62.69,74.00
20.09,20.09,42.41,64.30,75.23
19.67,19.67,52.60,61.88,75.65
23.02,23.02,64.52,60.21,74.91
23.48,23.48,57.72,61.71,74.59
25.67,25.67,53.46,62.87,73.01
24.21,24.21,57.39,62.07,73.42
23.41,23.41,59.52,62.75,74.04
26.24,26.24,71.00,63.19,74.77
26.06,26.06,66.59,61.50,76.53
26.17,26.17,61.15,62.24,71.25
26.18,26.18,56.15,61.27,71.70
24.34,24.34,50.76,61.72,68.86
18.62,18.62,49.01,61.79,68.18
16.07,16.07,56.52,62.23,71.70
22.33,22.33,63.97,59.49,73.84
27.38,27.38,59.37,61.21,77.73
27.88,27.88,54.01,62.38,77.72
26.17,26.17,48.45,63.01,76.04
23.05,23.05,42.23,62.43,74.88
22.68,22.68,37.02,63.37,72.32
21.74,21.74,32.66,62.20,73.02
23.37,23.37,29.68,62.91,73.30
24.24,24.24,30.11,61.86,73.77
25.34,25.34,33.64,61.21,74.31
23.83,23.83,36.30,61.10,72.68
25.27,25.27,46.97,63.62,78.26
26.97,26.97,49.40,61.78,77.79
30.86,30.86,45.43,62.63,77.00
30.90,30.90,37.12,64.01,75.64
25.91,25.91,27.86,63.14,74.98
23.77,23.77,25.46,62.54,74.55
25.43,25.43,18.74,62.92,72.45
22.02,22.02,17.58,61.93,71.33
22.90,22.90,22.86,62.61,71.17
23.80,23.80,28.11,61.77,71.68
21.97,21.97,36.82,61.15,73.82
16.68,16.68,47.85,61.09,74.12
17.00,17.00,64.51,62.96,73.93
11.01,11.01,74.35,58.88,73.34
6.92,6.92,67.92,60.46,75.53
14.96,14.96,64.77,60.92,77.06
21.19,21.19,61.78,61.34,76.31
25.32,25.32,53.05,61.48,75.85
26.95,26.95,45.74,62.24,76.56
26.91,26.91,40.14,61.12,76.74
29.98,29.98,35.72,61.56,76.31
31.86,31.86,39.89,61.31,77.08
29.65,29.65,38.97,59.36,75.44
25.88,25.88,52.43,59.19,74.94
25.34,25.34,55.38,58.35,74.66
20.94,20.94,53.80,59.72,75.87
18.92,18.92,51.85,60.14,77.54
12.01,12.01,57.20,59.45,77.01
11.57,11.57,68.36,62.16,78.62
15.03,15.03,68.62,60.26,78.41
18.69,18.69,63.47,60.12,76.81
18.66,18.66,60.69,59.86,74.39
18.62,18.62,54.67,57.08,74.34
15.20,15.20,52.53,59.01,72.76
13.10,13.10,52.63,54.31,74.08
8.95,8.95,63.30,51.74,77.48
14.34,14.34,76.63,49.90,72.49
13.07,13.07,80.86,49.64,76.23
15.47,15.47,71.93,48.60,76.97
17.02,17.02,66.94,52.29,76.17
19.14,19.14,70.64,53.13,75.62
18.71,18.71,61.81,53.40,76.07
18.77,18.77,55.92,52.40,74.73
15.80,15.80,50.72,55.50,71.38
18.81,18.81,47.31,57.47,71.70
19.79,19.79,48.34,56.78,73.93
17.30,17.30,53.73,55.65,75.18
14.98,14.98,55.12,53.25,75.33
21.15,21.15,65.15,54.12,77.21
23.88,23.88,61.94,58.21,77.07
28.41,28.41,57.69,58.77,76.87
24.48,24.48,44.87,56.76,76.52
34.10,34.10,43.66,60.57,75.28
32.74,32.74,38.10,57.65,76.89
24.71,24.71,33.74,61.88,78.04
30.01,30.01,28.20,60.03,76.80
28.48,28.48,42.08,59.78,76.91
25.50,25.50,54.31,59.88,77.35
21.15,21.15,63.48,56.94,74.72
18.85,18.85,70.56,54.56,72.93
16.46,16.46,74.59,55.59,74.11
11.77,11.77,66.65,60.14,76.69
17.11,17.11,64.80,58.78,76.58
18.36,18.36,60.92,57.60,76.39
19.88,19.88,53.37,61.32,77.01
22.52,22.52,46.96,60.93,76.59
22.36,22.36,42.68,60.52,74.53
21.15,21.15,36.65,59.60,76.07
22.66,22.66,38.34,57.58,74.14
23.43,23.43,36.29,58.22,76.05
20.12,20.12,45.69,57.54,75.80
17.39,17.39,50.14,57.44,74.82
21.64,21.64,53.77,57.77,74.34
22.29,22.29,49.45,57.12,75.16
21.03,21.03,49.19,53.54,75.44
18.42,18.42,58.12,54.11,74.73
17.84,17.84,63.54,56.56,75.14
20.10,20.10,68.39,55.55,75.08
22.70,22.70,60.86,57.37,74.45
21.57,21.57,53.04,58.30,75.52
26.19,26.19,46.83,54.00,76.14
25.30,25.30,46.91,53.87,74.92
21.33,21.33,44.30,59.34,75.03
20.93,20.93,54.06,57.73,74.80
17.48,17.48,67.80,62.11,76.45
20.92,20.92,64.62,53.31,74.92
27.50,27.50,58.88,55.20,75.14
29.94,29.94,49.24,54.61,73.35
31.62,31.62,43.18,58.29,75.23
32.89,32.89,37.34,54.18,75.31
30.75,30.75,26.81,58.26,75.44
28.14,28.14,22.60,53.98,72.72
27.92,27.92,21.16,53.47,73.65
25.77,25.77,30.56,55.87,73.40
26.56,26.56,38.04,54.15,72.56
31.64,31.64,48.22,54.49,76.81
31.92,31.92,51.08,54.91,77.09
28.65,28.65,44.40,53.51,76.23
23.29,23.29,39.40,48.48,75.68
21.41,21.41,27.89,54.79,75.15
20.49,20.49,27.01,49.82,74.98
18.72,18.72,29.88,55.56,75.45
20.83,20.83,24.36,49.09,75.40
23.94,23.94,46.90,50.06,75.79
19.58,19.58,58.80,50.85,75.71
12.80,12.80,64.04,50.85,75.31
14.28,14.28,70.87,49.27,74.83
11.40,11.40,70.08,44.73,74.27
12.48,12.48,65.99,52.58,74.92
16.47,16.47,60.31,51.04,73.82
22.00,22.00,58.12,53.67,73.26
23.79,23.79,51.85,43.65,73.36
23.86,23.86,45.41,54.39,74.38
21.31,21.31,49.32,44.48,75.65
20.84,20.84,41.37,47.75,74.42
22.28,22.28,38.16,52.67,75.85
20.23,20.23,34.78,51.52,76.16
19.67,19.67,44.10,50.72,77.14
23.76,23.76,59.67,55.44,77.81
21.81,21.81,59.09,49.94,74.10
21.77,21.77,59.51,53.79,74.37
17.72,17.72,62.84,49.97,76.02
17.11,17.11,64.51,49.33,74.86
20.67,20.67,58.33,50.73,75.15
23.16,23.16,63.42,51.93,74.65
25.11,25.11,61.80,51.98,73.72
26.39,26.39,58.36,52.82,72.97
25.91,25.91,51.91,52.01,70.59
24.30,24.30,51.63,51.95,70.47
20.76,20.76,57.07,50.86,71.68
20.63,20.63,64.12,51.82,70.78
13.41,13.41,63.78,51.72,73.51
13.71,13.71,56.77,50.32,76.37
17.96,17.96,53.98,50.74,75.36
18.70,18.70,46.98,48.95,76.39
18.89,18.89,39.71,49.12,75.64
19.33,19.33,32.60,50.50,78.66
21.38,21.38,26.68,51.92,75.81
22.61,22.61,29.13,52.49,75.79
21.49,21.49,30.54,50.88,75.63
16.97,16.97,29.03,51.52,72.51
16.58,16.58,45.02,50.07,73.23
25.55,25.55,51.56,52.35,76.99
21.35,21.35,50.02,50.74,77.04
21.76,21.76,40.87,52.33,73.71
20.78,20.78,32.68,51.48,74.11
20.56,20.56,27.03,47.22,78.21
19.59,19.59,33.25,45.67,77.38
21.32,21.32,35.23,47.65,76.54
22.46,22.46,35.47,49.39,76.86
23.05,23.05,42.27,51.58,75.43
19.18,19.18,44.71,52.18,73.29
13.57,13.57,49.53,50.65,75.27
12.29,12.29,67.49,52.58,77.56
10.66,10.66,72.68,52.95,76.66
12.00,12.00,66.00,52.01,78.43
20.22,20.22,61.46,52.72,77.44
22.30,22.30,57.93,51.14,76.25
23.81,23.81,50.60,48.45,75.91
27.00,27.00,47.87,50.89,76.60
27.69,27.69,42.06,49.79,76.06
29.08,29.08,40.87,48.20,75.20
29.62,29.62,40.55,49.36,75.51
27.89,27.89,43.60,48.78,74.48
24.88,24.88,47.75,44.37,75.49
22.94,22.94,52.95,46.21,76.68
20.29,20.29,51.42,45.86,75.57
18.69,18.69,45.03,51.13,74.30
15.67,15.67,46.48,51.14,77.15
10.62,10.62,51.75,47.01,75.21
11.40,11.40,62.10,47.71,73.96
16.51,16.51,68.95,47.20,75.04
20.87,20.87,60.13,48.36,75.94
17.57,17.57,56.64,43.62,76.58
18.26,18.26,51.99,47.05,74.96
18.14,18.14,46.10,48.62,75.70
18.60,18.60,50.23,49.06,74.05
23.00,23.00,60.02,53.21,75.37
21.09,21.09,63.81,45.46,75.73
23.77,23.77,59.42,50.17,75.53
20.92,20.92,51.99,50.71,74.11
24.65,24.65,48.62,47.20,75.19
27.53,27.53,45.07,46.26,74.91
28.16,28.16,45.74,46.28,72.97
27.84,27.84,43.54,41.82,75.34
27.12,27.12,41.31,41.45,75.22
23.20,23.20,38.49,42.62,74.10
25.36,25.36,45.12,43.33,73.19
20.90,20.90,44.83,42.67,73.31
30.04,30.04,51.96,40.80,72.29
23.80,23.80,46.81,42.06,75.23
22.04,22.04,45.18,40.09,74.62
24.35,24.35,38.51,40.00,75.41
25.06,25.06,40.21,35.16,74.31
24.02,24.02,41.63,27.34,71.16
25.28,25.28,46.62,20.81,75.15
22.90,22.90,41.55,16.08,72.44
22.63,22.63,39.52,12.87,75.39
21.19,21.19,44.66,14.88,69.90
13.79,13.79,53.21,9.22,74.31
11.78,11.78,65.22,0.43,74.20
15.10,15.10,75.38,-0.00,74.82
10.66,10.66,69.36,1.69,77.17
16.58,16.58,62.09,7.84,77.42
18.69,18.69,58.32,13.25,76.49
19.37,19.37,52.06,12.17,77.07
23.70,23.70,47.56,15.62,75.37
22.93,22.93,46.97,15.78,74.02
22.20,22.20,49.38,15.72,73.39
18.46,18.46,42.68,13.35,77.27
16.83,16.83,42.19,11.21,75.70
18.80,18.80,46.16,15.96,75.35
23.24,23.24,57.17,16.77,75.27
18.21,18.21,52.03,18.67,74.27
17.48,17.48,43.12,14.98,76.52
18.45,18.45,43.02,15.42,77.06
18.51,18.51,56.41,7.35,75.34
18.44,18.44,57.29,1.95,75.02
23.92,23.92,65.31,1.82,75.06
25.30,25.30,58.84,1.24,75.30
25.93,25.93,56.18,0.32,73.86
27.05,27.05,48.21,10.87,74.93
22.87,22.87,49.65,23.23,74.28
17.37,17.37,49.90,38.77,74.81
18.59,18.59,58.79,50.11,72.45
11.15,11.15,76.72,68.49,72.22
9.70,9.70,81.28,71.16,73.42
17.67,17.67,73.39,70.36,74.24
21.92,21.92,72.07,72.10,74.74
25.21,25.21,66.18,73.74,73.68
25.57,25.57,63.52,72.64,77.29
23.44,23.44,58.93,71.71,74.28
23.05,23.05,55.63,73.44,74.58
25.26,25.26,47.95,72.41,75.88
22.56,22.56,45.55,71.52,75.49
19.25,19.25,61.06,70.49,74.26
24.14,24.14,64.18,70.50,75.06
16.06,16.06,82.39,72.19,73.30
16.52,16.52,78.32,67.19,75.97
17.14,17.14,64.53,65.91,74.82
15.15,15.15,65.69,69.57,75.67
12.08,12.08,66.04,65.93,76.27
10.84,10.84,60.62,66.85,74.33
11.79,11.79,56.49,66.53,76.39
12.88,12.88,57.05,67.56,74.32
12.91,12.91,54.49,68.09,76.23
8.38,8.38,59.06,66.48,72.66
7.58,7.58,63.59,67.86,70.92
12.99,12.99,74.68,60.69,75.00
6.33,6.33,68.71,62.33,72.49
6.86,6.86,66.48,75.92,75.91
12.02,12.02,60.49,78.19,74.47
17.31,17.31,54.89,77.35,74.46
20.43,20.43,50.83,77.15,72.23
21.76,21.76,46.68,76.17,73.48
23.20,23.20,47.74,76.02,71.83
24.02,24.02,48.88,77.45,72.02
22.82,22.82,43.58,76.61,73.16
19.43,19.43,35.09,75.21,69.08
19.57,19.57,44.01,75.66,73.35
25.04,25.04,54.77,75.57,74.48
20.56,20.56,49.19,75.50,75.01
20.69,20.69,44.51,74.61,72.68
17.38,17.38,54.29,75.31,76.63
15.22,15.22,63.99,73.74,72.23
18.97,18.97,61.74,72.13,73.97
21.96,21.96,61.37,72.90,75.54
22.42,22.42,53.05,74.17,71.25
22.75,22.75,46.96,73.22,75.15
21.42,21.42,44.43,71.12,72.59
15.93,15.93,48.63,72.34,73.32
13.08,13.08,49.28,71.43,77.21
14.01,14.01,64.60,71.56,75.70
12.88,12.88,60.26,70.23,76.78
14.45,14.45,55.03,70.55,77.31
15.81,15.81,49.72,70.29,74.03
19.82,19.82,45.98,68.39,75.36
18.49,18.49,38.75,69.40,74.56
17.82,17.82,31.76,70.72,77.63
18.67,18.67,36.38,69.06,74.18
16.60,16.60,44.25,68.23,75.11
17.58,17.58,47.99,68.08,76.40
17.98,17.98,50.62,68.45,75.19
19.53,19.53,55.22,69.14,75.61
16.02,16.02,50.71,67.49,71.75
18.94,18.94,41.85,65.97,78.03
19.24,19.24,35.98,67.34,76.39
19.15,19.15,31.76,66.62,75.57
19.18,19.18,29.22,66.82,78.04
21.51,21.51,30.01,67.65,73.54
22.27,22.27,22.77,66.87,73.51
21.95,21.95,31.95,66.32,78.31
17.85,17.85,46.43,64.19,75.66
16.64,16.64,53.64,65.97,73.82
22.96,22.96,69.14,61.08,75.26
15.66,15.66,69.48,63.98,73.60
7.73,7.73,67.99,60.47,76.41
11.37,11.37,62.47,63.01,75.28
16.48,16.48,57.32,64.05,76.83
21.41,21.41,53.71,64.26,75.42
25.64,25.64,49.11,63.76,73.77
27.41,27.41,46.80,61.59,78.28
24.82,24.82,42.24,62.24,75.09
24.60,24.60,36.59,61.34,77.55
22.38,22.38,40.25,63.64,73.26
18.92,18.92,40.20,63.43,73.62
24.50,24.50,48.65,62.18,74.01
23.90,23.90,53.07,58.20,73.29
19.69,19.69,45.99,61.35,74.78
17.33,17.33,45.13,63.80,78.28
14.64,14.64,55.15,62.94,75.08
11.96,11.96,60.59,60.49,73.23
15.58,15.58,67.41,58.24,75.25
17.70,17.70,58.36,60.30,76.37
18.20,18.20,55.03,60.76,70.67
19.47,19.47,45.60,62.82,75.46
18.96,18.96,45.15,63.61,75.69
16.00,16.00,44.34,61.65,74.42
17.74,17.74,56.96,60.70,73.14
15.48,15.48,63.70,59.13,74.70
14.45,14.45,58.84,60.67,75.56
19.52,19.52,54.04,61.40,71.06
21.31,21.31,47.40,60.62,76.46
22.37,22.37,43.37,56.50,75.58
22.81,22.81,36.70,59.23,73.43
23.66,23.66,32.16,60.43,77.08
23.72,23.72,38.23,60.04,72.21
23.10,23.10,41.43,58.35,74.76
20.93,20.93,40.31,57.34,74.55
22.28,22.28,42.18,57.96,73.43
30.25,30.25,50.15,55.06,75.00
27.22,27.22,47.00,60.65,74.06
25.08,25.08,38.20,60.08,72.80
23.48,23.48,36.64,57.60,75.71
24.51,24.51,33.60,55.50,73.47
25.32,25.32,36.43,56.50,74.12
24.69,24.69,35.05,56.67,74.26
25.73,25.73,28.96,59.46,71.65
25.64,25.64,31.32,57.24,72.89
22.59,22.59,47.07,54.56,73.87
20.36,20.36,57.78,56.88,72.66
11.60,11.60,66.46,56.99,71.58
13.02,13.02,73.57,58.55,75.52
7.75,7.75,69.10,57.82,74.26
11.11,11.11,63.82,55.92,74.53
14.85,14.85,58.23,55.72,75.93
21.60,21.60,53.78,55.61,74.06
22.63,22.63,47.37,56.58,72.77
23.31,23.31,42.75,58.31,74.97
24.24,24.24,42.00,59.45,71.80
21.22,21.22,36.40,55.86,73.10
16.07,16.07,40.06,57.33,73.41
16.01,16.01,44.76,54.32,75.31
22.17,22.17,50.40,58.54,73.04
22.93,22.93,52.17,56.20,74.98
21.35,21.35,48.31,56.78,73.25
20.56,20.56,43.39,57.48,73.52
19.99,19.99,49.97,57.98,72.92
18.61,18.61,60.55,57.09,74.40
19.62,19.62,61.41,58.48,74.28
22.28,22.28,64.08,58.83,71.23
22.48,22.48,51.91,56.42,71.95
21.55,21.55,46.19,59.10,75.92
19.79,19.79,43.10,57.05,72.21
14.68,14.68,44.72,59.31,71.26
17.48,17.48,54.68,59.85,77.38
20.63,20.63,63.64,55.28,77.92
20.28,20.28,60.82,55.05,79.22
25.10,25.10,57.03,53.24,76.27
24.71,24.71,51.06,55.56,75.20
25.48,25.48,44.82,57.35,78.42
28.54,28.54,41.33,58.09,75.45
29.78,29.78,34.60,56.38,77.58
31.17,31.17,35.47,57.67,76.45
31.62,31.62,35.85,56.04,74.05
28.49,28.49,36.95,57.80,78.49
24.14,24.14,40.13,58.32,76.24
25.04,25.04,47.31,54.33,78.34
26.26,26.26,44.45,57.30,78.64
22.82,22.82,39.33,54.54,76.66
20.79,20.79,36.58,55.36,77.23
19.69,19.69,30.67,55.51,77.94
20.96,20.96,32.01,56.12,77.54
21.92,21.92,40.19,54.70,75.52
23.28,23.28,37.42,55.23,76.00
24.64,24.64,41.23,55.18,74.57
22.53,22.53,45.01,56.71,71.49
16.86,16.86,49.26,58.96,77.29
10.59,10.59,63.79,54.92,73.60
15.35,15.35,74.71,56.70,73.00
9.65,9.65,70.78,59.62,76.13
10.95,10.95,65.84,57.57,73.48
15.82,15.82,62.11,58.18,73.51
22.37,22.37,57.45,55.55,76.28
25.23,25.23,50.93,58.93,72.78
27.00,27.00,49.24,59.66,71.50
26.22,26.22,44.24,54.94,75.67
22.88,22.88,43.78,58.80,74.31
23.84,23.84,46.79,59.40,72.93
22.12,22.12,44.05,59.68,75.77
24.10,24.10,52.59,60.44,77.47
24.07,24.07,53.12,66.39,74.73
24.85,24.85,47.71,73.85,74.35
26.57,26.57,43.07,73.66,77.91
25.24,25.24,48.02,73.32,72.48
20.61,20.61,57.34,73.40,75.42
23.57,23.57,70.11,73.03,76.70
22.29,22.29,63.36,72.50,72.58
24.81,24.81,57.11,72.97,74.61
26.13,26.13,51.25,72.97,75.89
24.19,24.19,49.09,72.23,76.59
19.03,19.03,55.71,68.56,77.19
13.07,13.07,64.98,57.66,76.76
16.48,16.48,77.44,65.29,72.77
11.26,11.26,79.03,68.89,74.18
14.95,14.95,65.96,73.72,75.72
17.46,17.46,65.17,76.12,73.99
19.14,19.14,59.23,75.63,78.16
17.89,17.89,56.96,75.85,74.57
19.24,19.24,54.81,75.27,75.32
21.77,21.77,44.49,74.75,74.25
21.74,21.74,38.63,77.45,71.60
17.90,17.90,47.18,74.79,72.66
14.57,14.57,52.47,75.59,75.52
16.10,16.10,53.75,75.55,73.36
20.94,20.94,56.33,74.03,76.16
20.70,20.70,47.28,74.15,75.19
23.03,23.03,39.94,73.94,76.26
21.68,21.68,36.94,74.71,73.63
23.62,23.62,33.40,74.76,75.65
24.85,24.85,31.90,73.38,76.13
26.66,26.66,32.60,72.24,78.05
26.72,26.72,30.61,73.68,75.31
24.47,24.47,36.99,73.19,75.87
20.26,20.26,48.48,73.25,77.77
17.02,17.02,55.89,73.36,75.04
17.03,17.03,71.42,72.73,77.04
14.09,14.09,73.87,69.92,74.27
10.45,10.45,66.77,69.29,76.48
14.51,14.51,62.13,72.20,76.52
19.82,19.82,56.79,71.88,75.26
21.77,21.77,49.59,69.59,75.85
23.37,23.37,45.76,67.88,71.70
23.08,23.08,43.61,68.71,74.20
21.35,21.35,42.83,69.54,73.09
20.96,20.96,44.27,70.18,73.93
17.47,17.47,49.47,69.06,73.73
12.78,12.78,53.95,68.97,76.38
19.38,19.38,54.59,69.28,74.15
18.47,18.47,51.29,66.98,74.28
19.18,19.18,47.72,69.05,76.88
16.75,16.75,54.18,69.72,76.01
14.28,14.28,58.14,67.84,77.68
16.72,16.72,69.64,65.81,75.88
19.46,19.46,59.00,66.28,77.09
22.81,22.81,57.69,67.73,75.68
20.52,20.52,50.81,69.00,73.40
21.34,21.34,48.43,66.61,77.40
17.49,17.49,41.47,64.01,75.96
14.83,14.83,54.34,67.41,76.44
18.00,18.00,63.85,68.06,74.55
17.42,17.42,58.55,66.80,77.23
20.86,20.86,51.63,66.44,74.64
22.35,22.35,45.47,66.43,76.34
23.54,23.54,40.37,66.35,78.72
22.02,22.02,32.56,65.57,76.00
23.22,23.22,34.92,67.82,75.94
25.09,25.09,38.43,67.46,78.54
25.27,25.27,35.67,67.15,76.47
22.02,22.02,27.24,64.52,73.62
21.11,21.11,32.89,65.86,77.83
23.13,23.13,52.74,66.39,70.58
24.43,24.43,56.71,66.42,78.27
25.38,25.38,52.76,64.48,76.27
28.75,28.75,40.45,63.57,74.98
30.03,30.03,35.01,65.23,78.57
29.92,29.92,30.03,65.39,73.80
27.97,27.97,22.01,65.69,76.53
30.28,30.28,18.64,63.89,76.78
29.23,29.23,22.43,64.07,71.79
26.82,26.82,27.76,63.74,70.87
25.24,25.24,52.64,63.51,73.70
17.72,17.72,60.20,65.28,72.72
20.12,20.12,65.81,63.48,72.47
16.60,16.60,74.14,61.68,76.76
12.22,12.22,67.17,58.84,73.33
16.26,16.26,64.14,62.06,75.64
21.24,21.24,55.23,64.38,78.36
24.12,24.12,49.06,63.60,75.12
23.69,23.69,40.71,62.36,77.38
22.72,22.72,40.79,62.56,74.39
21.46,21.46,38.70,63.44,75.65
20.17,20.17,33.90,62.20,76.38
20.74,20.74,36.72,64.16,76.69
18.64,18.64,38.00,62.14,77.39
21.51,21.51,50.11,62.91,73.10
19.40,19.40,48.39,62.03,76.41
19.03,19.03,44.14,62.56,77.06
18.61,18.61,41.57,62.29,75.74
13.90,13.90,53.77,61.87,75.00
16.50,16.50,62.16,60.57,76.16
20.94,20.94,62.68,58.54,76.14
22.18,22.18,60.88,60.74,71.90
21.15,21.15,54.01,60.29,75.71
21.64,21.64,48.40,62.87,78.14
19.32,19.32,41.85,58.06,73.20
15.56,15.56,40.27,59.00,77.01
19.30,19.30,56.54,60.76,77.56
18.50,18.50,55.40,61.91,76.72
22.82,22.82,51.28,61.62,76.57
24.51,24.51,41.85,57.91,76.60
26.36,26.36,36.52,57.33,76.39
27.30,27.30,31.39,56.95,75.46
27.26,27.26,26.00,59.17,77.09
28.21,28.21,20.17,58.31,75.87
29.03,29.03,20.80,59.85,74.22
30.15,30.15,25.13,56.42,75.96
29.36,29.36,28.01,57.40,72.27
22.60,22.60,34.40,60.64,76.54
28.58,28.58,43.09,58.93,77.74
26.21,26.21,40.02,59.90,78.54
25.00,25.00,31.63,56.27,76.61
24.28,24.28,26.53,57.45,71.96
25.89,25.89,26.81,55.42,77.78
25.66,25.66,23.73,57.92,76.34
25.66,25.66,21.72,59.02,76.59
28.19,28.19,24.21,56.37,77.13
27.22,27.22,39.24,57.04,76.64
25.14,25.14,46.09,55.48,75.74
16.54,16.54,55.86,59.77,75.73
14.62,14.62,66.52,55.23,77.73
11.53,11.53,71.49,57.19,72.70
15.38,15.38,64.90,57.23,75.66
17.42,17.42,63.00,57.94,77.64
19.78,19.78,53.27,54.83,76.63
22.18,22.18,47.61,57.82,76.64
22.58,22.58,40.25,57.36,75.09
22.73,22.73,36.22,54.35,72.86
22.62,22.62,41.00,55.93,75.14
22.12,22.12,43.38,54.48,74.64
19.36,19.36,32.85,58.81,74.62
19.55,19.55,28.26,58.34,74.38
28.82,28.82,48.26,57.64,74.71
24.61,24.61,46.26,57.45,73.27
24.83,24.83,45.81,57.88,76.47
21.20,21.20,48.56,54.21,73.85
21.44,21.44,59.81,54.06,75.78
26.49,26.49,61.24,57.87,76.56
27.32,27.32,57.99,57.13,72.88
27.73,27.73,52.47,54.47,76.06
27.71,27.71,42.60,55.04,75.88
27.51,27.51,37.17,58.43,73.18
27.33,27.33,44.71,57.43,71.77
23.08,23.08,46.60,56.03,72.70
22.20,22.20,62.76,50.47,74.34
14.25,14.25,59.39,54.04,72.95
21.97,21.97,53.73,57.08,75.93
28.52,28.52,48.80,57.38,74.24
24.63,24.63,42.94,57.61,75.73
19.57,19.57,35.26,55.73,78.65
21.04,21.04,28.29,56.91,74.39
21.27,21.27,24.53,53.24,73.57
23.10,23.10,27.51,56.77,76.92
22.82,22.82,31.02,56.29,69.70
19.89,19.89,38.83,55.97,75.04
22.06,22.06,45.11,57.92,75.56
21.19,21.19,44.12,53.43,70.05
18.09,18.09,36.91,53.55,75.42
19.53,19.53,33.06,56.79,76.26
24.90,24.90,27.20,57.00,76.46
26.26,26.26,31.17,55.39,75.06
26.64,26.64,32.87,56.32,77.56
28.90,28.90,27.60,54.08,75.44
27.27,27.27,36.08,56.96,74.34
25.98,25.98,41.55,55.63,74.46
21.73,21.73,55.66,56.36,77.99
12.28,12.28,58.63,60.15,73.11
14.57,14.57,70.86,62.82,73.21
10.30,10.30,69.63,68.53,76.88
17.81,17.81,64.22,76.04,76.36
21.98,21.98,60.41,76.56,75.39
21.97,21.97,57.67,76.12,75.54
23.59,23.59,54.65,77.01,75.52
22.91,22.91,53.51,75.83,74.27
22.59,22.59,50.48,72.11,74.43
24.23,24.23,46.48,74.71,74.14
23.23,23.23,46.42,76.64,74.24
21.71,21.71,48.21,76.12,74.23
23.56,23.56,52.57,72.75,72.80
20.76,20.76,50.98,71.92,73.27
21.33,21.33,46.49,73.76,74.26
25.43,25.43,48.98,73.28,77.13
27.15,27.15,51.11,73.75,74.08
29.43,29.43,49.99,74.92,72.03
33.98,33.98,66.14,75.55,76.80
30.65,30.65,58.83,70.23,70.85
31.11,31.11,57.26,69.20,70.39
31.84,31.84,54.52,72.15,74.93
34.10,34.10,55.24,73.57,75.14
41.76,41.76,52.97,63.42,73.83
52.18,52.18,58.98,59.71,71.05
61.00,61.00,82.38,67.46,69.72
72.96,72.96,79.65,65.09,74.88
75.42,75.42,75.21,72.24,71.15
75.93,75.93,70.30,77.78,76.26
75.66,75.66,66.22,73.26,73.81
76.65,76.65,57.51,75.99,74.19
75.23,75.23,54.43,76.29,74.13
74.18,74.18,51.36,74.23,73.38
76.07,76.07,44.96,76.89,73.71
77.36,77.36,46.85,73.48,72.93
76.02,76.02,59.96,74.70,72.72
74.04,74.04,67.47,67.26,73.97
69.91,69.91,80.94,69.52,75.37
71.28,71.28,82.19,67.95,73.38
74.67,74.67,69.39,74.99,74.24
74.63,74.63,68.12,75.26,70.24
73.96,73.96,65.53,75.17,73.17
70.88,70.88,60.54,74.08,72.34
69.71,69.71,52.60,75.65,71.38
72.56,72.56,43.84,75.37,72.85
75.03,75.03,42.72,72.74,72.79
76.60,76.60,49.03,75.90,70.30
77.69,77.69,48.68,71.74,70.33
77.36,77.36,59.36,66.10,71.12
75.22,75.22,72.42,71.17,68.16
76.14,76.14,69.78,71.81,71.91
77.26,77.26,63.01,74.30,70.16
76.90,76.90,59.10,74.76,68.23
75.06,75.06,53.02,74.90,71.55
73.84,73.84,47.86,74.88,69.00
75.51,75.51,43.96,72.01,68.88
76.06,76.06,36.88,72.50,71.45
76.10,76.10,32.19,71.10,70.66
76.03,76.03,32.52,73.19,72.64
73.49,73.49,32.22,71.36,70.34
70.03,70.03,44.20,73.35,74.16
72.42,72.42,51.55,71.68,69.55
78.91,78.91,46.51,70.93,72.46
79.37,79.37,45.54,70.56,70.67
79.70,79.70,47.87,72.25,72.32
79.77,79.77,55.28,71.09,70.94
78.12,78.12,57.09,70.59,66.72
79.34,79.34,55.13,69.14,68.59
80.13,80.13,53.39,70.49,65.98
78.58,78.58,48.80,69.90,70.01
77.82,77.82,45.67,70.50,71.67
76.88,76.88,47.53,68.03,72.09
74.25,74.25,50.74,67.10,72.81
75.33,75.33,64.35,71.39,70.33
75.12,75.12,60.26,66.47,72.84
64.07,64.07,54.83,67.56,70.85
64.63,64.63,49.12,69.99,72.87
60.54,60.54,44.16,70.96,70.48
63.81,63.81,36.06,68.20,71.12
62.53,62.53,36.50,70.10,71.64
62.95,62.95,41.43,69.50,71.02
61.19,61.19,54.05,72.52,71.26
58.55,58.55,66.46,74.53,70.18
74.23,74.23,62.80,74.30,72.94
78.03,78.03,54.09,69.66,74.48
77.15,77.15,49.77,70.53,73.46
75.56,75.56,44.66,72.07,73.06
72.01,72.01,46.19,69.69,73.67
72.11,72.11,33.32,69.23,74.07
71.14,71.14,33.21,70.98,72.54
68.71,68.71,32.45,70.40,73.30
68.42,68.42,39.81,70.87,72.69
70.83,70.83,36.30,71.15,74.19
73.15,73.15,48.03,70.38,71.93
70.43,70.43,59.72,69.39,71.61
63.55,63.55,65.88,70.99,72.86
63.37,63.37,70.24,61.42,72.41
62.15,62.15,65.04,63.96,72.22
64.77,64.77,58.88,70.79,73.74
66.09,66.09,53.37,77.08,72.36
66.88,66.88,50.08,79.68,73.08
67.24,67.24,48.30,77.03,75.01
65.67,65.67,48.47,77.44,67.61
65.52,65.52,43.80,77.56,73.91
62.32,62.32,38.01,79.20,69.10
59.44,59.44,38.48,78.26,72.95
56.96,56.96,42.84,76.91,72.18
64.34,64.34,46.40,77.88,69.15
72.78,72.78,45.75,78.23,71.56
73.84,73.84,42.59,75.77,70.44
75.09,75.09,43.61,77.77,69.99
74.12,74.12,55.45,77.50,69.82
72.95,72.95,64.86,77.99,70.28
72.18,72.18,58.96,77.76,70.10
73.56,73.56,54.28,75.13,72.16
73.61,73.61,47.26,76.41,70.31
73.06,73.06,39.42,77.13,70.04
76.37,76.37,37.84,75.33,72.04
76.44,76.44,39.35,77.29,74.48
74.87,74.87,53.35,77.50,73.70
73.41,73.41,60.17,77.07,69.27
72.84,72.84,55.12,77.35,73.23
69.73,69.73,48.85,75.07,73.64
64.68,64.68,46.16,76.26,75.92
69.00,69.00,39.39,76.12,76.12
70.03,70.03,34.97,74.80,75.32
71.51,71.51,33.81,76.83,75.25
70.90,70.90,36.15,75.98,71.03
69.11,69.11,37.45,76.90,72.21
71.31,71.31,31.22,77.44,70.06
69.61,69.61,36.11,75.71,75.35
66.52,66.52,38.81,77.04,73.11
63.25,63.25,38.84,76.84,71.20
68.61,68.61,39.06,76.56,72.87
72.29,72.29,37.67,77.05,73.14
71.23,71.23,34.67,76.61,67.71
72.36,72.36,33.40,76.67,72.09
72.90,72.90,34.12,77.18,69.88
72.81,72.81,38.32,74.83,68.88
73.47,73.47,47.16,76.42,69.46
72.92,72.92,50.07,77.21,72.51
72.79,72.79,54.68,75.36,75.76
72.87,72.87,61.26,76.63,72.47
71.75,71.75,69.57,75.44,70.96
72.80,72.80,65.37,76.31,74.28
74.63,74.63,61.77,76.08,71.16
75.08,75.08,58.15,75.11,72.78
74.92,74.92,57.85,76.21,71.20
75.18,75.18,48.53,76.06,74.15
74.45,74.45,47.76,76.28,71.89
74.87,74.87,48.53,76.26,73.25
75.01,75.01,54.13,75.36,71.07
75.38,75.38,44.69,74.69,69.64
75.76,75.76,46.01,75.62,69.97
75.45,75.45,52.18,74.87,72.22
74.27,74.27,54.05,77.24,72.24
72.36,72.36,48.64,75.89,73.24
72.87,72.87,46.18,76.56,68.49
71.34,71.34,48.77,76.74,71.90
70.36,70.36,61.86,76.35,72.63
69.16,69.16,63.27,76.61,72.32
66.85,66.85,57.51,75.31,70.12
68.51,68.51,50.16,76.48,69.31
67.73,67.73,45.77,76.92,73.41
66.83,66.83,42.43,75.79,66.15
64.26,64.26,46.45,76.42,72.50
66.30,66.30,53.76,76.15,73.20
70.87,70.87,59.93,75.47,71.80
72.44,72.44,55.68,75.66,74.94
71.33,71.33,51.30,74.15,72.33
68.23,68.23,45.89,75.10,72.93
63.72,63.72,39.15,76.18,72.54
64.05,64.05,33.56,74.06,73.11
65.29,65.29,29.34,74.94,71.33
66.85,66.85,28.70,74.34,73.86
63.95,63.95,37.42,75.13,72.35
60.71,60.71,43.31,75.02,71.95
59.36,59.36,47.68,73.27,71.60
57.35,57.35,52.02,74.34,76.40
55.69,55.69,46.47,74.53,75.99
53.55,53.55,38.44,73.26,74.88
52.69,52.69,31.37,74.19,76.17
54.69,54.69,29.89,73.80,74.01
57.62,57.62,29.94,74.60,75.32
59.97,59.97,30.57,74.24,76.01
61.00,61.00,36.49,72.48,74.03
63.79,63.79,37.95,74.31,76.36
65.53,65.53,43.70,75.01,72.85
66.46,66.46,51.51,74.13,71.65
65.90,65.90,71.92,72.51,74.43
64.93,64.93,69.48,74.64,72.10
66.72,66.72,64.14,74.26,75.05
66.09,66.09,60.06,72.21,73.69
63.95,63.95,53.85,74.90,74.52
61.68,61.68,47.73,74.32,73.77
57.05,57.05,44.22,73.79,75.88
56.04,56.04,40.24,74.66,75.86
53.49,53.49,34.29,71.59,74.82
44.43,44.43,36.93,74.46,76.08
45.72,45.72,36.28,74.25,72.51
50.14,50.14,49.28,69.12,74.70
61.30,61.30,50.60,73.85,71.54
63.42,63.42,44.49,71.79,70.23
62.09,62.09,43.59,70.24,74.25
62.43,62.43,49.89,71.11,70.31
62.17,62.17,64.50,66.09,71.40
60.39,60.39,64.40,72.10,71.46
59.99,59.99,58.31,72.67,70.50
61.72,61.72,50.92,69.82,73.68
60.98,60.98,47.29,74.26,70.46
54.22,54.22,49.05,72.50,68.60
50.14,50.14,64.27,67.02,68.20
54.62,54.62,77.27,64.20,70.76
53.72,53.72,81.77,65.19,73.12
46.81,46.81,69.86,72.27,74.63
48.05,48.05,65.04,75.01,74.53
44.14,44.14,64.76,73.98,73.61
37.62,37.62,65.08,74.43,74.76
37.93,37.93,51.13,73.56,74.98
36.87,36.87,50.34,73.74,76.05
36.49,36.49,53.44,75.04,75.17
37.37,37.37,40.73,73.46,73.84
36.86,36.86,49.42,74.68,74.44
35.35,35.35,52.23,73.29,73.89
37.45,37.45,44.51,73.03,75.82
40.98,40.98,50.59,73.88,75.12
41.16,41.16,47.77,74.75,76.25
37.13,37.13,45.27,70.09,74.15
41.44,41.44,38.39,73.73,73.34
39.53,39.53,36.88,71.90,75.68
37.44,37.44,30.03,73.57,74.56
36.81,36.81,34.57,74.04,73.14
42.27,42.27,36.34,71.91,68.70
38.80,38.80,31.51,74.96,69.57
38.57,38.57,44.62,74.57,69.70
41.67,41.67,57.29,72.78,73.69
45.80,45.80,69.34,72.15,73.49
46.50,46.50,71.75,72.25,74.58
54.29,54.29,65.95,74.34,73.77
59.60,59.60,61.16,73.99,74.11
59.25,59.25,54.80,73.05,73.89
55.94,55.94,48.42,75.28,73.07
51.58,51.58,43.69,74.69,72.82
48.97,48.97,41.15,74.87,72.55
48.89,48.89,34.41,74.71,72.22
47.96,47.96,38.83,74.38,70.74
46.56,46.56,43.66,74.89,70.59
46.48,46.48,46.09,73.35,70.41
46.58,46.58,51.63,74.09,71.99
45.95,45.95,52.11,75.09,73.22
44.67,44.67,47.63,74.93,74.20
40.96,40.96,43.75,74.24,71.90
37.94,37.94,48.79,73.19,73.40
40.20,40.20,56.13,73.86,71.62
39.69,39.69,66.83,74.09,72.75
37.48,37.48,57.00,73.09,71.77
33.86,33.86,50.84,73.03,72.71
29.50,29.50,44.59,72.95,73.93
27.98,27.98,38.40,73.11,70.92
26.19,26.19,36.75,71.78,75.31
28.78,28.78,48.23,70.80,71.80
24.95,24.95,60.47,72.40,73.11
23.95,23.95,56.95,72.23,75.31
22.43,22.43,51.11,67.31,71.99
25.64,25.64,44.31,71.57,76.33
26.88,26.88,38.48,67.56,72.46
27.99,27.99,29.70,67.61,72.99
31.51,31.51,29.32,69.85,70.90
35.27,35.27,29.42,67.82,70.00
26.82,26.82,26.96,71.42,70.70
14.16,14.16,40.69,72.25,71.63
16.90,16.90,43.33,69.50,73.52
25.29,25.29,50.10,72.85,74.42
24.71,24.71,46.48,73.09,76.64
24.02,24.02,37.17,71.77,78.14
22.83,22.83,27.94,72.83,76.42
23.68,23.68,30.20,70.23,77.29
24.86,24.86,29.74,73.01,75.99
26.34,26.34,20.75,73.17,75.77
26.98,26.98,23.35,71.04,76.31
25.84,25.84,32.41,72.93,74.28
26.51,26.51,44.28,72.46,77.81
18.27,18.27,50.65,71.79,73.61
18.31,18.31,60.94,71.83,74.36
16.68,16.68,73.92,70.95,75.33
12.59,12.59,67.89,72.48,72.64
16.63,16.63,63.99,72.46,75.81
18.07,18.07,58.16,71.42,72.34
20.99,20.99,51.91,72.97,74.91
22.94,22.94,44.98,72.59,73.61
24.66,24.66,40.73,72.58,74.09
26.37,26.37,38.91,71.17,70.45
23.74,23.74,37.65,70.94,71.16
22.28,22.28,32.06,72.02,70.57
16.42,16.42,34.58,71.25,69.70
19.15,19.15,53.93,69.14,74.23
18.66,18.66,54.58,69.43,71.67
24.70,24.70,49.53,67.66,74.98
23.66,23.66,44.61,66.12,72.29
20.36,20.36,53.30,69.67,74.72
17.79,17.79,64.82,65.25,72.16
19.53,19.53,67.11,69.20,74.60
22.07,22.07,57.82,69.99,73.06
25.22,25.22,51.89,66.71,72.22
26.74,26.74,46.69,71.12,73.17
23.38,23.38,42.23,69.09,71.59
14.92,14.92,41.14,70.78,72.79
14.75,14.75,54.32,71.13,70.29
12.89,12.89,61.42,67.05,73.87
14.29,14.29,56.45,70.96,74.20
17.80,17.80,50.00,70.86,71.96
21.84,21.84,45.53,69.16,74.28
25.44,25.44,37.74,71.45,72.98
25.37,25.37,33.31,71.40,72.04
23.26,23.26,30.44,71.59,72.49
23.17,23.17,28.50,71.83,70.28
23.18,23.18,40.67,71.23,72.85
21.46,21.46,41.48,71.56,68.93
22.60,22.60,39.94,70.60,73.29
22.61,22.61,49.58,70.55,70.17
21.90,21.90,43.69,71.47,74.92
24.27,24.27,36.48,71.09,73.50
25.74,25.74,30.68,70.78,72.91
24.25,24.25,27.04,70.42,73.48
25.11,25.11,22.58,71.20,72.24
23.86,23.86,22.00,71.74,73.75
25.38,25.38,27.25,70.21,74.34
24.22,24.22,32.02,69.74,72.27
21.97,21.97,38.01,69.67,71.58
15.69,15.69,51.60,70.85,71.31
11.97,11.97,65.90,69.04,69.41
11.91,11.91,71.29,71.91,72.06
7.89,7.89,66.46,69.16,72.56
15.25,15.25,61.29,69.21,74.66
19.19,19.19,55.76,69.31,72.30
22.68,22.68,51.03,65.28,73.89
24.23,24.23,44.10,71.49,72.78
27.19,27.19,39.32,68.57,74.13
27.49,27.49,35.01,69.83,72.57
24.69,24.69,32.72,71.50,69.47
17.83,17.83,33.81,69.68,74.25
13.47,13.47,34.70,71.80,71.76
22.49,22.49,50.09,69.82,76.03
21.40,21.40,50.78,68.62,79.20
21.82,21.82,43.32,70.94,78.48
20.52,20.52,41.99,70.82,77.19
18.40,18.40,48.43,70.33,76.97
22.36,22.36,62.27,70.94,78.11
27.14,27.14,58.09,70.74,75.94
28.81,28.81,51.54,71.22,76.35
28.60,28.60,42.44,69.68,76.03
28.96,28.96,39.54,69.91,73.68
23.55,23.55,40.16,70.77,72.19
14.51,14.51,41.24,70.09,71.31
14.61,14.61,58.09,71.19,70.57
11.66,11.66,61.37,71.49,72.04
12.81,12.81,55.88,71.65,73.86
18.65,18.65,51.24,72.04,74.52
21.13,21.13,46.34,70.04,74.81
22.55,22.55,38.56,70.22,71.50
23.16,23.16,31.92,69.76,74.31
23.27,23.27,28.93,69.69,72.95
26.84,26.84,31.09,69.50,73.47
26.29,26.29,37.43,68.02,73.05
25.06,25.06,36.93,68.68,72.98
29.13,29.13,41.95,68.52,71.06
27.69,27.69,48.26,68.18,72.13
26.31,26.31,41.87,68.22,69.48
26.35,26.35,35.72,68.99,70.72
28.56,28.56,28.59,70.69,75.46
31.16,31.16,29.61,68.88,72.71
31.86,31.86,28.28,69.95,71.60
32.09,32.09,23.14,70.06,74.44
31.86,31.86,24.80,67.73,68.05
31.61,31.61,27.07,69.75,74.67
30.56,30.56,32.15,68.64,67.45
25.10,25.10,48.44,68.11,74.08
15.65,15.65,57.20,69.94,69.95
21.27,21.27,75.17,66.99,73.55
17.72,17.72,69.81,66.78,77.54
21.08,21.08,63.08,69.01,77.06
28.87,28.87,58.75,68.19,77.46
29.71,29.71,51.83,69.25,74.13
27.74,27.74,46.77,68.42,76.58
27.64,27.64,41.75,67.46,74.78
28.15,28.15,34.51,69.45,74.84
27.55,27.55,33.04,66.20,75.40
31.98,31.98,38.04,69.52,70.59
37.01,37.01,40.15,68.17,73.18
51.30,51.30,52.02,57.79,72.64
59.48,59.48,49.78,55.99,76.05
68.35,68.35,47.83,54.68,73.70
67.84,67.84,41.86,55.70,72.84
66.50,66.50,40.75,51.98,71.04
64.11,64.11,54.25,51.63,69.01
53.03,53.03,63.96,54.68,71.29
48.77,48.77,53.47,51.31,76.49
42.03,42.03,46.09,50.99,71.44
36.33,36.33,39.51,53.35,68.94
40.83,40.83,45.16,43.45,73.68
54.36,54.36,49.76,48.33,73.02
61.63,61.63,71.16,61.94,71.57
70.52,70.52,79.14,66.31,73.78
76.74,76.74,73.35,70.53,73.62
76.30,76.30,67.99,75.39,72.24
76.66,76.66,65.46,75.66,73.49
76.84,76.84,62.10,74.14,72.50
77.55,77.55,58.50,73.84,71.83
77.09,77.09,50.57,72.18,74.16
77.06,77.06,48.20,74.70,70.57
77.03,77.03,51.33,74.70,68.36
76.01,76.01,57.78,73.79,69.70
76.52,76.52,65.79,68.89,70.99
75.44,75.44,75.79,57.42,68.15
74.07,74.07,79.20,60.19,68.18
73.93,73.93,71.56,69.12,70.69
73.38,73.38,60.65,72.69,71.32
73.75,73.75,61.91,72.60,71.04
74.27,74.27,45.02,74.22,74.33
73.89,73.89,50.18,73.89,73.35
71.34,71.34,55.06,73.23,73.63
71.34,71.34,55.67,73.35,74.61
71.36,71.36,54.49,73.64,75.26
72.50,72.50,55.14,73.76,74.64
72.53,72.53,55.99,73.31,75.66
71.80,71.80,69.26,73.77,74.13
71.38,71.38,68.33,73.14,73.25
72.50,72.50,64.65,73.21,78.62
73.47,73.47,59.37,72.57,73.70
72.12,72.12,54.05,73.58,75.32
72.24,72.24,48.32,74.20,76.95
71.53,71.53,41.90,73.23,74.81
74.19,74.19,34.58,73.67,75.64
74.67,74.67,32.02,73.05,76.91
75.21,75.21,34.49,73.68,74.06
75.56,75.56,42.05,72.57,74.73
74.19,74.19,42.78,70.29,73.47
72.25,72.25,56.93,72.15,70.81
73.08,73.08,50.02,71.78,74.25
73.75,73.75,44.46,72.68,70.06
74.74,74.74,41.63,71.14,71.08
76.24,76.24,44.70,73.19,71.92
75.05,75.05,54.08,71.03,68.59
73.89,73.89,55.79,72.18,74.48
72.66,72.66,47.57,72.75,70.15
73.95,73.95,40.42,72.72,69.10
72.61,72.61,35.21,72.30,73.26
72.62,72.62,38.83,72.27,75.60
70.77,70.77,44.46,71.81,75.66
72.55,72.55,61.39,71.86,77.56
73.82,73.82,60.72,72.59,78.03
72.97,72.97,55.25,70.97,75.89
74.46,74.46,49.37,70.40,77.72
74.79,74.79,43.30,71.78,78.12
73.98,73.98,36.92,70.26,76.46
72.94,72.94,30.74,72.19,77.25
73.90,73.90,30.08,69.25,76.72
67.58,67.58,29.89,71.90,76.24
67.39,67.39,30.48,68.41,77.90
63.50,63.50,35.10,71.33,77.15
63.88,63.88,40.28,69.81,74.89
63.38,63.38,43.42,70.68,76.37
65.80,65.80,47.53,69.38,77.86
65.35,65.35,43.94,70.77,77.78
68.46,68.46,41.55,69.55,77.68
69.66,69.66,36.88,69.81,75.53
69.08,69.08,36.13,70.85,75.86
69.45,69.45,31.45,70.80,75.43
67.83,67.83,33.81,70.20,72.81
67.89,67.89,44.23,69.50,74.12
67.39,67.39,55.16,70.07,73.01
65.36,65.36,62.54,70.14,71.77
62.69,62.69,68.25,69.81,73.70
60.43,60.43,64.12,69.68,74.10
69.91,69.91,61.57,69.10,73.56
75.55,75.55,56.45,68.40,70.70
73.32,73.32,49.48,71.14,74.84
72.47,72.47,42.61,70.74,72.66
73.98,73.98,37.48,69.64,74.37
74.00,74.00,33.49,71.05,73.39
74.71,74.71,33.14,70.03,73.93
74.74,74.74,32.28,70.77,72.31
74.66,74.66,37.31,70.30,70.87
74.35,74.35,42.48,69.46,71.00
73.42,73.42,56.01,69.61,71.94
72.00,72.00,52.06,67.45,75.00
73.74,73.74,48.32,69.74,73.46
75.09,75.09,48.45,67.94,74.44
74.31,74.31,50.34,67.49,75.06
73.75,73.75,60.31,67.72,73.22
73.14,73.14,55.70,66.43,72.94
73.86,73.86,51.68,66.06,73.08
73.69,73.69,48.41,64.56,73.70
75.15,75.15,44.60,68.57,72.93
74.43,74.43,43.24,64.11,72.56
74.72,74.72,47.29,66.89,73.03
74.12,74.12,57.96,64.53,72.29
73.07,73.07,61.74,68.18,71.52
70.86,70.86,56.37,64.00,73.88
70.93,70.93,51.05,66.20,71.08
71.40,71.40,45.99,66.39,71.82
73.24,73.24,41.48,66.90,74.73
74.01,74.01,40.79,67.95,72.58
74.47,74.47,40.04,65.61,74.90
74.50,74.50,38.59,64.68,75.42
73.64,73.64,39.10,65.71,73.44
70.77,70.77,42.68,65.76,75.70
69.43,69.43,50.33,67.36,74.75
68.70,68.70,50.85,60.41,75.09
68.58,68.58,47.27,66.32,73.00
67.94,67.94,43.10,63.91,72.63
68.65,68.65,38.74,66.44,73.89
67.57,67.57,34.23,65.43,70.19
65.38,65.38,30.56,65.04,74.75
63.48,63.48,27.00,65.88,70.71
62.37,62.37,23.92,64.88,74.13
65.30,65.30,31.89,65.49,72.02
70.35,70.35,40.66,65.46,75.89
71.19,71.19,51.28,65.44,71.22
71.28,71.28,63.36,63.96,75.39
71.35,71.35,69.93,66.68,72.65
69.72,69.72,64.59,63.72,72.70
67.55,67.55,60.55,65.11,73.59
66.59,66.59,55.84,65.58,69.70
66.03,66.03,49.97,62.67,72.58
66.98,66.98,45.56,65.74,71.64
65.89,65.89,40.53,60.89,72.14
64.59,64.59,37.06,62.20,73.78
64.15,64.15,35.29,61.54,73.36
62.24,62.24,35.20,61.75,73.98
64.22,64.22,39.74,60.22,74.83
62.77,62.77,52.74,61.28,76.17
61.57,61.57,48.10,60.23,75.12
64.12,64.12,42.61,59.28,74.48
66.78,66.78,41.94,61.20,73.13
67.35,67.35,48.87,57.64,73.05
66.24,66.24,62.98,63.02,74.41
66.75,66.75,56.49,60.05,73.76
65.91,65.91,50.34,60.55,72.88
63.71,63.71,44.07,58.90,72.23
63.05,63.05,37.41,58.96,71.91
57.85,57.85,40.15,61.58,72.48
47.87,47.87,48.80,62.93,70.52
56.77,56.77,62.76,60.85,72.56
55.80,55.80,59.46,62.21,73.05
47.63,47.63,55.01,59.78,72.95
45.01,45.01,48.33,61.46,71.54
43.90,43.90,44.13,61.39,74.30
48.59,48.59,36.53,59.86,72.41
48.79,48.79,29.35,61.74,73.58
48.11,48.11,25.88,59.34,72.97
43.61,43.61,25.04,62.38,71.76
52.17,52.17,27.66,60.30,75.86
55.76,55.76,30.31,62.06,73.97
54.67,54.67,48.43,60.70,72.47
54.37,54.37,43.49,60.05,78.37
52.52,52.52,34.71,59.17,77.81
53.80,53.80,26.15,60.40,75.92
52.98,52.98,23.08,60.93,78.99
49.02,49.02,20.20,60.08,75.91
41.37,41.37,22.39,61.83,76.06
46.78,46.78,21.29,59.49,77.45
48.23,48.23,22.83,61.62,71.96
45.09,45.09,31.84,60.41,73.43
49.08,49.08,44.38,61.04,73.97
38.72,38.72,60.46,59.33,72.66
30.84,30.84,73.43,59.34,72.95
37.78,37.78,69.41,57.52,77.53
38.41,38.41,63.70,62.73,74.99
39.50,39.50,58.69,64.98,75.54
45.45,45.45,52.17,62.93,74.61
41.42,41.42,45.34,64.20,75.39
42.56,42.56,38.58,62.20,76.22
45.84,45.84,34.39,57.43,75.52
47.60,47.60,29.62,53.53,75.69
45.50,45.50,29.50,51.17,76.18
45.82,45.82,34.06,53.31,76.99
46.07,46.07,47.55,56.62,76.45
45.42,45.42,52.65,65.24,76.61
42.98,42.98,47.93,65.33,76.22
44.83,44.83,44.38,65.81,75.39
43.65,43.65,50.21,65.28,76.55
39.79,39.79,62.11,66.47,74.47
31.64,31.64,61.26,66.66,66.35
34.25,34.25,55.85,65.59,67.51
34.41,34.41,50.38,65.81,66.38
34.88,34.88,45.68,65.48,65.73
34.38,34.38,43.58,65.97,72.04
30.34,30.34,50.78,64.92,71.58
18.17,18.17,62.66,63.55,70.89
14.83,14.83,83.59,62.37,72.00
15.75,15.75,78.77,59.14,72.74
18.53,18.53,66.81,60.65,71.26
19.22,19.22,64.61,64.10,71.75
20.15,20.15,60.81,65.98,70.07
21.65,21.65,62.28,65.51,69.76
25.48,25.48,58.91,64.19,68.46
26.52,26.52,55.50,62.26,69.60
25.09,25.09,58.71,62.78,68.87
21.84,21.84,57.24,64.24,67.39
17.25,17.25,52.11,64.50,66.35
13.57,13.57,58.74,61.88,71.27
15.90,15.90,55.22,56.79,72.02
19.98,19.98,48.28,59.23,72.57
24.63,24.63,40.70,60.40,72.24
24.40,24.40,44.65,59.24,72.80
26.51,26.51,39.65,59.31,74.31
27.02,27.02,35.87,58.00,72.84
26.23,26.23,43.40,53.80,73.05
25.14,25.14,37.83,50.21,73.39
21.44,21.44,46.88,50.57,72.32
14.52,14.52,57.21,49.74,71.71
11.82,11.82,63.99,50.72,75.92
11.58,11.58,71.54,53.28,70.00
10.33,10.33,66.62,63.12,72.57
14.63,14.63,62.13,65.15,76.33
17.20,17.20,56.20,65.09,69.62
20.05,20.05,50.47,64.57,72.91
22.79,22.79,44.41,64.71,73.96
24.11,24.11,38.68,64.49,70.33
24.19,24.19,38.10,64.36,75.84
26.10,26.10,33.38,65.17,71.51
23.87,23.87,38.61,62.99,71.75
18.57,18.57,37.58,64.10,73.68
9.61,9.61,35.35,63.81,75.46
19.87,19.87,50.64,63.26,78.52
18.97,18.97,48.44,62.66,80.68
19.72,19.72,44.81,62.99,78.02
15.44,15.44,51.85,61.88,79.87
14.91,14.91,59.77,60.98,79.29
16.31,16.31,66.43,61.24,77.40
16.70,16.70,59.40,62.61,78.46
17.98,17.98,53.90,63.13,79.43
16.79,16.79,46.38,61.86,77.35
15.46,15.46,41.84,62.55,79.28
12.65,12.65,46.50,61.11,77.44
12.75,12.75,56.43,62.32,76.80
17.67,17.67,61.46,64.38,78.77
14.60,14.60,57.28,64.37,76.21
18.02,18.02,52.70,64.97,74.60
21.82,21.82,45.69,64.86,76.73
21.61,21.61,40.02,64.66,74.99
22.36,22.36,36.15,64.21,74.19
22.66,22.66,36.26,60.02,74.61
22.65,22.65,31.03,48.09,71.53
24.12,24.12,30.17,46.42,70.31
25.31,25.31,36.24,49.75,71.28
20.85,20.85,37.23,50.95,71.82
26.63,26.63,53.48,61.00,71.93
22.08,22.08,47.26,65.17,72.02
23.37,23.37,39.10,64.94,72.46
28.14,28.14,34.07,64.31,72.69
28.07,28.07,35.14,64.34,74.72
29.79,29.79,32.47,64.55,73.11
30.19,30.19,37.62,64.35,74.71
31.34,31.34,42.48,64.19,72.50
30.85,30.85,43.55,64.54,72.91
33.59,33.59,43.45,63.13,73.73
28.74,28.74,45.09,63.89,72.15
17.37,17.37,55.08,65.35,73.90
16.23,16.23,68.81,67.70,73.51
12.60,12.60,68.57,67.23,72.97
13.66,13.66,62.63,64.34,73.72
17.16,17.16,57.03,63.73,74.24
18.19,18.19,50.40,62.94,74.36
17.98,17.98,44.16,62.83,72.06
18.86,18.86,38.70,62.69,76.01
18.60,18.60,40.85,62.37,72.22
18.37,18.37,40.11,62.40,74.29
16.89,16.89,43.10,61.89,74.26
12.84,12.84,43.38,62.39,71.96
17.03,17.03,47.97,61.90,72.62
19.62,19.62,51.77,60.97,75.17
18.63,18.63,45.68,59.38,72.75
18.45,18.45,39.71,60.99,73.52
18.43,18.43,46.72,61.05,76.75
17.96,17.96,56.81,61.82,74.06
21.28,21.28,62.81,61.69,75.73
23.34,23.34,55.12,55.60,73.73
23.98,23.98,49.26,45.14,73.79
23.24,23.24,44.15,49.43,75.94
21.21,21.21,42.07,43.62,74.37
15.78,15.78,43.88,46.87,75.15
17.99,17.99,56.53,59.42,74.89
14.32,14.32,64.36,64.20,72.95
13.66,13.66,59.79,64.54,70.68
17.44,17.44,52.41,64.51,79.74
21.27,21.27,46.04,64.55,78.10
23.06,23.06,40.05,64.58,77.55
21.98,21.98,33.50,63.98,78.58
24.00,24.00,40.79,64.41,77.15
25.66,25.66,44.71,64.89,76.88
24.44,24.44,46.10,65.00,76.64
20.01,20.01,44.06,65.27,75.31
15.95,15.95,43.04,65.09,75.78
22.19,22.19,52.16,65.02,71.83
20.62,20.62,45.72,63.69,70.45
20.22,20.22,37.96,63.76,73.86
23.31,23.31,35.94,63.70,73.46
24.09,24.09,41.07,62.65,71.47
25.21,25.21,42.75,63.16,73.65
24.30,24.30,45.71,63.57,71.42
24.89,24.89,45.77,63.96,71.78
23.68,23.68,39.89,64.14,71.92
24.45,24.45,44.72,64.30,70.73
18.12,18.12,45.33,63.70,71.56
14.56,14.56,53.89,62.27,72.35
20.67,20.67,65.67,59.94,72.22
16.96,16.96,70.82,60.46,72.04
16.55,16.55,65.06,62.35,75.98
19.37,19.37,59.07,61.72,75.67
24.71,24.71,52.72,62.01,74.84
24.12,24.12,47.84,62.24,74.57
21.63,21.63,43.51,62.14,75.28
21.80,21.80,38.39,59.49,73.48
19.90,19.90,44.60,50.78,74.28
19.70,19.70,43.16,49.63,74.61
17.55,17.55,40.25,48.40,73.32
20.22,20.22,40.07,42.84,72.15
25.51,25.51,53.92,56.79,74.41
24.52,24.52,47.15,64.15,73.55
22.77,22.77,40.62,65.48,72.86
22.49,22.49,40.93,65.57,75.62
24.22,24.22,41.16,65.43,73.54
25.81,25.81,50.29,65.39,73.16
29.12,29.12,62.53,65.23,75.28
34.36,34.36,55.45,64.95,74.21
45.42,45.42,48.25,65.52,72.76
57.27,57.27,45.94,66.11,75.51
64.57,64.57,49.23,65.84,70.69
72.20,72.20,54.39,63.81,73.28
75.06,75.06,63.70,62.61,73.67
75.51,75.51,60.44,61.95,74.91
75.51,75.51,54.93,62.79,75.06
78.22,78.22,49.31,62.76,73.76
78.32,78.32,42.82,63.03,73.81
77.66,77.66,35.96,63.71,73.35
78.05,78.05,33.69,62.94,71.94
78.18,78.18,33.52,62.67,72.52
77.32,77.32,32.02,62.74,74.17
77.23,77.23,31.13,62.82,70.37
76.93,76.93,37.52,62.22,74.52
76.94,76.94,42.63,62.53,71.52
76.33,76.33,40.23,60.66,72.33
76.17,76.17,36.19,58.47,74.64
75.93,75.93,36.09,58.85,75.42
75.95,75.95,30.97,60.33,72.64
76.58,76.58,29.74,61.18,74.90
76.13,76.13,26.54,61.83,73.54
76.31,76.31,28.22,61.80,73.62
76.77,76.77,31.40,58.94,74.62
76.54,76.54,35.63,48.91,74.73
75.94,75.94,48.01,46.17,72.21
75.70,75.70,57.87,45.79,74.50
75.20,75.20,60.92,53.48,73.03
75.86,75.86,69.08,60.34,74.61
73.80,73.80,65.16,63.47,73.22
75.86,75.86,60.62,65.57,74.06
75.63,75.63,56.64,66.96,72.21
76.12,76.12,50.86,67.69,73.47
75.88,75.88,44.02,67.80,73.55
75.81,75.81,39.06,67.15,71.92
76.34,76.34,36.29,67.49,73.88
75.26,75.26,35.65,67.53,71.84
75.31,75.31,40.99,67.16,75.76
74.71,74.71,46.68,66.90,73.00
74.00,74.00,53.59,66.53,73.75
74.08,74.08,46.49,66.54,76.87
74.03,74.03,39.97,65.35,74.62
76.18,76.18,38.41,65.60,77.51
76.33,76.33,46.64,65.16,76.29
74.75,74.75,54.27,65.19,76.76
74.42,74.42,64.80,65.24,76.59
75.11,75.11,56.72,64.62,75.61
74.55,74.55,51.60,64.00,77.10
72.62,72.62,50.17,62.42,77.86
72.22,72.22,53.24,59.27,76.64
73.00,73.00,67.73,60.57,75.34
72.35,72.35,78.80,57.22,73.48
71.24,71.24,74.13,67.43,74.88
73.31,73.31,68.80,72.36,75.27
73.18,73.18,62.83,68.61,76.26
72.97,72.97,55.72,70.38,76.66
73.41,73.41,52.03,71.01,76.73
73.62,73.62,47.02,72.46,76.98
74.04,74.04,40.29,70.57,75.80
72.73,72.73,41.97,70.41,76.33
73.64,73.64,43.99,71.30,73.87
74.61,74.61,56.69,70.52,73.43
72.14,72.14,64.62,69.07,73.12
71.44,71.44,79.03,69.65,70.77
72.69,72.69,80.56,67.95,72.28
72.62,72.62,67.02,69.00,73.01
73.93,73.93,63.42,71.78,69.40
72.49,72.49,63.91,69.91,70.90
71.88,71.88,58.10,71.23,70.35
73.53,73.53,55.91,72.33,70.54
72.73,72.73,58.03,71.11,69.65
73.17,73.17,53.13,71.29,69.67
74.28,74.28,48.57,72.07,70.73
73.83,73.83,57.64,70.84,70.16
73.70,73.70,72.85,70.05,72.39
73.52,73.52,68.76,67.54,72.62
73.76,73.76,64.56,69.76,74.00
74.22,74.22,60.61,70.97,74.48
72.61,72.61,53.05,69.84,74.28
70.41,70.41,46.87,68.98,73.88
70.42,70.42,40.43,69.95,73.87
70.17,70.17,36.79,71.11,73.88
70.65,70.65,33.81,69.70,74.41
70.51,70.51,33.84,69.01,75.04
72.43,72.43,33.34,70.39,75.13
71.41,71.41,42.56,69.72,73.79
71.19,71.19,48.31,69.84,73.50
71.62,71.62,40.40,69.75,74.59
72.67,72.67,39.91,69.11,74.98
71.65,71.65,51.08,68.80,73.90
67.37,67.37,52.31,69.69,74.05
66.22,66.22,65.74,67.57,73.27
65.24,65.24,57.05,67.17,72.18
67.81,67.81,52.97,68.34,71.73
66.98,66.98,45.79,66.94,71.49
66.94,66.94,40.92,67.06,71.85
69.86,69.86,41.29,68.07,69.89
66.47,66.47,47.70,67.48,71.77
64.47,64.47,63.18,67.87,74.68
68.19,68.19,60.28,66.57,77.83
66.46,66.46,54.19,66.00,79.99
65.49,65.49,47.52,66.17,79.67
63.70,63.70,40.71,66.86,79.18
62.20,62.20,34.58,65.17,78.26
60.33,60.33,30.68,65.38,78.12
58.13,58.13,27.31,65.80,75.97
60.10,60.10,26.89,65.07,74.78
61.46,61.46,29.18,64.41,76.08
60.54,60.54,37.71,64.53,75.43
62.26,62.26,49.41,65.23,76.21
62.49,62.49,43.86,62.71,77.44
61.55,61.55,36.64,64.22,76.88
59.87,59.87,29.80,63.52,76.04
60.14,60.14,25.45,62.74,77.93
56.37,56.37,24.84,64.17,78.32
53.97,53.97,18.81,63.50,77.36
51.04,51.04,19.37,62.64,76.46
50.68,50.68,23.13,63.37,75.92
51.59,51.59,41.66,63.24,74.07
55.12,55.12,56.98,62.86,72.84
53.48,53.48,59.58,62.95,72.04
46.04,46.04,73.90,65.08,72.79
56.88,56.88,69.84,62.17,71.17
63.48,63.48,63.66,61.91,73.95
57.94,57.94,58.73,63.51,77.27
55.03,55.03,53.80,62.49,77.27
53.06,53.06,49.05,64.46,76.67
49.83,49.83,43.31,62.96,75.98
44.18,44.18,41.54,61.38,75.20
46.00,46.00,35.32,63.26,75.57
42.46,42.46,33.75,62.97,74.95
39.59,39.59,33.28,62.46,76.22
45.21,45.21,40.48,62.29,76.20
43.93,43.93,52.01,61.97,75.85
42.08,42.08,49.42,62.60,76.21
42.03,42.03,45.21,61.52,76.26
40.73,40.73,46.66,63.70,75.79
40.47,40.47,52.47,62.73,74.42
44.84,44.84,64.51,63.28,75.07
45.21,45.21,65.76,63.46,74.11
44.15,44.15,56.70,61.90,74.11
43.27,43.27,53.38,61.49,76.57
46.23,46.23,49.39,63.25,75.92
47.21,47.21,45.37,62.26,75.92
46.11,46.11,47.17,61.46,77.07
47.25,47.25,61.39,61.38,75.92
43.80,43.80,56.41,61.01,80.38
37.79,37.79,50.82,60.84,78.95
37.94,37.94,42.41,60.94,77.80
33.35,33.35,35.43,62.46,76.78
34.75,34.75,28.98,61.51,75.29
36.63,36.63,24.08,63.10,74.38
34.36,34.36,25.76,61.12,71.74
34.74,34.74,27.52,61.11,71.21
31.74,31.74,31.77,62.19,71.70
30.06,30.06,37.69,60.84,72.78
30.75,30.75,51.00,60.89,75.03
33.26,33.26,46.24,59.98,72.34
29.41,29.41,38.68,60.56,74.07
30.67,30.67,30.88,59.80,74.84
29.93,29.93,28.92,61.59,75.21
25.65,25.65,27.10,61.54,75.43
23.92,23.92,35.85,61.62,75.45
26.10,26.10,37.04,61.47,74.80
22.90,22.90,33.30,60.09,74.46
22.07,22.07,26.29,60.28,74.18
20.94,20.94,39.65,61.08,75.30
15.80,15.80,57.36,57.44,75.70
12.31,12.31,65.61,54.78,77.23
12.18,12.18,73.38,58.19,76.52
7.13,7.13,66.78,59.66,75.83
12.86,12.86,63.85,60.18,75.53
18.79,18.79,60.03,58.76,75.17
23.56,23.56,53.09,60.80,75.44
26.40,26.40,48.50,60.71,74.66
28.32,28.32,46.15,59.64,74.20
30.57,30.57,44.08,58.38,73.37
30.56,30.56,40.88,58.10,74.64
27.33,27.33,34.39,60.10,74.16
20.93,20.93,39.21,58.05,74.87
20.52,20.52,48.70,58.92,75.10
23.07,23.07,47.53,58.88,77.29
21.62,21.62,40.34,57.31,77.47
21.04,21.04,44.52,57.13,78.50
19.18,19.18,54.05,56.64,78.21
19.79,19.79,61.83,58.07,77.59
20.45,20.45,71.29,57.49,76.37
20.91,20.91,63.01,58.89,75.64
21.96,21.96,59.61,57.51,72.14
23.79,23.79,52.19,57.47,72.47
22.19,22.19,46.08,57.52,72.11
16.66,16.66,44.62,56.11,73.10
16.88,16.88,49.08,56.18,75.82
16.05,16.05,59.48,57.85,74.25
18.52,18.52,54.11,55.71,74.57
18.71,18.71,47.02,54.04,75.00
21.80,21.80,41.16,55.45,76.13
21.45,21.45,34.00,57.16,76.46
22.15,22.15,28.63,56.50,76.09
20.93,20.93,31.40,56.10,75.11
19.29,19.29,31.93,57.75,74.14
19.57,19.57,27.89,54.65,72.95
15.59,15.59,32.36,55.85,72.14
17.99,17.99,41.03,53.78,73.33
21.08,21.08,50.11,52.96,73.74
20.58,20.58,53.60,53.40,76.22
18.90,18.90,44.48,53.90,77.10
19.74,19.74,37.21,54.66,77.23
22.03,22.03,28.17,54.58,76.97
21.56,21.56,22.16,56.16,76.45
23.31,23.31,20.06,57.12,75.45
24.00,24.00,27.12,56.68,74.44
23.39,23.39,41.24,56.72,73.73
19.66,19.66,57.86,56.00,74.25
11.76,11.76,66.19,57.39,74.87
14.63,14.63,70.60,59.21,74.78
10.37,10.37,67.30,56.40,71.53
7.89,7.89,68.25,58.35,72.04
11.32,11.32,62.79,59.60,76.60
15.65,15.65,56.04,57.98,75.43
16.20,16.20,49.77,56.46,75.99
17.87,17.87,44.69,59.86,77.16
16.74,16.74,42.55,57.92,77.15
14.70,14.70,35.16,60.05,76.56
13.92,13.92,39.27,56.84,75.63
14.15,14.15,44.24,59.22,74.17
16.71,16.71,47.51,56.90,72.11
18.44,18.44,54.58,59.85,72.06
18.19,18.19,47.41,59.31,75.61
18.90,18.90,44.50,58.93,75.92
15.74,15.74,51.41,57.10,76.16
15.88,15.88,66.00,55.70,74.81
15.73,15.73,70.94,56.23,72.50
17.44,17.44,61.84,57.86,71.27
17.18,17.18,58.64,58.58,71.41
18.44,18.44,52.95,55.80,73.70
16.15,16.15,44.13,57.12,73.14
12.59,12.59,52.38,52.45,71.38
11.12,11.12,56.89,43.60,70.04
14.13,14.13,82.45,42.71,71.97
9.53,9.53,80.26,45.33,73.60
14.60,14.60,64.94,45.79,74.99
18.54,18.54,65.36,52.83,75.23
19.55,19.55,55.26,50.64,74.07
19.26,19.26,50.53,48.02,73.75
16.87,16.87,49.71,49.19,72.69
16.49,16.49,48.18,55.51,73.09
15.90,15.90,43.13,54.54,74.42
14.74,14.74,44.35,48.06,73.69
11.84,11.84,41.74,55.91,74.40
19.95,19.95,54.49,51.83,75.26
19.55,19.55,50.54,55.76,77.42
17.62,17.62,46.25,54.84,75.95
15.34,15.34,42.52,53.48,75.88
13.15,13.15,30.03,54.18,76.08
12.27,12.27,36.66,52.85,75.41
10.24,10.24,32.42,55.11,75.60
11.52,11.52,32.85,57.19,75.65
10.46,10.46,34.30,58.23,77.22
8.08,8.08,43.82,54.77,76.00
4.94,4.94,54.40,54.16,75.34
6.70,6.70,59.38,52.80,74.09
10.70,10.70,76.94,56.94,73.06
6.29,6.29,68.96,53.89,77.07
9.80,9.80,64.57,54.16,75.91
15.77,15.77,59.03,52.04,75.76
18.28,18.28,54.16,54.76,75.02
19.18,19.18,49.23,55.35,77.19
19.25,19.25,43.22,56.98,77.15
21.00,21.00,41.38,57.47,76.39
15.63,15.63,39.06,56.84,76.59
14.40,14.40,35.53,55.89,77.66
14.09,14.09,38.68,55.72,77.17
20.14,20.14,49.39,55.14,76.57
17.56,17.56,52.06,58.26,75.60
16.46,16.46,47.97,56.02,74.73
13.98,13.98,54.26,60.59,74.87
11.10,11.10,61.66,52.98,76.60
13.37,13.37,66.79,54.95,75.35
17.55,17.55,66.79,54.89,74.94
19.86,19.86,62.53,55.60,73.86
19.96,19.96,58.52,54.55,73.78
20.18,20.18,52.18,54.84,75.24
17.84,17.84,46.95,55.46,76.00
13.72,13.72,46.17,56.07,74.81
14.16,14.16,54.87,57.58,75.87
11.23,11.23,61.97,55.38,75.70
11.25,11.25,56.91,55.19,76.74
15.36,15.36,51.86,55.46,74.79
18.11,18.11,47.60,55.76,76.28
14.91,14.91,37.45,55.09,76.16
12.76,12.76,31.06,56.05,75.55
9.75,9.75,25.86,52.17,75.24
9.93,9.93,31.63,54.34,75.47
8.56,8.56,33.11,52.50,75.44
9.50,9.50,38.72,54.28,74.54
11.27,11.27,46.12,54.17,75.88
19.56,19.56,53.85,51.27,74.55
16.77,16.77,46.03,55.29,75.95
14.78,14.78,39.87,52.45,76.28
18.89,18.89,34.43,52.12,76.72
18.44,18.44,34.08,49.23,77.52
12.73,12.73,30.00,55.15,76.64
9.65,9.65,23.68,50.82,74.88
10.27,10.27,22.73,53.11,73.42
14.76,14.76,29.38,48.92,74.02
17.92,17.92,39.11,50.52,73.80
8.26,8.26,44.09,52.84,70.85
5.80,5.80,56.64,46.46,69.34
14.06,14.06,68.33,48.08,75.54
6.51,6.51,67.96,48.20,76.27
8.30,8.30,65.16,45.32,75.25
14.55,14.55,61.27,53.79,75.78
18.91,18.91,55.62,47.62,75.39
20.61,20.61,49.05,53.54,77.64
20.10,20.10,42.91,47.73,77.48
18.86,18.86,42.83,52.22,75.95
19.34,19.34,37.91,49.52,76.29
16.92,16.92,36.04,50.62,75.74
12.31,12.31,34.99,49.68,76.58
18.20,18.20,44.46,43.45,74.66
23.89,23.89,47.94,51.76,75.39
19.69,19.69,42.29,51.15,76.09
11.23,11.23,44.34,52.19,77.92
7.11,7.11,51.84,48.87,76.68
6.25,6.25,60.05,51.35,74.13
10.75,10.75,67.13,52.41,75.40
15.24,15.24,60.33,50.93,75.64
16.49,16.49,58.27,50.56,72.82
16.75,16.75,51.60,51.29,73.27
14.68,14.68,48.45,54.12,74.80
7.00,7.00,47.44,51.09,73.24
6.86,6.86,53.24,53.81,74.48
8.65,8.65,61.51,52.98,73.52
9.74,9.74,56.37,54.56,75.58
15.04,15.04,51.05,51.95,77.59
17.83,17.83,46.88,48.02,76.64
20.72,20.72,38.91,51.59,76.29
18.91,18.91,31.84,50.95,75.39
13.72,13.72,30.29,50.61,76.86
12.93,12.93,32.05,50.68,75.66
11.24,11.24,29.97,50.00,71.36
9.65,9.65,33.78,56.11,75.50
13.49,13.49,32.26,52.07,75.40
20.97,20.97,52.63,52.25,75.23
18.56,18.56,48.94,58.57,76.03
19.32,19.32,41.71,51.52,75.83
17.07,17.07,35.42,54.65,74.86
15.95,15.95,26.27,48.50,75.56
16.12,16.12,27.03,53.66,76.27
15.93,15.93,31.63,49.03,75.29
18.63,18.63,31.22,53.37,72.26
17.91,17.91,35.98,49.04,75.35
18.18,18.18,36.73,50.40,74.28
19.14,19.14,49.30,53.58,73.28
7.73,7.73,56.79,49.26,72.04
14.71,14.71,69.90,55.26,71.19
12.88,12.88,67.77,46.20,72.47
11.75,11.75,63.23,53.60,73.77
21.40,21.40,57.79,45.35,75.66
22.21,22.21,52.09,52.56,74.63
20.69,20.69,47.13,46.71,74.68
20.37,20.37,41.57,48.46,75.09
19.04,19.04,42.40,47.42,73.86
19.74,19.74,42.63,46.28,74.40
22.46,22.46,44.74,49.58,72.90
19.00,19.00,42.91,47.19,74.00
14.34,14.34,41.80,46.63,73.09
21.42,21.42,52.46,40.56,72.51
20.33,20.33,50.05,48.58,76.31
17.64,17.64,45.53,45.90,74.91
14.18,14.18,45.36,47.98,73.82
15.56,15.56,55.20,44.79,75.15
21.90,21.90,58.85,46.54,75.22
25.30,25.30,62.58,43.43,72.58
27.05,27.05,54.18,44.35,74.54
27.66,27.66,50.41,45.33,77.09
33.96,33.96,45.87,46.97,76.64
42.15,42.15,47.77,47.16,75.49
57.78,57.78,59.48,51.41,76.29
65.65,65.65,63.40,57.07,76.28
72.05,72.05,61.78,51.53,76.72
71.86,71.86,56.23,47.49,75.31
75.73,75.73,50.49,46.03,75.96
74.83,74.83,45.15,44.69,73.63
73.67,73.67,37.38,44.64,71.64
74.54,74.54,35.73,41.30,76.00
74.54,74.54,34.99,37.53,71.93
73.49,73.49,43.44,39.29,71.61
74.19,74.19,46.79,38.16,71.86
74.54,74.54,43.01,35.60,70.69
75.10,75.10,51.66,32.86,73.57
70.54,70.54,58.51,39.23,74.80
57.57,57.57,52.80,34.53,77.31
52.53,52.53,44.70,33.86,78.48
47.92,47.92,40.28,32.95,74.69
55.24,55.24,43.68,33.89,75.13
66.54,66.54,45.97,38.25,76.47
69.32,69.32,55.26,33.85,76.52
69.84,69.84,47.14,31.61,75.65
70.18,70.18,60.08,37.31,75.50
70.04,70.04,58.21,39.06,77.37
67.38,67.38,61.85,23.64,75.82
65.78,65.78,65.00,27.86,70.31
73.38,73.38,71.76,31.96,73.88
77.19,77.19,69.08,28.95,77.15
73.82,73.82,64.25,30.10,73.89
75.59,75.59,57.08,30.72,73.86
76.48,76.48,49.00,32.30,73.39
75.79,75.79,42.28,29.75,73.72
74.51,74.51,34.13,29.46,71.91
75.95,75.95,37.58,28.06,73.50
76.02,76.02,31.50,27.71,73.26
76.23,76.23,38.67,22.29,69.86
77.62,77.62,42.18,24.73,70.01
76.79,76.79,56.62,19.43,67.24
76.60,76.60,61.76,18.33,72.19
77.66,77.66,55.45,14.51,72.27
76.30,76.30,54.09,15.02,70.61
77.06,77.06,59.55,10.39,74.17
77.68,77.68,63.79,2.97,72.85
76.40,76.40,62.58,8.32,72.49
75.87,75.87,55.14,13.75,69.74
75.63,75.63,50.15,18.27,66.01
73.18,73.18,48.26,20.11,64.15
73.46,73.46,50.74,33.99,62.66
73.65,73.65,57.69,39.14,64.27
70.99,70.99,69.03,54.92,69.85
71.30,71.30,82.36,61.64,74.92
72.83,72.83,72.41,70.72,76.60
73.87,73.87,68.49,74.60,70.08
74.47,74.47,62.93,74.14,73.76
73.43,73.43,61.37,71.78,77.88
73.40,73.40,60.49,73.13,69.83
73.46,73.46,58.80,73.23,74.36
74.32,74.32,47.58,70.94,76.44
74.37,74.37,46.37,70.43,68.85
73.97,73.97,50.35,72.62,76.12
71.88,71.88,54.16,73.00,75.81
74.81,74.81,62.79,71.70,72.44
72.43,72.43,79.23,72.06,72.09
70.63,70.63,80.35,70.99,73.57
73.99,73.99,65.03,70.22,71.26
73.56,73.56,65.78,68.74,74.30
74.73,74.73,58.34,71.57,71.24
74.02,74.02,59.94,70.93,73.96
74.58,74.58,61.27,70.10,69.82
74.85,74.85,58.84,68.17,71.01
73.92,73.92,58.45,68.28,71.27
73.39,73.39,56.28,68.85,66.42
70.71,70.71,65.71,64.86,68.68
67.29,67.29,72.21,60.95,68.74
69.61,69.61,70.08,60.03,65.37
71.98,71.98,65.33,71.70,70.93
72.12,72.12,58.44,75.39,72.68
71.60,71.60,55.13,73.56,71.44
71.28,71.28,51.25,73.95,71.64
71.37,71.37,44.57,73.31,69.98
70.17,70.17,41.08,73.35,70.32
70.29,70.29,37.90,74.10,72.39
70.85,70.85,35.55,74.31,71.36
72.39,72.39,39.12,74.13,71.04
71.91,71.91,42.15,74.17,73.60
73.66,73.66,54.84,75.17,72.56
74.01,74.01,48.73,74.14,74.84
72.41,72.41,43.83,72.52,73.82
71.69,71.69,53.68,73.07,73.06
73.15,73.15,55.81,73.02,74.73
72.65,72.65,65.80,73.39,75.46
72.25,72.25,58.87,73.01,73.41
71.90,71.90,57.80,73.10,73.01
73.19,73.19,48.37,73.46,74.96
71.29,71.29,46.29,74.51,68.14
70.52,70.52,50.63,71.51,73.13
70.54,70.54,61.66,67.16,72.73
70.02,70.02,63.94,63.08,73.40
68.52,68.52,60.53,65.58,69.77
68.43,68.43,55.40,66.62,73.62
69.46,69.46,50.48,68.94,74.01
68.49,68.49,44.87,71.43,73.19
70.36,70.36,37.45,70.88,71.53
70.98,70.98,35.52,71.70,72.77
67.56,67.56,33.18,70.58,70.27
64.18,64.18,32.08,69.87,72.63
61.05,61.05,38.39,70.56,72.07
63.81,63.81,44.41,71.19,71.80
64.86,64.86,54.87,71.56,70.48
60.93,60.93,48.41,70.51,75.51
58.63,58.63,42.50,71.95,75.56
61.73,61.73,37.21,71.04,74.76
70.39,70.39,32.93,70.41,72.92
72.42,72.42,28.84,70.66,75.95
70.00,70.00,24.30,73.32,74.00
61.28,61.28,22.95,70.81,72.42
57.46,57.46,36.86,69.52,72.68
59.62,59.62,49.39,71.73,73.16
60.27,60.27,55.00,71.04,70.42
58.88,58.88,68.58,68.12,72.34
53.32,53.32,68.19,71.42,68.74
55.46,55.46,63.39,73.02,73.62
57.35,57.35,58.92,76.70,76.19
48.55,48.55,54.63,76.17,74.97
44.94,44.94,50.14,75.77,74.01
44.82,44.82,45.05,73.31,73.52
45.17,45.17,40.84,76.73,73.96
46.48,46.48,36.45,75.88,73.38
47.59,47.59,36.44,73.80,71.90
41.26,41.26,38.02,73.53,72.93
40.40,40.40,45.76,75.64,69.93
42.04,42.04,56.43,74.87,76.50
38.90,38.90,52.62,74.00,77.92
43.19,43.19,50.63,73.07,72.15
38.35,38.35,53.53,75.36,72.64
41.09,41.09,51.48,75.63,76.97
46.01,46.01,65.35,73.10,73.08
42.28,42.28,61.16,74.09,72.69
36.07,36.07,52.54,75.58,75.96
35.06,35.06,49.21,74.38,72.38
35.89,35.89,45.06,73.76,75.27
36.93,36.93,37.50,73.23,75.55
35.43,35.43,41.78,75.87,71.31
30.17,30.17,56.17,74.46,75.46
27.26,27.26,63.05,72.03,75.41
26.77,26.77,58.06,73.87,74.01
29.43,29.43,53.45,75.21,76.23
30.36,30.36,46.08,73.57,74.75
33.53,33.53,40.54,73.22,75.17
33.69,33.69,34.22,73.17,76.92
31.79,31.79,30.91,75.49,71.93
30.08,30.08,26.25,74.15,74.41
31.63,31.63,23.83,72.21,73.00
30.54,30.54,26.89,73.92,72.23
29.89,29.89,26.56,75.28,73.42
25.18,25.18,35.37,73.15,74.85
23.93,23.93,49.11,72.53,72.73
17.50,17.50,42.75,72.76,75.28
15.72,15.72,34.61,74.57,75.60
18.28,18.28,29.32,73.29,76.81
16.16,16.16,22.49,71.74,75.21
13.59,13.59,25.36,73.43,73.52
14.79,14.79,26.76,74.85,74.88
18.71,18.71,28.78,73.03,72.04
16.50,16.50,33.89,72.69,75.24
15.78,15.78,49.40,72.85,74.62
10.02,10.02,52.51,74.29,73.47
10.69,10.69,69.18,72.79,76.52
9.83,9.83,66.10,70.57,77.58
10.31,10.31,62.65,72.57,75.82
14.04,14.04,56.62,74.31,73.19
17.86,17.86,49.77,72.70,77.68
19.85,19.85,45.38,72.50,73.81
18.96,18.96,43.34,72.68,75.40
16.13,16.13,39.02,74.16,76.97
17.54,17.54,34.94,72.86,72.35
18.70,18.70,34.08,71.88,75.11
14.22,14.22,30.63,72.83,74.49
13.53,13.53,40.15,73.59,72.98
23.57,23.57,52.52,72.27,73.44
20.62,20.62,49.92,73.63,73.62
23.23,23.23,41.75,72.37,72.44
19.14,19.14,47.72,73.68,75.11
13.78,13.78,55.63,72.44,72.39
20.04,20.04,65.33,71.55,73.71
23.15,23.15,60.48,72.70,75.23
22.92,22.92,53.86,72.97,70.19
20.73,20.73,47.92,71.71,71.16
16.74,16.74,46.39,71.27,71.90
12.55,12.55,46.37,71.78,69.33
13.54,13.54,54.62,73.35,72.28
11.58,11.58,60.86,72.83,71.44
13.20,13.20,54.89,71.87,76.61
14.14,14.14,48.24,72.25,75.61
17.62,17.62,42.65,72.71,70.94
17.41,17.41,36.33,71.50,77.76
12.38,12.38,32.16,71.73,72.71
15.31,15.31,31.55,71.35,71.64
15.36,15.36,28.07,72.32,76.61
16.33,16.33,33.40,72.03,72.21
18.64,18.64,36.67,71.20,71.45
17.37,17.37,33.40,71.49,75.16
24.01,24.01,44.59,72.03,69.96
19.60,19.60,41.40,71.68,73.71
17.72,17.72,37.07,71.29,73.25
12.95,12.95,33.92,70.97,74.19
12.40,12.40,29.12,71.67,74.26
12.46,12.46,28.87,71.87,74.34
15.52,15.52,24.75,71.08,70.02
14.94,14.94,33.07,71.11,75.90
13.82,13.82,45.82,71.88,72.93
11.73,11.73,51.77,71.52,73.01
9.42,9.42,55.69,70.71,71.44
15.69,15.69,74.75,69.87,73.79
10.84,10.84,67.57,70.11,73.19
12.34,12.34,63.93,70.71,70.00
16.21,16.21,58.07,69.99,72.56
21.51,21.51,53.63,70.62,75.48
22.64,22.64,46.89,71.05,72.62
23.21,23.21,41.60,71.61,73.17
22.62,22.62,37.61,71.28,75.37
21.92,21.92,36.53,70.32,74.47
22.30,22.30,35.15,70.88,72.32
22.60,22.60,39.57,71.91,73.09
22.96,22.96,53.04,70.94,72.26
19.55,19.55,49.35,70.46,72.29
19.28,19.28,42.36,71.07,74.29
15.68,15.68,36.19,70.96,77.69
13.09,13.09,46.76,70.80,74.98
8.76,8.76,54.85,70.20,74.14
11.96,11.96,65.60,71.01,76.23
15.07,15.07,61.25,71.52,71.98
17.62,17.62,56.85,70.82,73.80
18.19,18.19,48.84,70.61,76.19
17.60,17.60,45.37,70.81,71.18
12.97,12.97,56.68,69.79,74.01
11.06,11.06,68.76,61.24,74.44
13.25,13.25,80.00,61.24,71.39
8.91,8.91,82.33,58.52,73.25
14.28,14.28,63.86,70.88,71.37
17.35,17.35,67.73,71.72,74.55
19.08,19.08,68.84,70.66,73.18
20.05,20.05,58.96,70.95,73.58
18.77,18.77,46.35,70.09,72.68
21.91,21.91,48.97,70.08,73.38
24.38,24.38,48.66,69.91,70.52
23.93,23.93,45.99,71.29,71.73
22.85,22.85,43.74,70.97,71.46
21.88,21.88,48.90,70.08,70.66
27.53,27.53,51.83,70.12,69.93
21.76,21.76,47.95,68.22,73.56
21.32,21.32,43.51,70.46,75.86
22.32,22.32,40.61,70.18,74.30
24.71,24.71,39.64,70.40,74.33
25.99,25.99,37.68,71.08,74.79
26.02,26.02,38.45,71.88,72.88
28.03,28.03,39.34,70.32,75.34
25.94,25.94,41.36,70.45,74.20
24.07,24.07,50.09,70.95,72.81
15.93,15.93,56.05,71.61,72.76
17.54,17.54,72.44,69.50,72.97
9.44,9.44,68.67,69.79,73.86
6.65,6.65,65.17,72.69,70.70
9.06,9.06,60.19,70.90,73.92
13.57,13.57,52.98,70.06,76.78
17.52,17.52,47.55,69.86,74.32
18.16,18.16,42.53,70.86,74.17
18.59,18.59,39.36,71.43,76.49
18.54,18.54,36.40,70.01,73.53
18.68,18.68,38.38,69.54,73.33
16.24,16.24,40.30,70.48,71.46
15.26,15.26,42.79,71.23,74.18
20.51,20.51,52.93,69.79,73.71
17.88,17.88,50.96,69.81,72.87
16.90,16.90,47.34,71.10,73.76
15.98,15.98,44.28,70.64,77.16
16.09,16.09,62.40,69.40,72.58
21.71,21.71,61.77,69.13,76.32
25.80,25.80,59.14,71.09,75.30
24.53,24.53,55.42,69.84,73.35
24.29,24.29,47.91,68.50,71.63
23.67,23.67,41.68,69.38,71.28
19.44,19.44,39.66,71.20,72.49
21.54,21.54,51.01,70.27,68.67
19.37,19.37,64.21,69.02,73.02
16.12,16.12,60.21,69.53,73.72
20.99,20.99,53.32,70.67,75.26
24.05,24.05,47.15,69.18,72.68
26.54,26.54,40.57,68.45,73.65
28.92,28.92,33.66,70.14,75.67
27.61,27.61,31.25,70.91,71.56
29.79,29.79,31.48,70.09,74.29
30.76,30.76,24.59,69.39,75.97
33.15,33.15,25.91,69.52,71.73
28.06,28.06,27.88,70.87,70.11
26.60,26.60,36.15,69.62,71.99
25.13,25.13,45.77,69.18,73.25
19.26,19.26,38.52,69.19,75.65
17.37,17.37,32.72,70.86,75.69
16.91,16.91,27.06,68.94,73.30
17.92,17.92,22.33,69.20,76.06
18.95,18.95,21.11,68.78,71.80
18.97,18.97,19.43,70.39,73.68
19.14,19.14,19.61,69.34,75.66
17.97,17.97,42.52,68.85,69.05
13.18,13.18,50.59,69.05,73.71
7.88,7.88,61.11,70.25,72.67
14.91,14.91,70.38,69.05,74.12
7.91,7.91,70.67,67.87,73.31
10.18,10.18,64.94,68.47,71.60
12.28,12.28,58.10,70.63,74.44
18.32,18.32,52.49,69.35,75.59
22.49,22.49,46.44,68.82,74.93
21.47,21.47,41.33,68.76,69.58
20.72,20.72,43.81,69.05,73.60
21.76,21.76,42.57,68.25,71.87
19.77,19.77,35.75,67.90,73.64
17.83,17.83,40.67,68.35,71.92
27.66,27.66,47.41,69.65,69.77
29.00,29.00,49.46,68.29,72.24
30.48,30.48,44.25,65.92,72.96
28.80,28.80,40.24,67.87,72.32
25.76,25.76,40.00,68.93,74.95
20.66,20.66,50.47,67.70,74.22
19.41,19.41,58.19,67.94,69.29
21.38,21.38,64.41,68.52,71.71
24.62,24.62,54.89,69.00,73.86
26.94,26.94,50.27,67.58,73.23
27.34,27.34,45.30,67.30,70.23
23.96,23.96,43.19,68.17,71.16
25.50,25.50,46.58,68.40,70.20
23.59,23.59,61.73,67.14,71.59
14.40,14.40,58.76,67.19,69.17
15.80,15.80,52.37,68.65,78.18
17.54,17.54,46.10,68.43,75.61
19.52,19.52,40.62,68.18,75.99
18.22,18.22,34.45,67.73,75.83
19.56,19.56,32.98,68.60,75.08
23.32,23.32,25.62,67.21,73.44
24.59,24.59,27.74,66.83,75.30
28.77,28.77,36.94,66.69,76.01
28.11,28.11,37.42,67.69,75.17
26.49,26.49,38.16,66.69,75.26
24.33,24.33,45.40,66.02,77.28
18.44,18.44,39.87,66.29,74.30
17.41,17.41,32.79,68.44,76.91
16.48,16.48,26.80,65.99,77.15
17.88,17.88,22.27,65.31,76.83
21.22,21.22,20.32,65.77,77.96
22.27,22.27,21.74,66.49,73.97
21.84,21.84,18.84,65.81,76.96
23.82,23.82,32.76,65.76,75.01
16.27,16.27,47.57,65.66,71.88
10.23,10.23,57.55,65.97,72.51
15.53,15.53,64.08,64.71,74.57
13.53,13.53,74.56,65.20,71.46
14.93,14.93,66.51,69.17,73.98
14.20,14.20,60.90,70.42,74.00
19.03,19.03,55.40,67.99,73.29
22.54,22.54,48.66,65.11,74.76
25.06,25.06,42.71,64.74,73.77
25.84,25.84,37.98,66.36,72.27
26.49,26.49,36.40,64.44,75.23
27.08,27.08,34.88,63.69,73.85
26.58,26.58,30.76,64.38,71.72
20.40,20.40,36.16,65.11,70.65
23.39,23.39,52.28,64.58,71.40
20.03,20.03,50.60,63.05,72.10
19.05,19.05,45.07,63.38,73.83
17.25,17.25,42.99,65.16,76.91
14.56,14.56,50.64,64.01,75.14
15.47,15.47,59.73,63.75,71.62
19.77,19.77,61.38,63.93,78.27
21.90,21.90,56.50,64.12,75.30
21.38,21.38,48.09,63.42,70.51
21.20,21.20,45.18,63.61,76.34
18.31,18.31,39.38,63.95,71.55
16.22,16.22,39.08,65.19,70.28
18.28,18.28,55.39,64.04,75.83
13.74,13.74,61.88,63.62,70.18
14.30,14.30,57.10,62.75,73.31
20.63,20.63,52.15,63.18,74.41
22.31,22.31,46.00,62.17,72.20
25.37,25.37,40.21,62.17,74.38
23.89,23.89,33.92,62.41,75.60
25.37,25.37,31.89,62.99,73.92
26.17,26.17,37.49,62.97,75.21
23.94,23.94,38.66,62.77,73.92
20.80,20.80,33.95,62.94,72.83
21.18,21.18,38.71,63.76,74.80
22.67,22.67,52.99,62.23,73.88
19.40,19.40,46.88,60.22,75.21
23.78,23.78,42.43,61.05,74.40
27.59,27.59,33.57,63.05,77.81
30.94,30.94,35.01,61.15,74.48
31.83,31.83,27.45,61.91,75.21
30.49,30.49,19.92,62.73,74.99
30.88,30.88,27.74,63.15,74.06
30.34,30.34,29.19,61.44,72.96
28.05,28.05,42.64,61.93,72.54
19.77,19.77,54.26,63.49,72.12
13.21,13.21,63.21,61.77,70.90
18.08,18.08,75.63,60.80,74.69
11.78,11.78,67.73,59.43,72.00
14.37,14.37,62.75,58.53,75.17
18.09,18.09,58.20,59.94,74.79
23.50,23.50,51.84,60.88,75.68
26.36,26.36,45.05,61.16,75.92
25.13,25.13,42.46,62.16,73.47
26.10,26.10,42.00,60.85,72.59
26.03,26.03,38.17,60.37,75.21
25.47,25.47,36.01,60.89,74.75
24.18,24.18,41.00,62.28,71.89
30.29,30.29,55.10,60.39,72.93
38.40,38.40,53.33,59.30,74.28
46.07,46.07,47.16,61.35,73.32
58.87,58.87,45.40,63.56,72.27
59.38,59.38,52.68,61.48,72.56
52.28,52.28,61.93,60.46,70.39
49.37,49.37,67.45,59.62,69.54
55.30,55.30,66.29,62.01,72.83
56.20,56.20,56.84,60.20,70.84
61.23,61.23,49.98,58.24,69.35
64.52,64.52,48.48,55.55,68.05
71.70,71.70,59.76,54.20,72.98
75.29,75.29,71.85,55.23,69.04
73.46,73.46,82.81,61.51,66.58
73.02,73.02,72.18,62.65,71.53
74.37,74.37,70.47,72.97,67.35
75.51,75.51,62.41,73.45,71.59
75.68,75.68,54.07,71.95,68.99
75.24,75.24,56.59,75.79,69.04
76.40,76.40,52.39,72.23,68.33
76.45,76.45,55.74,71.43,67.91
74.58,74.58,48.77,75.52,69.54
75.73,75.73,41.67,72.64,68.27
77.04,77.04,53.65,72.59,67.57
75.78,75.78,62.42,73.67,67.84
72.54,72.54,71.91,73.64,68.95
70.39,70.39,83.33,71.94,66.56
69.74,69.74,76.88,72.72,68.39
68.87,68.87,66.15,70.92,67.49
69.96,69.96,60.47,74.03,69.67
71.63,71.63,56.79,74.12,68.92
72.44,72.44,59.10,74.92,67.59
71.38,71.38,57.22,70.53,67.59
73.04,73.04,63.53,73.83,66.59
70.75,70.75,55.64,74.84,67.07
71.25,71.25,58.95,70.15,67.74
68.39,68.39,61.28,70.15,66.08
69.38,69.38,73.50,56.11,68.34
75.67,75.67,71.70,68.25,68.06
75.04,75.04,62.41,72.52,66.65
73.85,73.85,59.00,70.43,69.96
73.64,73.64,55.18,72.06,67.95
72.42,72.42,50.10,73.11,68.28
71.37,71.37,44.88,71.79,66.78
70.81,70.81,44.62,71.00,67.49
71.44,71.44,41.16,71.90,67.42
70.86,70.86,37.57,74.48,68.77
71.28,71.28,39.48,73.80,66.87
72.84,72.84,44.73,74.38,66.08
72.07,72.07,52.91,72.81,67.09
76.03,76.03,46.28,69.79,65.80
76.35,76.35,43.92,71.91,65.06
77.26,77.26,43.12,70.11,69.30
78.20,78.20,55.01,69.57,65.22
77.61,77.61,66.47,70.64,67.27
77.07,77.07,56.46,69.96,66.60
75.95,75.95,48.96,66.11,61.80
74.58,74.58,44.22,70.15,65.96
75.52,75.52,42.00,69.52,71.25
75.09,75.09,45.40,70.89,71.35
74.89,74.89,51.50,70.32,71.33
74.84,74.84,61.25,69.88,69.45
76.52,76.52,57.63,70.39,72.48
78.56,78.56,53.60,73.68,68.63
77.86,77.86,47.21,73.71,72.46
78.24,78.24,41.70,72.07,70.39
77.96,77.96,36.14,74.45,72.41
73.35,73.35,33.81,73.45,68.84
66.88,66.88,30.76,72.99,72.68
62.98,62.98,30.85,76.57,74.44
68.01,68.01,33.30,73.29,72.28
68.94,68.94,40.53,74.19,74.95
67.89,67.89,44.60,74.38,73.48
68.14,68.14,42.46,74.94,74.14
70.31,70.31,43.87,72.31,74.13
70.69,70.69,38.95,73.61,69.63
70.06,70.06,40.05,73.89,69.75
71.88,71.88,37.22,73.49,71.22
67.78,67.78,32.47,74.28,69.88
67.88,67.88,36.26,73.62,72.70
60.92,60.92,37.77,74.36,71.55
56.73,56.73,40.16,73.51,74.10
55.29,55.29,52.17,74.11,73.54
57.38,57.38,56.99,73.61,74.03
66.39,66.39,75.24,70.59,73.30
73.24,73.24,65.24,63.13,77.36
71.87,71.87,61.43,75.31,71.50
73.77,73.77,55.52,71.04,75.13
75.36,75.36,49.73,75.69,72.93
76.33,76.33,43.85,74.71,71.70
77.05,77.05,40.31,74.50,75.53
76.63,76.63,36.10,77.59,68.87
77.07,77.07,37.95,77.77,73.52
78.49,78.49,41.69,75.44,69.72
78.35,78.35,44.66,77.57,71.65
76.83,76.83,55.75,76.54,71.17
77.90,77.90,56.18,77.01,67.23
79.15,79.15,50.81,77.70,72.93
78.48,78.48,46.40,76.38,67.11
75.89,75.89,50.39,77.82,69.12
74.27,74.27,64.11,77.76,70.25
75.73,75.73,63.20,75.66,70.84
77.17,77.17,57.78,77.46,68.08
74.61,74.61,50.80,77.23,67.96
71.93,71.93,45.75,77.49,68.66
73.27,73.27,46.38,77.19,67.58
73.25,73.25,47.87,76.06,69.63
72.23,72.23,59.71,77.31,67.79
74.43,74.43,59.36,77.30,71.79
73.87,73.87,54.62,76.70,70.85
73.50,73.50,50.92,77.69,70.72
72.68,72.68,47.20,76.96,70.43
73.76,73.76,46.04,76.52,70.97
74.77,74.77,41.44,76.99,69.53
74.64,74.64,37.53,75.92,69.17
73.73,73.73,38.36,77.18,71.29
74.49,74.49,37.47,76.93,69.03
72.75,72.75,39.46,75.37,73.75
71.61,71.61,45.58,75.88,71.07
75.59,75.59,48.88,76.67,71.10
72.60,72.60,43.27,77.14,73.74
74.46,74.46,39.58,75.99,68.94
75.29,75.29,36.38,76.56,69.33
76.92,76.92,32.00,77.10,68.30
75.93,75.93,32.21,76.89,67.65
76.83,76.83,27.50,77.06,68.30
77.25,77.25,29.84,76.20,66.56
75.74,75.74,33.31,77.32,67.63
75.63,75.63,46.86,77.26,66.61
75.49,75.49,52.92,75.38,70.95
75.82,75.82,67.02,75.38,64.69
75.35,75.35,71.40,76.11,69.96
71.83,71.83,63.95,75.01,68.93
73.19,73.19,59.73,76.07,69.80
74.58,74.58,54.78,75.12,71.47
76.58,76.58,50.47,76.36,70.26
77.64,77.64,42.35,76.13,70.70
77.08,77.08,38.34,73.75,69.32
76.50,76.50,39.04,75.89,70.16
74.93,74.93,36.58,76.27,69.94
74.47,74.47,43.08,73.92,70.53
75.89,75.89,48.26,75.78,66.92
77.25,77.25,53.92,73.63,72.50
78.29,78.29,47.21,76.19,73.85
76.67,76.67,39.37,75.10,71.28
72.33,72.33,38.35,73.68,71.77
74.13,74.13,46.31,75.68,72.98
76.85,76.85,60.81,76.28,70.21
76.52,76.52,63.23,74.07,67.72
76.23,76.23,57.21,74.97,71.14
73.94,73.94,50.28,75.17,67.12
68.94,68.94,43.47,75.94,69.03
70.45,70.45,42.41,74.43,69.77
72.22,72.22,44.11,75.15,72.25
71.52,71.52,58.57,75.03,72.96
68.76,68.76,57.49,73.82,73.41
71.95,71.95,50.35,74.89,73.14
68.00,68.00,44.99,72.23,74.04
63.06,63.06,41.90,75.51,72.76
64.35,64.35,38.71,75.35,74.08
67.18,67.18,30.94,73.99,71.85
66.51,66.51,30.78,76.80,68.80
64.35,64.35,28.31,75.41,69.20
63.93,63.93,30.26,75.96,69.49
61.13,61.13,38.60,76.55,71.75
59.82,59.82,45.91,74.17,74.67
63.18,63.18,49.64,76.46,75.31
63.71,63.71,43.78,75.87,73.67
64.50,64.50,35.31,75.14,76.15
63.07,63.07,31.54,76.26,76.27
63.27,63.27,26.12,76.13,76.64
64.14,64.14,22.62,76.49,76.63
63.38,63.38,25.52,76.23,75.56
58.01,58.01,25.98,74.83,76.78
58.61,58.61,34.82,76.86,74.66
58.76,58.76,44.06,76.54,75.54
57.71,57.71,52.51,75.61,72.32
55.36,55.36,69.75,76.21,71.77
55.83,55.83,71.38,75.99,73.03
55.49,55.49,64.23,76.05,72.41
56.95,56.95,60.26,76.11,71.27
53.82,53.82,55.57,75.58,71.42
56.82,56.82,48.12,76.55,70.82
55.02,55.02,44.08,75.89,70.48
51.61,51.61,39.94,75.83,69.87
51.75,51.75,35.40,75.86,72.48
50.68,50.68,32.05,75.70,71.87
48.70,48.70,37.74,74.77,70.61
49.72,49.72,54.81,73.57,72.07
50.81,50.81,53.49,75.41,72.35
53.71,53.71,47.10,75.91,74.02
48.46,48.46,42.84,75.03,71.41
43.67,43.67,45.47,75.19,70.73
45.48,45.48,55.87,73.99,71.55
46.00,46.00,71.72,74.93,70.63
44.26,44.26,62.31,75.18,71.02
50.26,50.26,58.58,72.27,66.19
39.00,39.00,53.55,74.44,68.36
44.40,44.40,50.21,74.74,68.27
45.82,45.82,55.51,71.53,72.12
43.58,43.58,69.96,67.96,73.15
36.44,36.44,81.61,65.43,73.10
27.50,27.50,79.47,71.39,71.46
27.09,27.09,63.35,73.91,75.75
31.14,31.14,61.14,71.74,77.70
35.29,35.29,56.17,73.01,76.17
36.43,36.43,47.30,71.81,75.88
35.67,35.67,44.36,71.25,74.80
34.64,34.64,46.02,72.99,76.14
37.81,37.81,47.00,69.47,73.85
32.64,32.64,47.52,70.96,76.29
31.16,31.16,47.90,71.84,74.95
31.89,31.89,54.53,67.82,74.89
33.96,33.96,52.00,70.80,76.25
34.46,34.46,45.99,71.93,75.88
35.81,35.81,41.48,69.07,76.23
34.97,34.97,34.75,70.54,73.62
33.22,33.22,30.22,68.72,76.21
33.63,33.63,31.65,69.11,71.02
33.93,33.93,29.91,71.12,71.71
32.52,32.52,35.13,66.84,69.71
32.43,32.43,38.74,71.83,69.26
22.94,22.94,50.91,71.81,67.64
13.64,13.64,61.03,71.10,71.41
14.04,14.04,73.54,72.01,74.05
13.70,13.70,68.86,70.88,73.21
18.70,18.70,62.11,69.70,74.54
23.14,23.14,57.82,72.27,73.77
27.06,27.06,52.10,68.24,73.70
28.24,28.24,46.56,70.57,75.18
28.09,28.09,40.69,70.05,71.75
28.45,28.45,37.67,66.85,72.85
29.89,29.89,36.97,70.96,74.95
30.64,30.64,33.89,68.11,71.95
29.23,29.23,36.59,69.54,74.34
24.85,24.85,50.13,70.31,72.87
19.02,19.02,49.48,66.45,74.07
15.83,15.83,45.08,70.58,72.13
15.71,15.71,38.66,69.99,77.93
19.02,19.02,34.04,68.96,75.10
16.49,16.49,42.17,70.71,77.43
14.79,14.79,54.89,69.80,76.62
18.33,18.33,64.72,70.08,75.79
15.94,15.94,59.55,71.06,77.06
19.99,19.99,52.83,69.19,75.31
18.34,18.34,48.95,71.04,76.42
18.26,18.26,45.01,71.04,74.32
18.57,18.57,44.77,69.99,75.67
18.23,18.23,56.60,72.27,76.46
20.37,20.37,56.75,71.79,76.10
22.27,22.27,50.85,71.65,76.01
24.45,24.45,44.57,69.09,73.65
23.99,23.99,36.25,70.15,75.36
25.15,25.15,30.00,70.13,74.27
25.55,25.55,28.94,67.61,73.43
26.80,26.80,31.50,69.42,74.65
22.22,22.22,36.53,69.11,74.38
22.33,22.33,38.25,70.78,74.30
17.20,17.20,41.34,69.13,68.71
21.54,21.54,51.76,68.57,70.25
19.40,19.40,45.33,69.25,70.84
22.64,22.64,39.61,67.73,73.05
24.85,24.85,31.90,69.07,69.43
27.05,27.05,28.82,69.79,70.42
26.07,26.07,31.71,68.71,71.72
26.68,26.68,29.62,70.81,68.49
27.23,27.23,26.03,69.96,70.45
26.16,26.16,28.68,68.36,68.85
30.30,30.30,30.70,69.65,67.82
28.78,28.78,45.14,66.81,68.63
16.48,16.48,55.86,70.88,66.31
11.30,11.30,65.52,70.01,65.92
4.45,4.45,70.45,69.83,68.92
7.95,7.95,65.55,69.28,72.52
13.85,13.85,59.47,68.26,73.15
18.78,18.78,53.07,68.06,72.58
24.12,24.12,47.36,70.15,72.20
23.36,23.36,41.75,68.58,69.47
24.44,24.44,38.71,69.33,71.18
22.64,22.64,33.64,68.99,69.88
22.11,22.11,41.88,66.59,68.35
16.85,16.85,48.01,70.14,69.07
13.51,13.51,46.61,67.51,73.52
22.89,22.89,53.12,70.11,76.22
21.97,21.97,44.96,69.57,75.34
24.12,24.12,37.96,67.31,74.68
24.51,24.51,40.18,69.27,76.40
20.87,20.87,52.00,66.52,73.46
19.02,19.02,61.47,65.78,75.47
20.26,20.26,65.58,68.00,74.31
21.01,21.01,55.32,66.38,74.54
23.53,23.53,48.71,67.58,74.31
25.38,25.38,43.08,67.90,75.24
20.74,20.74,37.95,67.07,73.72
14.52,14.52,46.32,66.98,74.04
17.14,17.14,58.47,65.04,75.49
16.30,16.30,59.62,69.30,73.09
22.11,22.11,55.41,70.01,74.26
25.01,25.01,49.43,67.37,73.78
26.78,26.78,42.47,69.64,72.28
24.22,24.22,35.34,68.93,75.94
25.55,25.55,29.74,67.53,70.11
23.51,23.51,30.04,69.93,75.09
24.33,24.33,30.38,66.28,71.30
21.14,21.14,28.80,67.88,71.35
10.39,10.39,41.63,67.72,71.63
7.64,7.64,45.29,64.76,73.39
17.78,17.78,49.60,66.33,72.97
17.53,17.53,42.92,66.01,73.76
19.10,19.10,35.83,65.79,75.44
20.95,20.95,30.02,67.84,74.16
22.23,22.23,30.42,65.77,73.99
19.66,19.66,26.47,67.86,74.95
21.39,21.39,24.40,67.87,74.75
23.56,23.56,20.71,66.61,73.51
21.11,21.11,35.01,68.37,75.61
19.05,19.05,46.94,67.28,71.19
11.83,11.83,52.95,67.75,73.21
11.51,11.51,65.02,68.59,71.34
6.68,6.68,72.49,66.73,68.68
9.07,9.07,64.50,65.58,71.65
12.06,12.06,59.36,66.60,75.04
18.11,18.11,53.86,67.47,71.58
20.01,20.01,46.62,69.21,74.10
21.88,21.88,41.73,67.33,71.53
23.40,23.40,35.11,68.55,73.56
24.88,24.88,34.90,67.54,73.00
25.22,25.22,44.24,67.46,72.62
23.70,23.70,45.06,66.47,74.53
21.46,21.46,41.11,65.91,72.90
26.02,26.02,55.30,65.28,74.60
24.12,24.12,49.60,67.22,73.05
29.20,29.20,43.24,69.00,74.95
30.79,30.79,39.78,66.78,75.40
25.14,25.14,51.97,67.45,71.92
21.10,21.10,61.89,66.64,74.66
16.68,16.68,68.10,67.19,74.75
16.60,16.60,62.17,67.14,71.16
18.79,18.79,53.74,64.81,66.20
17.69,17.69,48.14,67.05,67.32
14.75,14.75,45.30,65.29,69.23
7.81,7.81,45.27,64.61,76.28
8.32,8.32,58.51,66.44,74.26
5.25,5.25,62.73,67.11,77.23
9.75,9.75,57.59,67.85,79.11
17.43,17.43,50.37,65.04,79.22
21.02,21.02,45.40,63.09,78.62
20.99,20.99,39.60,66.19,78.21
24.12,24.12,33.92,66.13,77.78
25.34,25.34,26.22,65.25,77.60
26.63,26.63,26.58,66.36,78.36
25.77,25.77,31.83,64.79,76.06
21.80,21.80,38.27,66.50,76.83
18.88,18.88,40.98,64.97,75.51
24.01,24.01,51.65,64.11,75.40
20.36,20.36,42.54,64.11,76.56
21.21,21.21,34.14,63.25,77.98
23.69,23.69,26.71,65.25,74.48
24.07,24.07,29.33,63.90,77.99
23.89,23.89,29.07,64.19,74.56
23.80,23.80,24.49,65.13,75.56
23.93,23.93,24.70,61.33,75.21
23.02,23.02,32.50,62.39,73.54
19.85,19.85,45.89,63.88,75.99
13.20,13.20,52.23,63.27,72.59
14.91,14.91,68.93,61.80,72.64
10.80,10.80,73.20,60.98,72.23
5.94,5.94,67.25,62.54,75.17
14.06,14.06,61.74,61.13,74.65
21.46,21.46,56.45,65.72,73.34
23.57,23.57,52.19,66.93,73.63
26.47,26.47,47.44,68.94,74.29
26.10,26.10,42.18,69.09,73.74
26.44,26.44,35.49,65.01,70.46
27.16,27.16,39.12,59.87,71.96
22.39,22.39,47.25,51.95,70.94
25.50,25.50,51.45,56.00,72.68
29.73,29.73,54.88,53.87,74.25
27.69,27.69,48.52,52.70,73.43
35.33,35.33,43.09,52.61,72.58
39.50,39.50,44.74,51.39,73.82
47.79,47.79,48.88,49.04,71.63
60.85,60.85,64.24,49.86,73.22
59.28,59.28,64.54,48.84,72.05
58.92,58.92,59.83,46.16,70.06
64.43,64.43,52.22,37.62,70.91
73.20,73.20,47.85,42.08,68.92
75.12,75.12,51.83,47.97,70.87
76.85,76.85,56.09,43.54,68.14
75.09,75.09,71.15,59.87,71.23
72.58,72.58,80.75,63.76,66.27
74.57,74.57,75.20,70.73,69.21
72.94,72.94,69.86,74.12,69.30
75.08,75.08,68.54,73.98,69.60
74.91,74.91,62.02,72.30,72.57
76.62,76.62,61.95,72.86,71.57
75.80,75.80,51.50,73.72,70.12
75.44,75.44,52.23,72.91,70.08
75.85,75.85,52.49,72.91,72.45
77.04,77.04,49.37,73.08,74.03
76.10,76.10,47.01,72.19,73.46
72.31,72.31,62.92,71.17,76.13
67.69,67.69,73.85,71.77,77.07
64.81,64.81,81.78,67.37,76.09
70.27,70.27,72.27,65.35,76.84
71.77,71.77,65.23,67.27,75.55
73.35,73.35,62.32,71.49,73.34
73.10,73.10,54.92,71.25,74.83
72.34,72.34,57.97,68.39,75.24
73.32,73.32,52.39,70.30,75.75
72.38,72.38,50.16,70.74,76.32
70.95,70.95,56.34,71.16,75.37
69.95,69.95,58.71,71.15,76.09
67.29,67.29,70.11,68.27,75.10
73.44,73.44,70.00,70.18,76.05
75.68,75.68,63.71,70.11,75.71
75.38,75.38,58.43,69.27,74.74
74.77,74.77,51.82,70.40,75.00
73.28,73.28,46.85,69.13,74.26
74.83,74.83,42.51,68.44,73.05
73.80,73.80,39.72,69.48,70.57
72.47,72.47,41.04,69.43,71.40
70.74,70.74,41.67,69.63,72.00
70.78,70.78,43.45,69.77,71.73
72.46,72.46,49.58,70.14,71.61
71.13,71.13,50.27,69.97,72.43
70.05,70.05,42.21,70.12,71.04
73.19,73.19,36.78,70.40,70.41
77.65,77.65,44.35,68.48,71.50
75.99,75.99,56.18,68.29,70.13
75.71,75.71,60.33,68.20,71.04
75.60,75.60,51.95,68.90,71.11
75.01,75.01,52.17,68.47,69.74
75.68,75.68,47.30,68.12,70.09
74.64,74.64,42.24,68.86,70.11
74.71,74.71,40.91,68.38,70.44
74.82,74.82,48.82,68.10,72.01
75.01,75.01,61.05,68.74,75.91
75.39,75.39,57.98,69.81,73.09
74.94,74.94,53.48,68.53,72.34
75.50,75.50,48.83,70.18,74.26
75.33,75.33,43.50,68.15,72.36
75.39,75.39,38.88,68.45,73.61
75.16,75.16,34.62,67.29,76.28
74.41,74.41,30.69,68.10,72.72
73.04,73.04,30.62,66.04,74.98
76.31,76.31,31.96,65.84,73.49
75.80,75.80,37.79,66.04,72.38
74.96,74.96,44.52,63.97,74.31
73.61,73.61,40.07,69.05,73.23
73.47,73.47,36.78,63.35,72.18
74.32,74.32,32.63,68.85,75.72
74.50,74.50,29.84,67.76,71.91
75.05,75.05,28.37,67.13,73.77
74.41,74.41,26.30,67.56,74.96
74.71,74.71,24.20,65.71,71.50
74.13,74.13,29.55,68.10,73.54
75.31,75.31,40.44,67.48,74.23
75.14,75.14,57.29,66.82,71.02
73.41,73.41,67.33,65.70,73.98
71.91,71.91,69.75,68.24,70.91
72.85,72.85,61.89,67.49,74.98
73.63,73.63,56.39,65.26,74.45
74.56,74.56,54.53,66.07,72.12
73.40,73.40,47.32,62.88,75.27
73.01,73.01,39.87,67.02,73.34
73.80,73.80,33.98,63.27,71.50
73.90,73.90,32.52,65.42,73.92
73.50,73.50,35.03,63.12,72.69
72.87,72.87,39.01,63.92,71.22
73.70,73.70,38.34,63.70,73.71
73.53,73.53,49.43,64.54,71.20
72.68,72.68,47.09,63.67,73.08
73.02,73.02,41.08,67.65,74.65
73.76,73.76,40.53,67.29,69.85
73.33,73.33,46.54,69.08,72.18
74.39,74.39,54.53,68.45,72.43
74.10,74.10,62.67,67.97,70.76
74.71,74.71,51.41,69.77,72.49
74.38,74.38,47.15,67.29,71.29
73.81,73.81,42.78,68.69,71.00
73.50,73.50,41.78,66.45,71.07
74.26,74.26,45.47,67.42,72.35
73.25,73.25,57.04,66.47,75.10
72.34,72.34,58.37,68.08,76.12
73.01,73.01,52.63,68.12,75.17
72.11,72.11,46.35,66.56,77.79
72.88,72.88,40.22,68.36,76.00
72.59,72.59,32.12,66.00,75.76
73.57,73.57,27.28,68.20,76.56
71.89,71.89,23.92,67.21,76.82
71.17,71.17,26.23,67.40,75.90
73.22,73.22,40.06,68.35,76.44
72.58,72.58,44.42,66.47,76.45
72.63,72.63,49.84,67.79,75.68
70.70,70.70,51.67,66.17,77.20
71.49,71.49,46.53,68.22,77.00
70.38,70.38,36.78,67.02,75.59
70.80,70.80,29.92,67.27,78.13
71.21,71.21,25.42,67.09,74.82
71.60,71.60,22.47,66.45,74.61
72.36,72.36,21.04,67.85,77.56
72.50,72.50,19.77,65.04,75.48
71.82,71.82,35.43,64.35,75.11
72.36,72.36,42.61,58.81,77.32
72.63,72.63,52.61,59.77,73.11
72.81,72.81,61.45,61.03,76.12
72.50,72.50,70.21,62.87,76.94
71.88,71.88,63.58,65.64,74.81
71.91,71.91,57.72,66.06,76.64
72.88,72.88,52.33,68.20,76.73
72.05,72.05,45.63,67.40,76.79
72.54,72.54,38.10,68.88,76.54
71.51,71.51,31.97,68.67,77.45
71.27,71.27,26.95,68.12,72.90
72.01,72.01,24.28,68.60,73.65
72.22,72.22,29.12,66.78,71.29
71.43,71.43,34.07,68.77,71.45
72.16,72.16,51.47,68.16,70.63
71.50,71.50,52.59,68.91,71.23
70.47,70.47,45.98,66.53,71.81
72.46,72.46,40.32,65.55,69.97
72.95,72.95,50.91,66.04,71.87
72.21,72.21,60.42,64.89,72.88
70.51,70.51,64.39,65.92,69.98
71.01,71.01,56.62,63.68,71.88
70.99,70.99,52.51,66.39,70.42
71.97,71.97,47.87,65.89,68.45
71.46,71.46,43.79,66.89,71.44
71.37,71.37,43.36,66.73,69.13
71.83,71.83,49.81,65.36,70.01
71.78,71.78,59.80,67.47,71.74
72.01,72.01,55.10,68.26,72.53
72.48,72.48,48.34,68.81,72.46
72.51,72.51,41.23,67.67,73.18
71.09,71.09,33.25,67.69,73.17
70.06,70.06,27.74,67.73,73.20
71.14,71.14,24.31,66.85,72.80
72.43,72.43,21.57,65.87,73.29
72.10,72.10,23.69,56.19,74.19
70.65,70.65,26.29,56.85,72.81
71.86,71.86,31.68,56.30,73.06
70.71,70.71,44.49,57.52,74.34
70.49,70.49,41.98,63.37,75.17
71.99,71.99,34.11,65.71,77.16
71.72,71.72,28.19,66.32,77.50
71.23,71.23,25.02,64.43,76.58
70.17,70.17,24.21,64.59,77.84
71.41,71.41,19.36,65.10,76.53
71.19,71.19,24.00,65.03,76.69
70.76,70.76,27.32,65.94,77.92
72.72,72.72,35.61,63.94,76.38
70.40,70.40,55.87,64.57,75.89
69.71,69.71,60.64,63.82,75.25
66.02,66.02,70.79,64.08,74.73
68.07,68.07,65.13,62.76,74.65
66.03,66.03,60.40,59.21,77.42
68.01,68.01,54.86,62.19,74.21
68.32,68.32,47.84,63.59,75.42
68.04,68.04,40.22,64.91,74.75
66.97,66.97,32.98,63.74,74.93
67.85,67.85,29.28,64.06,74.68
66.74,66.74,31.99,62.20,75.57
66.07,66.07,39.57,62.87,72.54
64.50,64.50,37.88,63.73,75.54
61.04,61.04,55.12,63.34,74.20
64.95,64.95,54.43,64.71,73.60
63.33,63.33,47.83,60.77,75.00
59.04,59.04,43.90,62.65,73.19
60.49,60.49,49.21,61.82,71.82
56.03,56.03,53.57,63.40,75.36
59.20,59.20,63.24,64.74,71.33
56.20,56.20,59.61,62.53,71.03
60.30,60.30,57.39,59.74,74.52
61.82,61.82,58.61,54.50,68.62
65.09,65.09,53.48,52.80,69.70
65.78,65.78,50.37,44.92,68.77
68.06,68.06,66.71,61.98,67.96
67.41,67.41,81.52,68.08,73.97
66.25,66.25,73.11,71.75,73.10
67.10,67.10,65.44,71.18,74.67
63.60,63.60,67.50,68.70,72.60
64.64,64.64,65.23,67.71,72.82
63.51,63.51,58.81,68.44,75.25
61.36,61.36,51.54,69.83,73.47
53.70,53.70,52.90,69.65,73.22
52.49,52.49,51.67,68.97,74.91
52.72,52.72,49.46,67.50,73.34
53.42,53.42,50.70,68.18,73.54
56.09,56.09,53.03,68.95,76.27
61.90,61.90,58.53,68.99,73.70
67.93,67.93,50.18,67.85,72.89
69.58,69.58,46.59,67.09,73.89
71.74,71.74,44.40,67.50,69.09
74.46,74.46,36.91,66.67,73.71
74.83,74.83,36.49,66.64,73.64
75.13,75.13,46.94,67.88,72.31
75.36,75.36,45.86,68.06,71.83
74.67,74.67,54.85,67.25,67.82
72.47,72.47,63.66,63.61,69.39
68.88,68.88,70.81,59.99,67.70
71.41,71.41,67.05,60.42,69.52
73.74,73.74,64.52,63.58,67.84
75.08,75.08,57.89,66.67,72.41
73.69,73.69,53.58,67.57,70.51
71.85,71.85,46.62,68.38,72.74
70.04,70.04,41.83,67.90,71.33
66.63,66.63,39.79,67.38,71.11
64.23,64.23,38.29,66.40,73.19
65.47,65.47,34.60,62.13,71.14
64.34,64.34,36.85,53.28,71.20
65.92,65.92,38.08,47.49,70.55
69.56,69.56,46.64,50.21,72.63
73.29,73.29,44.11,57.67,72.62
74.62,74.62,39.87,68.66,72.39
74.85,74.85,37.27,70.04,69.40
71.86,71.86,44.05,69.80,73.96
63.87,63.87,47.76,69.76,74.23
62.36,62.36,51.18,70.13,73.39
63.45,63.45,51.85,69.72,74.43
66.71,66.71,47.78,69.76,74.60
66.96,66.96,41.67,69.59,73.03
63.45,63.45,41.31,70.18,72.56
61.34,61.34,45.22,70.11,74.32
62.58,62.58,51.22,69.03,70.80
65.11,65.11,60.62,67.41,71.38
64.92,64.92,56.10,65.78,74.65
63.24,63.24,49.50,66.84,75.39
62.98,62.98,42.81,67.87,75.35
64.09,64.09,35.05,68.07,74.71
64.22,64.22,28.81,67.70,74.17
64.50,64.50,22.55,66.90,73.34
61.61,61.61,30.65,67.42,74.30
59.90,59.90,41.07,67.43,75.13
53.95,53.95,44.61,67.44,73.90
54.94,54.94,44.13,66.15,75.29
53.39,53.39,51.28,66.75,75.26
54.04,54.04,46.50,67.08,76.55
50.49,50.49,37.37,67.29,76.54
51.11,51.11,35.99,66.83,77.60
54.55,54.55,36.59,66.21,73.41
57.77,57.77,32.39,67.09,73.92
54.70,54.70,41.26,67.35,74.66
55.00,55.00,38.41,66.49,73.14
57.08,57.08,40.79,60.69,73.60
53.79,53.79,39.69,51.88,74.28
49.90,49.90,55.33,46.47,71.62
46.94,46.94,58.99,50.62,74.10
42.88,42.88,68.32,55.67,74.18
35.48,35.48,68.04,63.03,72.99
34.50,34.50,62.96,68.66,76.12
33.87,33.87,57.69,69.39,74.86
38.19,38.19,52.03,69.01,73.57
38.56,38.56,46.58,69.31,75.91
39.89,39.89,41.50,69.53,75.36
36.66,36.66,37.02,69.68,72.33
34.26,34.26,40.68,69.07,73.49
34.74,34.74,38.63,69.35,69.81
27.78,27.78,42.23,69.12,68.38
23.77,23.77,44.62,69.63,75.60
26.36,26.36,56.37,69.36,77.66
26.55,26.55,50.28,68.81,75.32
24.26,24.26,43.30,67.41,76.07
23.72,23.72,39.11,66.92,75.07
24.18,24.18,45.45,66.61,75.18
24.30,24.30,60.16,67.30,74.21
26.09,26.09,65.39,67.76,73.10
26.18,26.18,55.32,68.40,74.50
23.58,23.58,50.09,68.53,75.41
26.29,26.29,47.62,68.36,73.90
23.77,23.77,45.04,67.86,75.94
18.09,18.09,47.62,66.77,73.71
19.21,19.21,62.89,66.92,72.97
19.28,19.28,60.05,68.35,75.92
22.36,22.36,52.30,67.91,73.15
26.69,26.69,46.28,68.12,74.07
27.89,27.89,41.38,68.72,75.42
26.17,26.17,38.38,68.73,74.85
28.16,28.16,37.40,68.71,75.25
27.17,27.17,37.43,65.78,75.55
25.85,25.85,43.49,57.04,73.75
24.39,24.39,34.53,42.22,74.69
22.37,22.37,38.96,40.30,73.97
27.54,27.54,49.06,49.69,73.82
25.69,25.69,55.62,62.15,74.67
24.03,24.03,47.85,67.24,73.13
26.53,26.53,40.18,67.72,72.22
29.05,29.05,37.81,67.60,74.48
28.60,28.60,37.13,67.84,73.04
30.56,30.56,42.54,68.50,70.75
29.48,29.48,42.39,68.31,73.87
28.58,28.58,40.14,68.01,72.30
24.42,24.42,45.96,67.71,71.65
22.09,22.09,56.51,67.80,76.21
13.54,13.54,61.11,69.69,72.70
15.45,15.45,71.19,70.42,73.27
9.27,9.27,65.62,67.51,75.46
9.88,9.88,61.30,65.13,77.70
17.29,17.29,55.51,66.32,77.48
22.16,22.16,51.07,67.20,77.00
22.79,22.79,44.57,66.50,75.29
25.67,25.67,40.68,66.26,77.24
24.41,24.41,39.91,65.64,76.71
24.38,24.38,40.10,66.28,73.83
22.74,22.74,40.06,66.57,75.79
20.13,20.13,48.26,66.33,70.91
16.74,16.74,48.95,65.98,74.23
21.68,21.68,58.93,65.56,72.77
22.52,22.52,54.75,67.02,71.93
25.91,25.91,49.60,65.57,74.90
26.29,26.29,47.54,64.23,74.98
25.26,25.26,53.89,62.49,74.01
26.53,26.53,58.77,59.66,74.63
27.20,27.20,59.78,61.86,71.85
27.99,27.99,56.57,62.86,71.05
27.43,27.43,52.69,58.78,71.78
26.11,26.11,50.48,49.70,71.73
22.45,22.45,45.52,54.52,71.19
21.11,21.11,58.94,54.02,75.28
22.95,22.95,64.00,64.20,74.77
22.77,22.77,58.35,67.80,73.67
26.41,26.41,52.44,72.43,73.59
30.51,30.51,47.33,72.80,73.40
29.29,29.29,42.05,70.85,72.98
33.35,33.35,35.05,74.22,76.14
30.67,30.67,28.26,73.40,71.41
30.28,30.28,22.24,71.31,73.94
28.80,28.80,22.04,71.96,72.27
32.59,32.59,26.44,74.56,71.41
23.15,23.15,27.56,73.02,73.87
26.16,26.16,43.44,71.46,71.11
24.97,24.97,45.47,73.02,74.97
23.75,23.75,36.37,72.76,73.27
24.94,24.94,27.80,71.05,74.99
23.67,23.67,20.41,73.27,73.82
21.92,21.92,14.41,71.78,73.32
24.36,24.36,11.66,73.05,74.91
22.47,22.47,8.99,73.00,71.59
23.95,23.95,8.00,72.08,72.79
24.15,24.15,33.11,71.85,74.24
20.42,20.42,52.81,73.64,72.88
12.16,12.16,59.82,70.74,72.25
15.31,15.31,64.65,65.81,73.61
12.33,12.33,73.67,68.25,70.82
10.53,10.53,64.75,74.95,71.56
13.82,13.82,61.29,77.49,69.45
19.99,19.99,56.85,76.53,70.53
21.66,21.66,49.02,74.79,68.39
23.57,23.57,43.78,74.65,67.18
23.51,23.51,40.61,75.27,71.61
20.64,20.64,34.77,74.63,71.17
18.06,18.06,31.95,75.67,72.91
14.33,14.33,36.46,74.96,73.78
21.04,21.04,49.17,75.12,71.71
16.91,16.91,56.76,76.34,75.43
16.94,16.94,49.79,76.14,74.38
19.46,19.46,43.54,73.81,72.48
19.10,19.10,46.99,71.77,72.23
17.19,17.19,54.02,72.61,68.06
19.41,19.41,65.22,75.14,73.39
18.96,18.96,71.56,75.14,73.52
17.62,17.62,62.71,74.77,72.75
18.62,18.62,58.64,69.41,65.27
18.03,18.03,53.19,69.56,65.59
13.44,13.44,53.42,70.16,64.40
8.21,8.21,56.67,65.58,68.39
13.62,13.62,73.00,61.73,76.41
15.53,15.53,80.75,66.81,75.81
18.02,18.02,75.91,66.26,76.85
20.88,20.88,71.77,68.94,77.46
22.95,22.95,64.95,70.56,76.45
18.59,18.59,62.57,71.08,77.87
19.85,19.85,57.89,69.40,76.82
22.51,22.51,54.97,67.75,77.23
18.44,18.44,52.54,69.02,77.01
20.39,20.39,50.70,68.65,77.47
20.95,20.95,46.67,68.90,76.85
22.87,22.87,58.50,69.77,76.36
19.49,19.49,71.09,69.68,73.18
17.08,17.08,80.88,64.20,75.01
18.15,18.15,76.42,69.34,77.25
19.60,19.60,70.48,71.32,77.79
20.50,20.50,65.22,71.73,76.71
19.06,19.06,64.71,72.38,78.13
22.09,22.09,59.79,72.20,77.36
20.61,20.61,48.50,73.13,76.56
18.57,18.57,50.84,74.10,73.53
16.81,16.81,47.45,73.45,73.03
13.09,13.09,47.20,72.51,74.59
14.48,14.48,59.22,73.20,74.10
14.87,14.87,71.88,73.68,74.48
13.95,13.95,65.23,72.60,73.79
14.75,14.75,62.62,72.94,73.27
19.99,19.99,60.77,72.94,73.46
22.09,22.09,54.38,72.03,74.21
22.88,22.88,46.30,73.26,74.69
23.30,23.30,44.33,72.96,75.27
22.14,22.14,38.45,72.95,72.62
19.58,19.58,31.84,73.20,72.33
16.01,16.01,37.74,74.08,73.02
12.28,12.28,38.15,73.83,73.61
15.45,15.45,40.17,72.64,76.27
20.53,20.53,47.68,73.01,74.92
18.27,18.27,42.20,74.19,76.18
16.22,16.22,46.42,73.34,76.52
11.83,11.83,54.10,73.45,76.20
15.06,15.06,68.73,72.92,74.94
17.27,17.27,70.98,72.23,76.19
19.51,19.51,63.23,72.89,76.03
19.80,19.80,58.10,72.99,75.18
21.00,21.00,51.10,72.53,75.14
17.88,17.88,45.97,72.22,74.11
12.97,12.97,51.29,72.75,74.66
16.70,16.70,61.46,71.56,76.02
15.75,15.75,62.83,71.01,74.87
19.08,19.08,56.52,71.37,75.89
19.77,19.77,51.55,72.79,76.20
17.83,17.83,47.83,71.53,75.51
18.73,18.73,39.94,72.40,75.38
17.91,17.91,34.32,71.86,74.50
17.37,17.37,26.81,71.79,75.83
17.86,17.86,29.83,73.03,72.52
19.81,19.81,30.50,72.14,72.28
20.68,20.68,32.86,71.72,71.65
21.87,21.87,50.33,71.40,72.17
18.88,18.88,51.66,72.81,74.12
18.02,18.02,48.42,71.02,73.90
18.01,18.01,36.21,71.42,74.93
15.11,15.11,30.60,71.89,75.60
14.30,14.30,17.06,72.60,75.41
15.14,15.14,18.72,71.45,73.35
13.42,13.42,17.91,72.17,72.67
12.94,12.94,19.72,71.20,71.12
13.98,13.98,46.95,71.32,71.27
14.21,14.21,60.02,72.41,71.08
11.81,11.81,65.26,70.67,73.41
14.97,14.97,77.13,68.89,73.47
11.53,11.53,67.07,69.63,75.35
14.33,14.33,62.78,71.11,78.13
18.20,18.20,58.82,70.88,77.34
20.75,20.75,53.53,70.57,76.70
23.06,23.06,47.97,71.73,76.45
23.81,23.81,44.21,70.82,76.97
20.00,20.00,37.26,70.74,76.56
19.04,19.04,35.28,71.78,76.23
18.92,18.92,33.17,70.84,76.22
18.04,18.04,39.77,70.97,76.10
17.10,17.10,48.18,71.88,74.95
23.55,23.55,55.05,69.95,75.42
21.05,21.05,51.38,70.11,75.41
18.74,18.74,51.55,70.23,76.97
16.23,16.23,57.09,71.39,75.89
16.99,16.99,63.35,70.47,74.52
18.55,18.55,68.44,70.88,74.61
19.33,19.33,60.69,72.05,74.65
20.98,20.98,57.21,70.77,74.56
22.77,22.77,52.95,70.73,74.30
23.32,23.32,42.66,71.43,75.01
22.25,22.25,40.33,70.68,74.84
20.21,20.21,45.18,71.25,75.84
20.90,20.90,57.17,70.16,75.67
19.63,19.63,63.90,69.12,75.68
19.68,19.68,59.08,69.32,75.12
23.01,23.01,52.22,70.86,75.49
24.00,24.00,46.46,69.36,74.87
24.04,24.04,39.31,69.31,74.47
22.38,22.38,31.08,69.98,74.19
23.79,23.79,24.04,69.20,73.68
29.10,29.10,20.02,69.09,74.80
28.38,28.38,23.05,70.21,72.91
18.98,18.98,23.01,69.50,70.11
17.77,17.77,28.28,69.14,71.16
25.88,25.88,42.71,70.15,72.54
24.28,24.28,41.56,68.68,78.25
21.44,21.44,35.77,68.98,77.31
18.02,18.02,25.73,69.74,77.48
19.83,19.83,18.82,69.34,76.80
20.38,20.38,16.38,68.47,75.50
20.23,20.23,15.23,68.61,73.98
22.62,22.62,16.97,69.77,74.04
22.24,22.24,37.46,68.66,73.71
22.00,22.00,52.09,69.28,72.62
16.54,16.54,60.08,70.38,75.81
16.05,16.05,66.77,68.93,75.45
11.14,11.14,77.12,67.13,74.67
7.18,7.18,68.51,68.02,72.54
12.33,12.33,64.71,67.71,69.87
20.03,20.03,59.50,68.28,68.97
22.90,22.90,53.76,69.72,70.99
24.19,24.19,47.12,68.79,72.81
24.36,24.36,40.56,68.33,73.73
24.72,24.72,37.96,69.38,73.75
24.84,24.84,30.66,68.67,74.50
23.97,23.97,34.58,68.37,74.67
21.82,21.82,36.01,69.17,74.18
26.99,26.99,54.04,66.97,77.98
26.41,26.41,59.05,66.78,76.24
28.56,28.56,55.60,68.13,75.80
26.68,26.68,59.77,66.69,76.08
25.68,25.68,64.71,66.95,76.03
23.57,23.57,62.84,67.95,75.18
23.57,23.57,65.44,67.47,75.55
25.79,25.79,62.58,66.54,74.21
27.39,27.39,60.27,67.73,72.29
27.63,27.63,58.12,67.02,74.13
21.31,21.31,56.35,67.06,75.03
13.82,13.82,56.35,67.63,75.85
13.78,13.78,62.22,67.65,76.72
13.71,13.71,59.30,67.69,76.07
18.72,18.72,52.68,66.57,76.83
22.11,22.11,46.64,66.32,77.76
23.09,23.09,40.63,66.06,77.26
24.90,24.90,35.23,66.35,76.88
24.08,24.08,28.80,67.01,76.83
24.74,24.74,24.79,65.48,75.51
24.29,24.29,30.46,65.65,74.32
24.06,24.06,44.73,66.44,74.96
21.41,21.41,52.19,66.25,75.08
25.79,25.79,60.07,65.94,75.02
23.13,23.13,55.23,62.97,76.10
23.89,23.89,46.82,65.05,76.23
24.55,24.55,39.49,65.35,76.42
24.86,24.86,31.91,66.67,76.13
20.68,20.68,31.80,65.21,75.81
19.58,19.58,28.02,64.63,75.84
22.31,22.31,27.89,65.46,77.41
24.60,24.60,22.58,64.56,77.09
26.17,26.17,24.25,64.91,75.97
23.25,23.25,35.98,65.67,76.70
19.80,19.80,46.60,65.29,75.97
18.54,18.54,60.06,64.96,71.02
14.89,14.89,74.72,68.05,73.43
5.42,5.42,67.66,64.85,73.08
9.53,9.53,64.80,63.49,74.92
18.27,18.27,63.89,65.64,73.76
23.86,23.86,59.67,64.91,71.42
25.79,25.79,51.57,64.02,72.40
26.93,26.93,44.93,64.42,73.11
27.21,27.21,39.91,65.44,73.48
29.20,29.20,39.64,63.82,73.10
25.98,25.98,41.35,65.50,72.06
20.29,20.29,42.96,65.03,74.04
24.16,24.16,54.71,64.03,74.80
21.10,21.10,49.80,64.02,76.81
21.81,21.81,44.48,65.13,76.64
22.02,22.02,52.05,64.09,75.27
18.36,18.36,61.72,64.32,75.25
15.56,15.56,66.51,65.09,76.38
18.41,18.41,70.36,63.66,76.02
18.98,18.98,62.20,63.42,75.34
20.62,20.62,58.98,64.55,74.68
20.48,20.48,53.53,64.87,73.96
17.39,17.39,53.96,63.84,74.73
11.03,11.03,60.76,59.73,73.98
12.50,12.50,70.11,47.19,76.47
8.12,8.12,84.03,52.60,75.10
10.95,10.95,74.01,54.92,75.80
15.48,15.48,61.89,59.40,74.93
20.11,20.11,67.91,59.24,75.33
20.80,20.80,66.79,63.64,75.94
21.62,21.62,58.62,63.72,76.62
20.87,20.87,49.10,63.17,75.92
21.15,21.15,40.69,61.80,75.11
21.67,21.67,42.98,62.31,74.10
19.81,19.81,45.54,61.69,74.67
19.41,19.41,49.73,63.71,74.28
20.79,20.79,62.98,61.24,74.61
18.92,18.92,60.89,58.29,73.86
21.54,21.54,53.74,59.87,74.75
21.58,21.58,46.96,56.93,75.45
23.33,23.33,37.93,55.59,74.11
24.36,24.36,31.17,57.80,74.45
24.40,24.40,27.04,59.52,74.59
26.93,26.93,27.19,59.96,74.01
30.49,30.49,29.70,59.22,76.64
27.59,27.59,42.39,58.28,76.79
19.80,19.80,58.50,60.29,75.66
11.98,11.98,67.89,58.74,76.04
15.04,15.04,74.74,56.77,75.10
14.44,14.44,69.08,62.14,77.28
16.33,16.33,65.54,61.23,76.51
20.13,20.13,57.64,59.44,74.69
22.87,22.87,51.77,60.03,74.04
24.66,24.66,45.63,60.65,75.29
23.91,23.91,38.74,62.54,75.12
25.13,25.13,32.78,60.34,75.30
24.52,24.52,34.41,60.33,74.81
22.48,22.48,42.45,60.81,74.62
17.29,17.29,48.87,63.06,74.71
20.94,20.94,55.22,61.55,75.15
20.53,20.53,53.88,62.44,77.16
21.72,21.72,50.12,64.05,76.32
19.00,19.00,53.65,61.44,75.48
15.51,15.51,57.77,62.71,75.92
16.35,16.35,61.26,61.22,74.16
17.52,17.52,57.63,61.14,73.43
19.58,19.58,58.38,61.84,74.12
21.74,21.74,47.95,62.59,74.91
21.92,21.92,41.65,60.10,74.02
18.55,18.55,42.39,61.05,74.16
15.29,15.29,50.73,61.28,73.47
17.20,17.20,59.87,58.38,76.02
18.52,18.52,62.67,61.99,76.68
20.45,20.45,56.30,61.18,75.64
22.65,22.65,50.87,61.09,76.62
23.92,23.92,44.23,60.16,75.16
24.47,24.47,34.55,59.32,75.67
22.97,22.97,27.20,58.62,75.67
24.56,24.56,22.51,58.94,75.32
28.18,28.18,20.45,57.90,74.11
28.69,28.69,24.54,56.77,72.11
23.56,23.56,22.85,56.82,70.52
21.61,21.61,31.16,58.62,71.83
27.72,27.72,48.01,61.29,74.91
21.65,21.65,40.61,57.80,78.10
21.13,21.13,32.95,54.96,78.94
20.02,20.02,26.64,56.52,78.18
17.49,17.49,22.13,56.91,78.17
17.01,17.01,19.77,54.87,77.80
19.95,19.95,19.03,54.60,77.16
22.17,22.17,17.56,56.35,77.59
24.51,24.51,33.29,58.95,78.01
24.19,24.19,54.45,57.90,77.42
18.84,18.84,60.24,55.08,76.42
18.20,18.20,67.71,56.59,75.10
10.96,10.96,72.07,53.61,76.51
8.95,8.95,64.98,53.45,77.16
15.06,15.06,60.81,57.94,76.69
21.51,21.51,55.28,58.65,76.62
22.90,22.90,48.10,59.48,75.75
23.79,23.79,44.21,59.32,74.83
22.74,22.74,41.34,58.25,73.89
23.57,23.57,45.26,56.82,75.24
22.86,22.86,36.28,56.09,75.81
20.48,20.48,40.51,56.58,74.36
20.82,20.82,41.85,58.63,74.91
25.37,25.37,54.13,58.53,74.81
24.09,24.09,54.93,59.00,76.02
26.60,26.60,52.07,56.57,77.07
25.34,25.34,54.08,56.42,76.81
23.39,23.39,57.90,56.92,76.89
23.52,23.52,69.18,59.52,77.72
26.19,26.19,67.04,58.14,77.04
27.05,27.05,61.86,58.46,77.71
27.11,27.11,55.78,58.69,74.44
28.07,28.07,48.96,57.75,73.62
25.93,25.93,45.61,56.68,74.86
16.52,16.52,49.00,55.16,74.51
15.02,15.02,58.50,58.27,74.53
12.61,12.61,58.29,56.94,78.82
15.19,15.19,53.68,59.40,76.57
17.28,17.28,47.94,54.42,76.61
19.20,19.20,42.30,57.67,77.32
20.02,20.02,34.34,57.94,77.23
21.01,21.01,26.75,58.11,75.91
19.94,19.94,23.29,55.80,75.87
19.51,19.51,37.77,58.37,75.67
17.72,17.72,52.05,58.53,75.80
12.82,12.82,60.87,59.16,74.88
17.13,17.13,60.97,59.48,77.92
21.52,21.52,54.70,55.25,78.56
21.23,21.23,47.45,58.33,77.58
23.95,23.95,40.70,56.34,78.05
23.29,23.29,32.44,55.19,77.79
23.34,23.34,31.29,57.14,77.06
23.63,23.63,24.57,57.67,75.60
23.22,23.22,25.32,57.25,74.14
24.68,24.68,26.61,55.80,73.72
24.77,24.77,26.56,58.90,72.61
23.03,23.03,36.74,58.94,69.56
14.33,14.33,45.06,56.55,69.70
17.62,17.62,63.99,54.77,67.75
14.40,14.40,67.07,57.20,74.25
14.78,14.78,65.06,56.07,75.04
17.98,17.98,60.33,56.91,74.73
23.92,23.92,56.13,52.41,76.14
25.63,25.63,48.63,54.91,76.55
26.96,26.96,40.59,55.64,77.28
26.49,26.49,37.02,55.36,76.98
26.73,26.73,32.64,52.49,75.33
28.83,28.83,38.46,55.21,75.79
26.98,26.98,43.04,53.55,75.64
21.37,21.37,45.41,56.24,76.05
22.11,22.11,55.99,54.84,75.33
21.10,21.10,51.57,52.92,76.24
23.67,23.67,47.67,55.22,76.49
20.57,20.57,53.56,54.12,76.82
15.67,15.67,58.11,51.97,75.47
17.59,17.59,66.62,55.26,76.25
21.10,21.10,61.49,52.86,75.60
22.92,22.92,58.30,54.32,75.42
24.65,24.65,53.24,56.37,75.36
23.96,23.96,44.79,55.92,74.85
19.74,19.74,41.96,57.51,75.43
15.30,15.30,47.34,56.76,76.16
19.95,19.95,56.52,52.56,75.21
18.14,18.14,58.63,47.44,74.61
18.18,18.18,53.42,52.73,74.34
21.57,21.57,48.05,51.97,74.79
23.91,23.91,43.98,52.51,75.46
22.05,22.05,38.66,54.90,75.22
20.45,20.45,37.13,53.51,74.61
17.17,17.17,33.83,49.29,73.88
16.92,16.92,38.82,54.75,69.69
17.66,17.66,31.53,53.07,70.94
16.64,16.64,36.26,55.55,70.77
15.58,15.58,51.39,55.48,70.08
24.01,24.01,63.73,56.02,73.36
21.72,21.72,59.73,56.96,74.97
18.75,18.75,51.76,54.45,75.02
19.96,19.96,45.21,60.88,73.89
24.80,24.80,35.22,53.84,72.95
21.48,21.48,24.87,57.29,71.72
19.03,19.03,19.76,56.51,64.41
21.82,21.82,20.51,54.29,65.03
29.47,29.47,25.05,53.33,66.74
29.20,29.20,47.00,51.00,65.27
19.60,19.60,57.70,55.52,66.13
14.31,14.31,63.49,55.33,76.07
14.01,14.01,72.68,61.23,74.01
8.20,8.20,65.82,59.06,74.41
13.85,13.85,62.71,73.35,72.55
17.78,17.78,59.95,74.11,75.65
17.54,17.54,53.89,74.46,71.88
18.10,18.10,48.58,77.19,71.28
18.40,18.40,44.93,77.07,72.77
16.80,16.80,40.76,76.34,69.71
13.55,13.55,39.26,77.38,69.49
12.38,12.38,38.08,76.97,71.37
16.38,16.38,48.08,76.68,73.51
17.10,17.10,56.41,77.52,73.07
15.28,15.28,51.57,77.27,74.39
17.92,17.92,45.63,78.21,73.76
18.03,18.03,45.00,76.07,72.53
17.11,17.11,55.35,75.61,71.64
16.40,16.40,68.66,77.99,74.08
18.15,18.15,64.52,77.52,73.61
15.87,15.87,58.57,76.49,72.02
15.92,15.92,54.49,76.20,75.04
16.34,16.34,48.44,77.29,73.27
15.33,15.33,50.55,76.36,72.52
10.76,10.76,51.76,76.62,74.81
11.93,11.93,63.98,75.94,72.74
12.27,12.27,75.25,76.15,71.31
13.33,13.33,80.15,74.78,75.29
14.80,14.80,74.25,70.94,71.94
18.72,18.72,69.61,74.49,71.18
19.92,19.92,63.65,73.66,70.68
19.77,19.77,62.13,74.45,71.16
18.54,18.54,57.43,72.80,73.34
18.43,18.43,53.57,73.93,74.11
17.76,17.76,49.99,73.21,69.66
15.46,15.46,49.59,72.39,72.39
20.42,20.42,48.09,73.32,77.20
22.76,22.76,61.64,75.15,76.85
18.67,18.67,79.53,74.12,75.92
16.90,16.90,77.82,73.94,75.63
19.31,19.31,64.00,71.21,75.45
19.72,19.72,64.64,71.16,76.55
19.45,19.45,62.68,71.49,76.41
20.40,20.40,54.55,73.74,75.40
21.85,21.85,45.30,72.02,76.67
22.65,22.65,49.18,72.22,73.61
21.65,21.65,47.48,72.07,77.65
17.34,17.34,47.59,72.02,76.37
12.23,12.23,62.07,71.31,76.69
16.95,16.95,71.61,70.12,75.50
7.25,7.25,69.06,71.64,74.67
6.88,6.88,64.97,72.97,77.20
14.24,14.24,60.41,76.04,73.06
18.72,18.72,56.85,74.53,73.61
21.00,21.00,54.06,75.74,73.45
22.64,22.64,46.78,74.85,73.25
21.52,21.52,39.99,74.60,74.13
18.12,18.12,44.07,75.56,75.05
18.22,18.22,48.61,74.40,74.85
13.26,13.26,51.16,74.95,71.66
19.12,19.12,54.54,75.75,74.92
17.82,17.82,55.39,75.07,73.89
20.50,20.50,50.05,75.20,73.03
21.85,21.85,53.01,75.54,75.32
18.04,18.04,54.37,74.94,72.87
15.19,15.19,60.28,73.88,74.08
17.10,17.10,68.87,73.69,74.16
19.17,19.17,58.69,74.66,71.38
21.19,21.19,56.07,75.55,74.04
23.30,23.30,53.04,76.03,72.97
23.33,23.33,54.82,75.09,72.91
16.71,16.71,54.11,74.89,73.16
14.62,14.62,53.58,75.65,73.99
13.04,13.04,63.80,73.19,72.31
10.83,10.83,61.46,71.75,77.08
13.29,13.29,58.52,74.98,74.73
15.60,15.60,53.35,70.76,75.80
18.41,18.41,50.32,71.29,75.46
19.57,19.57,47.79,74.03,70.21
21.67,21.67,42.98,74.53,73.45
18.70,18.70,38.43,71.98,71.60
23.23,23.23,41.81,74.50,72.86
17.68,17.68,46.17,73.28,71.42
13.00,13.00,48.85,73.77,69.99
18.86,18.86,50.68,73.39,72.27
18.70,18.70,50.62,73.63,75.10
17.64,17.64,47.21,72.42,75.98
18.72,18.72,41.55,73.69,74.15
19.75,19.75,39.99,74.99,77.13
18.88,18.88,39.89,72.41,76.04
18.25,18.25,37.86,73.22,70.22
18.53,18.53,32.70,75.18,74.46
20.05,20.05,39.25,74.40,77.24
18.41,18.41,47.95,72.61,69.29
14.14,14.14,53.88,74.54,74.36
12.43,12.43,67.38,75.01,73.35
10.83,10.83,72.81,73.31,74.51
7.71,7.71,65.78,72.86,76.78
14.88,14.88,62.48,73.86,76.97
19.67,19.67,57.25,74.37,74.47
22.80,22.80,52.35,73.81,76.25
25.17,25.17,48.59,72.40,78.01
24.52,24.52,47.79,74.68,74.20
24.59,24.59,47.92,75.74,75.79
24.35,24.35,50.80,73.39,74.60
25.18,25.18,50.62,74.12,75.97
23.07,23.07,53.89,73.68,76.08
21.78,21.78,59.23,75.40,74.11
16.08,16.08,56.96,75.02,77.57
15.51,15.51,51.42,72.21,74.56
17.94,17.94,47.50,74.94,77.88
15.76,15.76,55.69,75.08,77.87
11.37,11.37,61.16,74.49,74.87
13.93,13.93,68.09,74.93,77.61
14.95,14.95,60.84,72.25,74.44
16.77,16.77,55.63,75.42,75.49
18.01,18.01,54.41,75.48,77.37
19.14,19.14,57.17,72.68,72.71
14.11,14.11,54.94,74.53,71.42
13.57,13.57,55.88,75.12,75.82
14.58,14.58,60.97,75.55,72.81
17.22,17.22,56.79,75.36,76.55
18.70,18.70,53.88,73.35,75.63
16.82,16.82,51.29,74.75,73.68
18.76,18.76,50.40,75.96,77.71
19.43,19.43,48.59,73.07,75.46
21.05,21.05,44.93,75.18,74.26
23.80,23.80,44.96,72.69,75.95
27.55,27.55,45.17,75.67,76.56
21.86,21.86,49.00,75.31,71.66
21.78,21.78,52.18,71.97,73.03
22.81,22.81,53.71,75.03,76.97
21.28,21.28,49.45,71.60,73.99
22.19,22.19,44.02,74.51,74.83
24.59,24.59,43.50,74.40,73.30
22.47,22.47,42.40,73.42,74.92
20.35,20.35,43.71,75.74,76.22
19.74,19.74,43.78,75.27,73.20
20.56,20.56,40.08,73.88,76.24
24.41,24.41,31.36,75.21,74.37
21.64,21.64,42.68,75.48,74.20
19.90,19.90,54.25,74.89,73.07
14.29,14.29,61.18,74.28,71.52
14.66,14.66,68.48,71.07,74.50
10.31,10.31,64.84,75.53,75.09
11.95,11.95,62.09,74.75,76.19
15.65,15.65,57.79,73.07,78.25
19.75,19.75,51.50,75.04,75.42
20.04,20.04,49.06,74.48,73.23
18.80,18.80,51.77,74.98,75.75
20.97,20.97,53.38,74.95,72.72
19.98,19.98,51.86,74.13,75.96
17.64,17.64,47.01,75.66,78.54
17.51,17.51,46.24,76.06,72.70
14.81,14.81,46.51,74.16,72.80
20.12,20.12,54.28,75.29,74.79
20.39,20.39,48.41,75.11,69.97
21.96,21.96,42.34,75.02,76.69
20.53,20.53,46.34,75.01,73.59
17.81,17.81,55.64,74.24,75.72
20.68,20.68,62.64,75.20,75.65
22.60,22.60,57.92,75.87,70.42
22.53,22.53,53.90,73.84,74.66
22.26,22.26,47.68,75.79,73.39
21.43,21.43,40.06,75.68,72.61
18.46,18.46,39.94,75.32,74.63
15.41,15.41,44.28,75.24,74.24
18.61,18.61,63.16,74.96,79.52
18.28,18.28,59.67,74.84,78.42
19.93,19.93,54.53,75.83,72.64
19.72,19.72,50.04,74.54,74.84
21.35,21.35,44.95,75.16,73.28
21.51,21.51,38.66,75.88,73.91
21.04,21.04,34.17,75.05,73.87
22.84,22.84,31.84,74.96,71.39
22.12,22.12,32.88,74.14,73.74
22.03,22.03,34.22,75.82,76.77
15.89,15.89,38.17,76.02,74.66
12.85,12.85,41.47,74.70,75.90
20.53,20.53,48.02,74.35,77.87
19.20,19.20,42.50,75.16,76.94
17.16,17.16,32.40,74.61,75.06
19.40,19.40,25.03,74.51,78.40
20.67,20.67,25.40,74.28,76.02
21.01,21.01,25.44,75.42,74.33
24.74,24.74,27.30,75.72,76.32
19.80,19.80,24.47,74.07,74.70
20.34,20.34,32.28,75.10,76.26
14.08,14.08,45.40,75.54,77.12
10.22,10.22,54.40,74.79,73.75
14.92,14.92,69.25,73.02,75.92
8.98,8.98,66.74,73.09,71.88
9.75,9.75,63.76,74.77,77.48
12.11,12.11,57.92,75.61,76.96
16.85,16.85,53.77,73.67,75.11
19.98,19.98,49.55,73.96,75.74
21.26,21.26,44.25,74.65,77.96
20.14,20.14,38.76,74.85,75.26
19.17,19.17,38.25,74.70,76.30
17.50,17.50,38.78,74.40,75.84
15.09,15.09,41.15,75.89,76.29
16.02,16.02,47.56,75.21,75.75
18.68,18.68,55.82,72.83,77.09
19.31,19.31,50.38,75.21,76.19
18.96,18.96,41.11,74.57,74.74
17.10,17.10,35.28,74.79,77.57
17.82,17.82,41.75,73.86,75.10
15.82,15.82,51.50,73.89,75.81
15.31,15.31,66.85,74.77,75.57
17.92,17.92,62.19,74.03,72.44
17.39,17.39,58.55,74.03,74.28
16.49,16.49,54.09,74.27,75.83
13.68,13.68,50.84,74.41,78.72
10.75,10.75,54.58,72.54,76.31
10.47,10.47,68.27,71.94,76.36
9.29,9.29,79.63,71.14,74.42
12.54,12.54,79.97,73.18,73.72
14.63,14.63,64.10,74.64,76.77
15.91,15.91,65.75,71.57,78.65
16.54,16.54,53.96,74.38,77.29
16.33,16.33,61.68,73.72,75.10
17.28,17.28,60.23,74.47,77.28
17.59,17.59,60.44,73.31,76.72
15.18,15.18,49.88,71.40,73.51
12.78,12.78,55.47,74.63,77.22
15.69,15.69,58.42,74.35,79.05
17.14,17.14,53.43,71.57,75.52
16.26,16.26,50.53,70.88,75.30
16.39,16.39,41.87,73.19,75.35
15.68,15.68,35.26,76.80,75.48
16.78,16.78,34.66,76.36,75.57
16.08,16.08,29.57,73.64,78.86
13.98,13.98,36.15,76.04,76.75
12.19,12.19,35.10,76.60,74.99
13.60,13.60,34.80,74.78,75.67
10.21,10.21,47.45,75.71,72.73
6.41,6.41,54.30,71.46,74.46
14.79,14.79,64.67,73.80,76.08
5.48,5.48,71.06,74.03,73.20
8.13,8.13,66.67,73.61,70.62
15.33,15.33,60.75,75.77,74.03
20.51,20.51,55.18,75.01,75.46
21.62,21.62,49.04,74.11,74.32
23.35,23.35,43.87,74.61,73.08
24.49,24.49,40.41,73.06,72.41
22.27,22.27,38.64,75.61,75.61
20.90,20.90,31.92,75.93,74.81
15.57,15.57,32.61,73.74,74.32
11.77,11.77,44.32,74.72,73.67
17.51,17.51,56.97,74.62,74.90
16.17,16.17,51.05,74.38,73.67
17.02,17.02,40.21,74.97,74.57
15.29,15.29,39.96,72.79,75.37
12.18,12.18,59.19,74.23,75.25
12.39,12.39,59.95,74.25,73.28
14.32,14.32,63.41,72.19,74.16
14.88,14.88,58.00,74.43,74.58
18.06,18.06,49.27,73.16,72.14
18.31,18.31,44.32,75.10,72.74
15.06,15.06,41.89,74.47,72.98
10.63,10.63,44.37,71.70,73.80
16.03,16.03,61.24,74.60,74.49
15.57,15.57,60.18,75.83,72.67
14.42,14.42,55.69,73.68,76.72
18.26,18.26,49.17,75.18,73.00
22.26,22.26,43.03,73.33,73.25
19.53,19.53,37.17,74.73,76.43
20.57,20.57,30.35,74.97,73.30
20.98,20.98,25.73,73.24,74.00
20.77,20.77,31.73,75.49,75.38
19.08,19.08,32.94,75.93,72.41
17.73,17.73,39.90,73.72,73.93
14.42,14.42,46.64,75.02,71.47
18.99,18.99,55.63,73.93,77.12
19.41,19.41,50.69,74.47,73.96
22.34,22.34,43.81,74.14,73.18
24.51,24.51,37.91,73.43,75.78
23.58,23.58,30.25,74.46,74.18
24.20,24.20,27.15,74.37,76.18
24.15,24.15,27.71,72.79,75.07
26.95,26.95,28.55,73.78,75.18
27.98,27.98,24.85,73.83,75.91
25.49,25.49,40.58,73.49,75.71
17.29,17.29,57.13,73.94,76.24
12.96,12.96,64.91,71.10,74.87
16.01,16.01,73.14,71.79,79.45
10.84,10.84,66.01,74.60,76.04
14.22,14.22,60.74,74.06,76.24
17.40,17.40,56.80,73.43,78.30
18.66,18.66,50.16,73.89,76.12
22.01,22.01,45.15,73.33,77.47
20.33,20.33,42.08,73.35,76.63
20.92,20.92,39.68,72.87,71.28
20.12,20.12,40.92,74.23,76.10
15.88,15.88,38.49,74.09,75.31
10.99,10.99,39.52,72.14,70.63
14.35,14.35,49.47,73.35,76.34
16.50,16.50,59.98,73.76,74.67
20.50,20.50,55.64,74.30,73.61
19.05,19.05,50.49,73.27,76.31
22.26,22.26,53.64,72.65,74.86
24.70,24.70,58.71,73.70,72.96
22.06,22.06,59.15,73.67,76.45
23.74,23.74,55.89,72.43,71.40
22.16,22.16,47.27,73.69,75.51
21.80,21.80,40.88,74.13,75.58
19.51,19.51,38.43,73.01,73.37
16.81,16.81,43.86,73.23,75.64
17.01,17.01,57.80,71.06,75.04
17.98,17.98,63.07,74.83,76.28
21.95,21.95,58.79,76.07,77.16
22.54,22.54,53.27,74.05,75.45
25.01,25.01,46.84,73.74,72.64
24.77,24.77,43.88,74.00,76.11
27.27,27.27,40.84,72.86,73.48
26.99,26.99,33.66,73.20,73.69
27.58,27.58,30.06,72.76,75.11
25.90,25.90,31.85,73.82,71.21
19.20,19.20,29.82,74.40,73.05
13.50,13.50,31.85,72.92,74.14
21.18,21.18,47.32,73.46,76.39
18.87,18.87,40.91,73.89,75.47
21.06,21.06,34.53,74.14,78.80
23.29,23.29,27.74,73.22,75.18
23.25,23.25,26.59,72.68,75.51
22.31,22.31,25.90,74.24,76.82
22.83,22.83,23.20,73.59,71.27
23.22,23.22,25.58,72.65,73.48
21.16,21.16,30.97,73.35,75.64
17.19,17.19,45.92,74.13,72.16
14.76,14.76,52.96,73.52,74.63
12.03,12.03,61.41,73.47,73.74
14.47,14.47,71.86,72.83,71.04
10.49,10.49,67.08,73.65,75.00
17.07,17.07,60.49,73.73,75.58
20.67,20.67,56.50,74.02,74.02
24.64,24.64,50.61,74.38,76.15
23.84,23.84,45.17,74.10,73.86
26.28,26.28,38.80,73.65,75.52
25.96,25.96,34.62,73.10,71.80
23.62,23.62,37.64,73.20,74.65
22.24,22.24,36.40,74.11,74.40
17.73,17.73,33.38,73.90,74.68
20.11,20.11,44.41,73.03,75.66
22.70,22.70,51.09,73.63,77.64
23.81,23.81,50.10,73.87,73.90
25.95,25.95,47.82,73.89,76.21
26.07,26.07,56.49,72.85,78.05
31.54,31.54,64.03,73.87,76.51
32.99,32.99,61.64,74.00,76.33
33.01,33.01,55.00,73.52,75.18
33.71,33.71,48.18,72.79,71.99
39.76,39.76,41.98,73.58,74.47
55.06,55.06,40.20,74.18,76.34
54.81,54.81,47.61,73.48,74.60
53.21,53.21,61.97,72.44,76.62
63.20,63.20,58.79,69.95,77.11
70.74,70.74,54.23,68.88,77.40
71.13,71.13,49.17,70.21,73.66
69.61,69.61,45.29,71.28,78.01
70.59,70.59,39.05,72.89,76.22
72.34,72.34,37.02,73.28,72.83
72.50,72.50,31.30,72.67,77.18
73.68,73.68,28.31,72.87,73.64
73.98,73.98,32.81,72.80,74.15
71.69,71.69,38.23,73.62,73.91
72.42,72.42,45.87,73.17,72.93
75.29,75.29,57.42,72.35,76.34
73.34,73.34,53.34,72.55,77.14
71.69,71.69,42.08,72.44,70.53
71.36,71.36,36.87,72.88,77.84
72.55,72.55,32.98,73.16,72.80
73.60,73.60,28.37,73.57,75.56
74.27,74.27,26.75,74.11,76.15
63.10,63.10,23.39,73.24,75.03
55.23,55.23,38.19,73.38,75.82
55.08,55.08,54.30,73.30,77.30
54.99,54.99,52.82,74.81,75.16
60.73,60.73,71.03,72.78,73.48
62.35,62.35,68.53,72.57,72.93
68.56,68.56,64.79,71.72,72.09
69.73,69.73,60.26,70.38,71.92
69.43,69.43,53.68,75.57,73.57
61.91,61.91,47.76,72.35,71.22
53.57,53.57,41.73,74.60,75.81
51.36,51.36,36.54,75.14,70.51
54.00,54.00,36.35,74.61,71.34
53.21,53.21,37.03,75.44,70.57
67.85,67.85,43.59,73.52,71.14
66.18,66.18,47.22,72.97,70.69
69.13,69.13,49.46,72.07,74.50
70.52,70.52,52.92,69.10,72.75
71.05,71.05,55.62,66.78,74.98
71.61,71.61,57.24,67.59,70.81
74.92,74.92,60.98,66.76,72.71
71.37,71.37,70.56,65.37,71.36
72.77,72.77,68.56,66.80,71.29
75.05,75.05,63.86,65.18,71.08
77.44,77.44,60.13,66.28,71.58
78.08,78.08,60.74,63.14,69.40
76.76,76.76,63.94,58.92,72.67
75.83,75.83,73.03,62.44,67.29
73.77,73.77,81.72,60.91,65.20
75.27,75.27,75.74,63.72,70.68
77.08,77.08,71.33,73.93,67.83
78.55,78.55,68.92,73.93,69.94
79.67,79.67,64.00,73.38,68.41
78.55,78.55,62.61,76.26,69.87
77.69,77.69,55.24,75.45,70.72
77.43,77.43,45.08,74.27,69.40
75.91,75.91,42.98,75.60,71.40
73.37,73.37,48.97,76.82,71.03
68.95,68.95,58.19,74.02,70.91
72.54,72.54,71.62,68.36,73.47
71.97,71.97,79.85,63.74,71.87
72.12,72.12,78.53,67.20,71.94
72.07,72.07,67.88,72.44,74.60
70.57,70.57,67.17,74.17,73.85
69.80,69.80,58.56,73.77,73.29
68.94,68.94,61.19,73.19,73.98
69.60,69.60,59.74,73.72,72.89
70.99,70.99,49.50,73.45,73.03
68.21,68.21,54.92,73.41,73.47
65.93,65.93,55.00,74.14,72.44
60.88,60.88,61.12,74.23,72.21
64.32,64.32,67.62,70.60,72.11
63.59,63.59,71.31,69.46,70.24
70.49,70.49,64.39,73.68,71.66
70.13,70.13,58.88,71.41,72.03
70.53,70.53,54.23,71.60,72.69
71.59,71.59,49.39,71.27,75.20
72.04,72.04,48.39,73.39,70.00
71.41,71.41,52.85,71.06,74.41
70.68,70.68,42.59,73.28,73.62
68.56,68.56,36.73,73.80,70.84
71.80,71.80,35.84,71.74,71.16
72.67,72.67,39.17,71.99,71.83
74.02,74.02,50.53,71.20,65.23
74.02,74.02,48.75,71.07,71.25
75.10,75.10,43.10,71.20,68.66
71.74,71.74,42.86,69.03,72.21
68.84,68.84,47.64,72.73,70.33
70.83,70.83,64.64,67.02,72.36
75.66,75.66,63.64,72.10,74.34
77.41,77.41,58.77,70.44,69.12
78.33,78.33,51.28,69.29,75.34
77.60,77.60,49.57,72.96,71.62
75.71,75.71,48.98,73.12,71.98
74.83,74.83,49.92,70.18,72.26
73.59,73.59,60.62,67.02,70.87
74.92,74.92,61.23,69.46,72.67
71.20,71.20,57.29,73.26,74.32
62.97,62.97,52.80,74.23,76.71
56.48,56.48,46.87,75.74,75.03
54.37,54.37,40.75,74.46,76.54
53.83,53.83,37.48,73.73,76.48
60.90,60.90,36.08,71.82,76.33
67.45,67.45,37.24,73.16,75.83
68.96,68.96,50.01,69.85,73.66
68.61,68.61,48.35,72.20,74.41
68.13,68.13,51.92,73.79,75.68
68.86,68.86,49.94,71.89,71.73
68.89,68.89,45.29,72.06,73.19
75.97,75.97,40.32,72.09,73.49
75.74,75.74,37.95,70.11,73.15
76.55,76.55,33.84,72.50,71.92
75.42,75.42,33.86,73.43,74.03
74.19,74.19,33.27,72.23,71.69
74.67,74.67,29.81,73.43,74.25
74.02,74.02,34.66,72.17,72.51
74.10,74.10,50.57,72.77,73.80
66.50,66.50,56.99,73.65,73.10
69.45,69.45,73.18,69.85,72.80
69.83,69.83,68.85,70.41,71.87
64.61,64.61,62.93,74.75,71.06
65.84,65.84,56.87,76.26,71.72
58.11,58.11,53.54,74.80,70.57
63.58,63.58,49.15,76.38,69.89
64.82,64.82,47.18,75.39,68.80
66.34,66.34,44.77,75.13,70.10
66.20,66.20,45.02,76.02,70.39
64.37,64.37,39.63,74.63,70.06
62.52,62.52,37.86,76.07,67.32
64.49,64.49,42.24,76.50,69.49
64.64,64.64,41.63,76.80,71.04
72.46,72.46,41.40,76.77,75.02
71.38,71.38,38.65,73.48,75.20
75.82,75.82,42.58,71.13,73.65
73.80,73.80,48.70,75.07,74.58
74.28,74.28,61.37,73.20,73.13
75.75,75.75,62.84,73.41,74.15
77.02,77.02,57.33,71.26,73.71
77.78,77.78,50.53,71.32,73.01
76.77,76.77,45.08,74.10,72.62
77.44,77.44,44.34,73.20,72.45
77.27,77.27,48.91,75.04,70.40
76.10,76.10,59.91,72.78,74.00
74.12,74.12,61.95,75.62,70.72
73.93,73.93,57.56,73.61,74.63
74.96,74.96,53.07,74.32,74.84
76.03,76.03,49.29,75.20,72.27
76.20,76.20,45.27,72.00,75.71
75.37,75.37,40.02,73.67,73.32
75.38,75.38,36.88,73.81,73.26
75.96,75.96,36.82,68.77,73.39
75.62,75.62,38.55,73.29,68.82
75.87,75.87,43.20,69.39,69.93
77.34,77.34,54.31,75.45,70.15
76.90,76.90,53.50,73.19,69.06
76.59,76.59,48.74,71.13,71.28
76.90,76.90,42.94,73.35,70.05
77.26,77.26,38.71,75.26,69.91
76.30,76.30,34.52,73.26,70.15
75.62,75.62,32.63,73.66,71.87
75.24,75.24,30.67,73.86,73.01
76.54,76.54,28.87,74.44,73.10
75.59,75.59,41.84,74.92,73.82
73.40,73.40,54.96,74.06,72.97
70.92,70.92,55.40,75.36,71.88
69.31,69.31,70.79,74.22,70.03
68.65,68.65,67.54,73.92,72.90
70.71,70.71,63.21,73.44,72.51
71.29,71.29,60.13,75.30,74.47
71.01,71.01,54.32,74.43,74.97
68.19,68.19,49.02,72.25,72.73
67.42,67.42,44.77,74.10,74.83
72.39,72.39,42.03,73.38,74.00
67.42,67.42,36.84,74.97,72.74
64.94,64.94,36.32,73.77,71.93
65.32,65.32,38.25,72.82,70.94
65.64,65.64,42.29,74.09,71.43
64.10,64.10,54.43,70.94,71.02
64.91,64.91,51.26,69.61,71.18
63.27,63.27,45.32,73.43,73.25
60.66,60.66,43.37,71.13,69.37
61.54,61.54,56.10,72.29,75.01
60.46,60.46,66.72,74.22,71.29
58.50,58.50,63.05,69.92,75.48
58.03,58.03,55.85,73.74,74.19
58.07,58.07,48.93,73.39,74.06
57.89,57.89,42.34,70.29,72.73
59.98,59.98,48.28,74.51,74.17
62.62,62.62,57.28,73.19,79.18
58.78,58.78,63.09,74.04,79.74
49.44,49.44,61.81,74.07,80.23
57.82,57.82,56.87,73.00,78.62
54.73,54.73,54.79,73.28,78.22
54.19,54.19,50.10,74.22,78.03
55.60,55.60,46.27,72.50,78.06
58.17,58.17,39.44,74.99,79.00
54.34,54.34,35.00,74.52,77.93
55.23,55.23,40.16,74.14,76.32
55.65,55.65,42.68,75.46,72.30
51.28,51.28,39.02,74.28,72.05
52.94,52.94,45.22,75.68,71.92
49.68,49.68,50.51,75.19,75.19
51.81,51.81,49.79,73.87,73.97
48.88,48.88,42.90,75.29,72.09
50.04,50.04,35.89,74.92,72.86
52.30,52.30,35.11,74.61,73.36
52.58,52.58,34.31,75.10,73.26
50.74,50.74,33.65,74.57,71.51
49.69,49.69,34.12,75.85,73.11
48.01,48.01,39.12,73.92,74.13
48.09,48.09,53.62,72.77,70.98
44.50,44.50,63.87,73.65,75.97
48.34,48.34,71.91,71.17,73.05
54.73,54.73,68.19,71.97,72.56
51.78,51.78,63.08,70.74,72.94
48.37,48.37,58.90,74.71,74.51
49.49,49.49,52.87,74.63,72.95
50.84,50.84,49.07,72.63,74.29
46.97,46.97,44.16,75.19,73.47
39.45,39.45,37.71,73.62,74.39
41.18,41.18,34.34,74.76,75.32
43.03,43.03,33.05,75.05,71.06
32.55,32.55,35.22,73.70,72.37
29.94,29.94,51.20,75.44,75.56
24.19,24.19,56.91,72.63,73.06
23.92,23.92,51.58,72.11,73.23
26.15,26.15,43.41,74.41,72.46
27.24,27.24,45.87,74.92,72.74
23.00,23.00,52.52,74.27,71.03
18.47,18.47,68.82,74.10,71.52
21.13,21.13,65.04,74.17,72.26
23.78,23.78,58.41,75.52,72.55
27.50,27.50,54.56,74.38,72.69
26.61,26.61,53.41,74.48,70.59
21.91,21.91,60.88,72.38,72.14
15.93,15.93,73.89,66.69,71.68
19.95,19.95,82.59,65.42,75.50
21.42,21.42,74.66,71.27,73.54
22.37,22.37,68.04,74.72,74.92
24.41,24.41,65.08,75.48,75.61
27.72,27.72,62.35,73.68,74.40
27.12,27.12,60.45,73.36,77.01
27.12,27.12,58.90,70.70,72.67
26.07,26.07,53.27,72.58,75.92
29.14,29.14,57.45,73.36,73.59
20.15,20.15,54.46,72.67,76.17
19.95,19.95,52.21,74.03,75.05
20.66,20.66,54.95,76.99,69.15
22.65,22.65,52.56,74.42,76.84
27.92,27.92,47.81,73.37,73.02
30.35,30.35,37.56,75.15,75.00
32.54,32.54,34.54,74.56,74.53
30.63,30.63,39.09,75.28,72.74
33.67,33.67,34.89,74.92,75.86
31.45,31.45,36.38,73.95,70.29
29.96,29.96,37.63,75.23,69.11
23.91,23.91,41.42,74.51,62.60
14.88,14.88,51.30,74.65,66.77
9.54,9.54,63.06,74.57,70.11
11.32,11.32,73.56,72.63,76.43
7.60,7.60,70.00,73.02,79.53
9.65,9.65,64.75,72.87,78.34
12.35,12.35,60.53,73.68,79.95
19.69,19.69,54.92,74.20,79.29
22.26,22.26,50.91,71.79,78.59
23.11,23.11,45.47,73.35,79.57
22.85,22.85,40.97,73.36,76.09
23.08,23.08,39.46,73.97,79.73
19.39,19.39,50.04,74.22,78.01
15.00,15.00,48.96,70.87,77.23
16.25,16.25,48.93,69.55,79.21
17.57,17.57,54.60,69.96,77.27
20.08,20.08,48.84,69.29,75.44
20.41,20.41,45.36,72.74,76.88
19.90,19.90,45.16,70.61,77.14
18.74,18.74,49.41,68.12,75.99
16.95,16.95,66.51,71.68,76.92
17.57,17.57,61.00,69.46,76.55
19.56,19.56,58.17,74.06,76.51
20.36,20.36,47.85,72.56,77.02
19.08,19.08,42.09,71.55,76.65
20.14,20.14,42.59,76.23,76.30
18.51,18.51,51.97,73.58,73.36
18.71,18.71,62.68,73.15,73.70
18.91,18.91,57.60,74.94,73.99
22.61,22.61,52.88,71.80,72.74
24.38,24.38,49.47,74.24,75.05
23.57,23.57,44.78,73.86,72.69
25.11,25.11,37.82,72.50,72.97
27.29,27.29,33.10,75.24,74.80
28.66,28.66,37.86,73.19,73.98
30.93,30.93,35.25,74.75,73.45
26.36,26.36,28.33,75.63,74.16
17.04,17.04,31.04,72.94,72.78
19.70,19.70,47.65,75.23,73.61
14.08,14.08,48.79,72.79,76.34
15.69,15.69,43.60,72.07,73.54
14.39,14.39,36.54,74.51,75.14
12.76,12.76,31.24,72.56,74.26
13.63,13.63,26.06,73.93,75.55
15.13,15.13,25.69,74.46,73.66
17.98,17.98,23.77,72.40,75.11
22.25,22.25,23.33,74.21,74.42
21.83,21.83,34.54,73.14,72.76
20.84,20.84,46.59,72.52,72.25
11.28,11.28,55.03,74.05,72.65
11.89,11.89,70.47,70.47,72.26
12.16,12.16,71.26,72.48,71.73
10.83,10.83,65.68,72.53,73.04
12.81,12.81,60.74,72.73,72.75
15.39,15.39,55.57,74.50,72.62
19.57,19.57,49.66,72.23,71.98
20.48,20.48,43.89,72.96,73.33
21.86,21.86,42.87,74.53,72.60
21.14,21.14,41.98,73.05,72.12
18.61,18.61,37.89,71.56,73.11
14.21,14.21,36.49,71.50,73.73
10.98,10.98,40.59,72.89,72.12
15.90,15.90,57.70,73.11,72.70
13.91,13.91,55.39,72.20,73.77
17.60,17.60,51.92,73.67,73.29
18.19,18.19,50.54,70.73,76.74
16.22,16.22,57.04,74.52,74.12
18.95,18.95,66.84,74.01,74.01
21.84,21.84,60.22,71.32,73.99
22.78,22.78,53.65,73.74,73.81
23.34,23.34,46.03,71.82,72.79
21.05,21.05,41.48,73.58,70.11
16.62,16.62,41.72,74.05,73.75
16.19,16.19,47.05,71.56,72.46
14.90,14.90,62.10,75.50,77.71
16.30,16.30,57.93,74.03,79.20
20.32,20.32,52.85,71.75,78.15
23.49,23.49,48.05,72.99,78.99
22.87,22.87,42.08,72.49,77.74
21.82,21.82,38.09,73.27,77.14
23.15,23.15,30.55,71.88,77.49
24.46,24.46,27.61,72.05,77.58
23.43,23.43,28.66,73.41,77.47
21.30,21.30,41.61,71.13,77.86
19.66,19.66,46.81,71.64,76.49
18.73,18.73,59.12,72.67,75.75
14.36,14.36,55.88,68.75,75.64
15.46,15.46,48.94,72.89,75.08
19.78,19.78,44.90,72.70,76.20
20.00,20.00,38.91,70.77,75.36
19.91,19.91,33.46,72.89,76.33
20.31,20.31,33.75,69.09,75.26
23.55,23.55,33.55,71.59,75.48
21.38,21.38,31.52,72.01,77.38
16.72,16.72,37.94,70.69,73.13
12.17,12.17,49.63,70.89,74.71
11.61,11.61,57.40,69.99,70.24
14.07,14.07,71.68,74.52,72.70
5.74,5.74,69.15,73.72,71.45
7.73,7.73,63.07,70.87,72.56
14.28,14.28,58.29,73.42,71.12
21.12,21.12,53.71,73.43,71.90
24.01,24.01,48.48,72.06,72.85
24.72,24.72,43.91,74.79,71.66
24.59,24.59,41.30,72.53,73.42
26.19,26.19,36.67,74.13,72.16
25.58,25.58,32.34,74.94,72.57
17.99,17.99,37.87,72.53,74.34
13.77,13.77,46.57,74.16,74.41
21.76,21.76,53.06,70.83,74.25
18.12,18.12,46.44,71.30,73.54
19.72,19.72,43.95,73.03,72.52
16.78,16.78,45.01,68.97,72.65
13.11,13.11,52.02,72.68,72.00
13.79,13.79,67.62,73.04,73.91
13.78,13.78,60.86,69.22,71.01
14.10,14.10,55.77,71.67,71.60
15.70,15.70,52.30,70.17,71.81
16.55,16.55,51.00,72.00,71.92
14.07,14.07,44.71,73.51,72.85
10.04,10.04,48.14,70.17,73.51
12.88,12.88,55.92,73.06,73.94
12.71,12.71,57.48,70.76,73.29
12.09,12.09,53.64,71.19,72.98
15.92,15.92,48.48,72.66,72.78
18.40,18.40,44.89,70.36,73.04
20.48,20.48,39.47,72.83,72.15
22.74,22.74,33.68,71.53,73.24
23.51,23.51,27.48,71.11,70.70
20.66,20.66,29.87,69.64,71.57
18.92,18.92,30.15,69.18,72.04
15.35,15.35,25.60,72.02,68.30
12.84,12.84,38.51,75.26,74.63
17.85,17.85,49.54,71.51,75.19
15.41,15.41,42.42,69.51,73.95
17.66,17.66,36.49,71.58,75.00
17.14,17.14,29.60,70.77,72.90
18.55,18.55,23.48,69.60,71.99
23.62,23.62,28.74,69.74,72.29
31.85,31.85,24.47,69.79,73.91
43.03,43.03,22.75,69.62,76.54
47.87,47.87,38.32,67.06,74.54
49.91,49.91,56.07,68.00,72.10
47.23,47.23,67.04,69.85,73.91
40.41,40.41,72.83,68.35,77.88
39.37,39.37,72.85,68.83,76.04
44.78,44.78,66.86,68.50,76.42
49.08,49.08,61.84,68.88,74.97
51.83,51.83,56.34,68.33,78.38
53.29,53.29,48.63,68.09,77.29
54.63,54.63,44.17,68.38,75.86
55.59,55.59,38.86,65.53,77.63
57.86,57.86,36.12,55.13,74.60
60.22,60.22,35.59,51.98,74.31
58.84,58.84,34.93,53.22,76.48
58.87,58.87,43.07,56.70,75.46
61.25,61.25,56.59,68.60,76.85
63.13,63.13,52.21,67.46,69.05
66.74,66.74,44.55,67.88,75.75
65.12,65.12,43.61,67.60,75.09
59.36,59.36,54.67,65.25,70.83
55.57,55.57,64.15,66.68,70.38
53.81,53.81,73.17,67.20,70.49
57.25,57.25,65.92,62.93,68.80
59.07,59.07,62.23,55.10,69.86
58.22,58.22,54.55,52.31,72.67
58.95,58.95,55.19,51.68,70.34
60.55,60.55,66.68,64.67,73.80
63.81,63.81,80.51,64.65,71.82
74.76,74.76,71.80,68.46,71.21
74.22,74.22,63.52,70.39,74.29
75.63,75.63,64.50,67.71,73.17
75.17,75.17,59.76,68.70,75.47
77.80,77.80,57.98,71.06,75.29
77.44,77.44,55.82,69.33,73.87
77.04,77.04,41.55,69.51,77.14
77.38,77.38,44.97,70.26,70.69
76.42,76.42,45.48,71.28,74.11
75.83,75.83,44.70,70.22,72.30
74.29,74.29,52.84,70.03,73.82
75.68,75.68,56.67,66.47,74.04
74.10,74.10,74.83,69.86,73.54
73.61,73.61,78.46,62.64,74.41
74.58,74.58,70.92,61.81,75.09
74.74,74.74,67.04,58.11,75.80
75.31,75.31,65.18,63.87,75.91
75.57,75.57,59.07,65.04,74.48
75.15,75.15,54.66,66.32,75.33
75.03,75.03,56.71,66.78,75.14
75.59,75.59,56.08,67.02,74.62
74.95,74.95,58.82,67.39,74.88
75.57,75.57,58.00,65.98,73.17
75.14,75.14,66.53,63.80,72.74
75.35,75.35,72.79,68.58,72.37
75.18,75.18,65.16,74.06,73.40
75.03,75.03,60.86,73.29,72.74
74.48,74.48,56.52,73.18,72.58
74.68,74.68,51.08,71.45,71.66
76.09,76.09,47.27,74.73,72.98
76.02,76.02,44.93,73.29,73.60
75.00,75.00,41.74,73.87,76.96
74.46,74.46,39.80,72.68,78.17
74.67,74.67,42.51,72.39,78.33
74.29,74.29,47.48,73.89,78.98
73.68,73.68,54.10,75.13,77.71
74.24,74.24,48.91,73.62,78.48
74.85,74.85,44.69,74.99,77.37
74.19,74.19,42.64,72.95,77.48
73.39,73.39,54.09,73.16,76.15
74.00,74.00,65.96,71.38,73.78
74.92,74.92,60.11,74.46,73.51
75.86,75.86,54.33,70.80,70.93
76.63,76.63,48.77,72.37,69.82
76.44,76.44,47.61,68.49,71.36
76.31,76.31,56.46,71.80,69.57
74.77,74.77,62.26,66.50,73.07
76.36,76.36,63.03,69.86,69.24
74.87,74.87,57.59,70.40,69.67
72.60,72.60,54.59,70.43,74.02
72.85,72.85,49.59,73.71,75.23
73.23,73.23,44.19,70.01,77.19
73.37,73.37,38.08,73.17,78.91
73.66,73.66,35.10,70.12,79.13
75.58,75.58,30.87,72.91,79.82
75.85,75.85,32.71,71.08,78.56
75.27,75.27,38.41,71.63,77.08
75.03,75.03,46.51,71.97,75.78
75.48,75.48,58.55,72.07,73.12
75.14,75.14,59.66,71.80,74.11
75.78,75.78,54.07,71.62,71.18
75.81,75.81,44.37,72.62,71.56
76.71,76.71,39.10,72.25,71.31
76.32,76.32,32.84,71.81,71.61
76.42,76.42,29.11,71.83,74.10
76.22,76.22,26.55,71.59,73.36
76.28,76.28,27.34,71.09,71.14
76.05,76.05,42.04,71.38,73.32
75.48,75.48,59.99,71.41,71.85
74.21,74.21,63.52,70.75,75.42
73.93,73.93,70.05,69.52,75.91
75.83,75.83,63.32,71.94,73.62
75.91,75.91,61.00,70.15,72.06
74.79,74.79,56.86,71.91,72.39
74.35,74.35,50.53,70.88,71.88
74.08,74.08,45.21,72.85,71.92
73.56,73.56,40.63,69.44,72.22
74.17,74.17,36.81,73.18,72.44
75.29,75.29,34.88,69.37,72.43
75.69,75.69,37.83,71.69,70.74
75.37,75.37,42.11,70.28,74.20
74.50,74.50,49.60,71.60,74.98
73.60,73.60,49.64,70.17,77.08
74.99,74.99,44.23,67.00,77.21
74.32,74.32,39.69,71.34,76.36
75.08,75.08,43.97,71.14,72.91
74.94,74.94,52.72,70.65,71.65
74.22,74.22,55.78,69.51,71.73
73.88,73.88,52.38,71.62,70.37
72.92,72.92,50.00,69.07,69.79
73.26,73.26,44.52,70.50,73.42
72.99,72.99,42.35,69.12,72.46
73.79,73.79,46.11,67.07,74.95
73.89,73.89,52.71,71.20,76.31
74.02,74.02,59.60,67.76,75.50
74.70,74.70,54.64,70.26,76.79
74.41,74.41,47.57,67.58,78.23
73.71,73.71,41.31,68.32,77.53
74.51,74.51,34.46,66.92,77.54
74.63,74.63,30.94,68.71,79.19
74.56,74.56,28.38,69.19,76.12
74.60,74.60,27.66,68.93,73.53
74.65,74.65,27.51,67.93,75.14
74.95,74.95,35.70,67.37,73.67
75.18,75.18,38.80,67.33,75.93
74.79,74.79,41.51,72.43,76.47
75.31,75.31,38.02,67.71,74.94
74.49,74.49,35.09,69.65,73.58
74.33,74.33,32.35,69.26,76.73
74.85,74.85,29.79,68.90,75.38
76.25,76.25,26.23,70.48,75.01
76.63,76.63,24.22,69.58,74.01
77.81,77.81,24.16,71.03,72.38
75.37,75.37,27.65,69.40,74.18
70.52,70.52,41.95,71.00,75.29
69.46,69.46,52.02,68.56,72.53
70.73,70.73,60.77,70.11,72.54
70.65,70.65,70.96,67.12,74.44
72.25,72.25,64.95,66.86,76.28
72.82,72.82,58.96,66.75,76.70
72.77,72.77,54.41,65.28,77.20
72.65,72.65,49.38,68.15,77.21
72.45,72.45,44.63,66.15,76.67
72.23,72.23,41.80,68.94,75.51
71.10,71.10,40.71,66.78,73.99
71.45,71.45,39.26,67.78,74.62
71.65,71.65,38.36,66.35,73.92
72.58,72.58,40.14,68.48,74.97
71.86,71.86,48.30,66.47,71.73
71.15,71.15,52.42,68.32,69.29
72.81,72.81,47.12,65.85,69.71
72.58,72.58,40.56,63.72,74.06
71.63,71.63,48.61,66.47,72.45
71.86,71.86,55.52,62.70,74.16
71.04,71.04,66.91,65.20,77.24
72.35,72.35,64.26,63.64,75.52
71.38,71.38,56.17,62.15,77.08
69.76,69.76,52.07,62.10,78.55
70.96,70.96,50.80,62.49,79.05
72.49,72.49,52.09,65.18,77.69
71.01,71.01,56.18,70.27,78.19
71.13,71.13,60.07,68.59,76.24
71.24,71.24,56.65,70.55,75.43
69.43,69.43,53.03,70.23,74.61
69.64,69.64,48.83,70.90,75.32
69.57,69.57,44.05,71.07,75.33
69.86,69.86,38.76,70.45,75.47
71.99,71.99,34.92,71.31,74.92
71.39,71.39,32.51,69.76,73.91
70.36,70.36,30.24,71.73,75.06
68.98,68.98,30.85,70.48,76.52
65.70,65.70,38.48,68.86,78.06
67.64,67.64,48.43,65.53,79.93
67.23,67.23,43.14,66.06,81.11
71.73,71.73,39.19,64.94,77.17
70.57,70.57,35.14,67.22,79.19
71.57,71.57,29.69,67.12,77.52
72.23,72.23,24.95,66.30,74.29
71.42,71.42,24.64,68.15,75.43
71.69,71.69,26.12,65.92,74.73
70.58,70.58,29.29,68.67,71.04
70.33,70.33,37.44,67.97,71.66
71.50,71.50,43.13,69.30,73.59
70.46,70.46,53.73,69.67,74.83
70.66,70.66,65.18,71.16,73.58
70.77,70.77,63.07,68.27,76.94
72.02,72.02,62.27,66.63,74.90
70.27,70.27,56.91,66.88,74.69
71.37,71.37,50.36,66.58,76.66
70.28,70.28,44.66,67.27,74.39
71.43,71.43,40.38,61.53,74.13
71.89,71.89,35.50,61.87,76.43
72.27,72.27,32.50,60.12,75.75
72.00,72.00,32.70,60.98,75.75
72.89,72.89,38.02,63.29,74.58
71.32,71.32,50.28,68.38,75.35
72.31,72.31,48.04,69.52,75.64
73.63,73.63,43.22,69.70,77.38
73.40,73.40,43.91,69.66,75.53
73.01,73.01,57.73,70.49,76.90
72.98,72.98,55.12,68.94,77.16
73.19,73.19,56.56,68.71,78.68
73.44,73.44,55.22,68.65,78.84
73.64,73.64,52.31,70.40,78.06
74.09,74.09,48.79,69.27,75.10
73.39,73.39,60.00,70.36,73.19
71.55,71.55,66.04,66.11,73.71
67.79,67.79,82.07,59.14,77.20
70.95,70.95,78.53,62.37,74.69
71.98,71.98,68.65,65.33,75.02
72.17,72.17,62.58,68.23,74.25
73.17,73.17,59.42,67.91,71.42
73.87,73.87,56.01,67.51,72.57
73.32,73.32,53.99,65.78,71.68
73.50,73.50,56.84,66.75,73.73
74.03,74.03,54.90,66.33,74.35
73.83,73.83,45.31,68.52,74.86
73.48,73.48,52.46,67.85,76.96
70.45,70.45,51.67,65.32,78.98
72.41,72.41,54.23,65.06,77.79
73.55,73.55,52.08,65.20,78.22
73.91,73.91,51.13,66.38,80.00
73.01,73.01,47.19,64.80,79.17
73.48,73.48,47.63,66.63,78.19
73.14,73.14,36.37,65.45,79.57
71.63,71.63,38.08,63.59,77.92
72.43,72.43,39.49,57.35,79.11
72.01,72.01,46.76,54.76,78.99
71.71,71.71,44.28,55.70,78.42
69.75,69.75,60.44,58.86,77.40
69.02,69.02,65.25,67.74,75.20
67.22,67.22,70.63,72.74,77.91
55.90,55.90,64.90,73.02,75.35
54.22,54.22,61.83,71.90,74.67
60.57,60.57,57.14,71.37,75.28
56.91,56.91,52.20,71.64,73.89
61.97,61.97,46.58,71.19,73.05
65.59,65.59,40.02,71.61,73.15
65.58,65.58,35.86,71.36,70.27
56.61,56.61,40.43,72.35,70.19
55.26,55.26,46.94,72.32,70.28
54.50,54.50,46.80,72.32,69.33
55.49,55.49,52.41,70.62,75.01
46.24,46.24,56.40,69.78,74.75
49.25,49.25,49.84,68.99,73.71
51.03,51.03,44.93,69.32,73.13
52.34,52.34,43.68,70.30,70.59
53.83,53.83,54.82,70.86,71.11
50.93,50.93,65.81,71.47,71.22
49.98,49.98,58.47,69.96,71.02
49.33,49.33,55.93,69.87,73.37
52.39,52.39,50.32,69.91,74.21
50.93,50.93,47.20,70.13,75.08
45.39,45.39,49.61,69.77,76.00
40.93,40.93,57.38,69.83,78.40
38.98,38.98,61.39,68.59,74.73
41.57,41.57,56.85,67.87,77.17
47.73,47.73,51.39,68.76,78.41
47.26,47.26,46.50,68.32,76.74
47.13,47.13,40.05,67.52,76.35
42.62,42.62,34.61,67.55,77.87
45.15,45.15,30.87,66.22,73.36
41.31,41.31,31.31,63.22,76.07
43.26,43.26,35.43,51.14,73.03
40.37,40.37,31.97,55.20,75.76
34.67,34.67,36.86,54.06,75.83
36.95,36.95,54.20,65.38,75.75
39.73,39.73,47.70,71.16,76.64
37.03,37.03,40.79,71.50,78.70
38.17,38.17,33.47,71.06,77.07
39.64,39.64,27.70,71.03,78.42
39.13,39.13,34.79,71.09,78.46
37.10,37.10,32.94,71.70,77.08
39.19,39.19,31.39,71.74,78.25
37.38,37.38,29.73,71.60,77.77
30.91,30.91,41.98,71.77,74.81
31.44,31.44,50.27,71.73,76.44
24.69,24.69,60.93,72.78,76.28
18.83,18.83,68.97,72.53,75.98
7.53,7.53,67.98,69.26,78.03
19.87,19.87,64.20,65.40,79.68
24.39,24.39,59.34,65.85,79.57
28.28,28.28,54.10,66.83,77.87
27.68,27.68,48.86,67.97,78.17
29.33,29.33,46.83,68.42,76.26
26.51,26.51,44.41,68.59,77.15
31.53,31.53,40.78,68.73,76.91
27.56,27.56,38.64,68.52,75.36
16.75,16.75,43.70,69.13,74.53
14.41,14.41,50.42,68.46,73.32
14.49,14.49,55.79,66.96,73.10
14.78,14.78,51.08,65.55,75.51
18.11,18.11,46.04,66.03,74.61
16.40,16.40,48.20,66.97,73.75
12.18,12.18,54.31,69.54,75.23
12.69,12.69,62.54,69.12,75.68
15.11,15.11,55.94,62.95,75.46
14.59,14.59,52.56,56.63,73.19
16.73,16.73,47.66,53.40,74.87
15.04,15.04,43.51,48.47,74.25
9.34,9.34,45.87,57.49,74.65
9.95,9.95,56.34,67.73,75.40
5.16,5.16,63.07,71.72,76.78
7.31,7.31,58.99,71.83,79.16
15.85,15.85,55.09,72.11,77.61
14.25,14.25,49.15,71.90,77.61
14.27,14.27,42.85,72.13,79.19
17.14,17.14,36.32,71.72,78.46
13.40,13.40,33.57,72.14,78.84
15.45,15.45,28.73,72.11,80.74
17.72,17.72,33.21,72.06,78.83
16.06,16.06,42.56,72.07,75.71
10.27,10.27,43.83,71.87,76.28
17.93,17.93,52.82,70.80,74.91
19.10,19.10,50.72,67.10,79.88
15.31,15.31,42.69,65.89,79.83
12.36,12.36,38.19,66.47,79.30
11.10,11.10,33.74,67.63,80.71
13.85,13.85,29.94,67.96,80.28
13.78,13.78,29.41,68.00,79.63
15.97,15.97,32.44,68.07,78.56
15.33,15.33,41.72,68.44,79.48
16.42,16.42,47.52,68.78,77.96
11.25,11.25,53.01,68.59,78.36
6.44,6.44,62.44,69.19,76.83
10.37,10.37,73.01,69.57,73.23
7.70,7.70,67.10,69.96,74.59
10.20,10.20,63.55,69.57,73.62
15.47,15.47,57.23,68.84,77.04
19.42,19.42,52.37,67.69,76.42
21.47,21.47,46.12,67.34,74.98
23.16,23.16,41.58,66.59,75.58
21.75,21.75,37.91,59.96,74.68
19.24,19.24,37.19,57.78,73.89
17.50,17.50,39.06,54.32,75.96
12.75,12.75,41.62,49.34,74.97
17.51,17.51,49.82,62.27,75.44
17.83,17.83,53.30,67.69,79.15
20.07,20.07,47.14,67.52,79.30
21.19,21.19,43.42,69.06,77.96
20.68,20.68,50.84,69.25,79.63
27.79,27.79,60.56,68.32,77.62
33.28,33.28,66.81,67.50,75.06
37.87,37.87,60.41,68.67,75.41
44.99,44.99,53.97,70.01,71.38
54.31,54.31,47.92,70.70,72.38
60.53,60.53,44.74,71.06,73.92
65.24,65.24,53.15,70.54,74.23
70.57,70.57,61.37,69.54,72.14
70.25,70.25,61.00,65.43,74.28
73.87,73.87,55.91,66.14,72.46
77.71,77.71,49.99,73.04,73.14
75.56,75.56,44.83,72.61,72.68
76.58,76.58,39.46,72.23,73.26
76.51,76.51,35.55,73.65,72.27
75.80,75.80,31.98,73.26,72.26
75.70,75.70,32.49,72.72,72.76
74.80,74.80,34.84,72.45,73.38
75.18,75.18,47.36,72.98,72.11
74.44,74.44,54.20,72.39,75.74
74.26,74.26,54.22,74.77,73.78
73.53,73.53,53.40,73.15,77.55
74.51,74.51,44.87,71.05,80.40
74.67,74.67,37.69,72.61,79.52
74.18,74.18,32.96,74.17,78.99
72.78,72.78,31.21,70.01,79.18
73.81,73.81,28.75,69.58,78.66
75.02,75.02,24.37,73.05,78.19
75.08,75.08,24.82,72.13,77.82
74.05,74.05,37.69,70.71,77.47
73.44,73.44,51.35,73.22,74.54
74.96,74.96,60.37,70.68,72.17
73.93,73.93,72.60,66.22,71.35
73.41,73.41,67.20,74.14,72.86
74.11,74.11,61.91,74.99,73.39
73.41,73.41,57.37,71.85,74.47
73.67,73.67,50.66,76.73,73.03
73.43,73.43,46.36,72.62,74.56
74.36,74.36,41.46,68.68,76.90
74.54,74.54,38.74,74.40,76.40
75.07,75.07,38.88,74.24,72.75
75.37,75.37,39.82,66.37,76.79
73.05,73.05,42.11,70.92,72.59
72.02,72.02,49.49,75.86,77.07
73.45,73.45,49.93,74.93,70.42
72.91,72.91,43.10,69.12,75.92
71.21,71.21,42.26,69.58,74.02
71.85,71.85,49.44,71.22,76.78
70.69,70.69,59.05,71.31,74.66
71.35,71.35,66.59,68.55,72.32
71.25,71.25,58.44,66.75,74.18
71.12,71.12,55.30,66.88,72.52
70.06,70.06,48.62,68.51,72.29
72.17,72.17,46.10,67.24,71.10
73.56,73.56,58.72,66.63,71.26
72.54,72.54,72.71,63.85,69.87
72.69,72.69,80.19,69.37,73.94
75.00,75.00,72.11,70.19,75.87
74.36,74.36,69.64,73.17,74.92
73.29,73.29,67.28,71.97,74.80
72.14,72.14,60.17,72.77,75.14
71.52,71.52,60.56,72.65,75.55
73.55,73.55,52.19,73.14,76.14
73.64,73.64,49.65,73.02,76.52
73.92,73.92,40.52,73.22,76.18
73.73,73.73,48.84,73.75,75.80
73.75,73.75,52.54,71.97,75.43
73.83,73.83,61.60,70.54,75.31
72.87,72.87,74.29,73.68,74.40
73.73,73.73,77.06,71.07,74.19
73.41,73.41,66.78,70.40,75.42
74.14,74.14,67.93,70.61,76.21
72.50,72.50,64.30,72.06,75.29
70.81,70.81,56.80,70.61,76.08
71.07,71.07,55.81,70.34,75.86
70.43,70.43,49.17,71.24,74.85
72.04,72.04,46.95,71.62,75.51
72.63,72.63,52.16,72.02,75.56
71.23,71.23,62.67,72.02,74.18
72.39,72.39,73.90,69.66,72.88
67.38,67.38,70.28,69.14,75.53
71.00,71.00,65.45,70.57,76.28
69.99,69.99,60.09,70.27,76.99
70.62,70.62,55.83,70.85,77.06
70.57,70.57,51.07,71.74,76.49
71.36,71.36,44.50,71.06,76.62
71.54,71.54,40.74,70.18,75.34
73.20,73.20,38.93,70.26,74.85
71.65,71.65,36.05,71.79,74.83
71.63,71.63,35.54,70.88,74.80
72.35,72.35,43.55,71.60,75.45
71.58,71.58,51.83,70.98,75.33
73.30,73.30,47.19,69.37,73.75
74.29,74.29,44.55,70.99,73.64
75.62,75.62,44.25,69.79,72.88
75.87,75.87,56.96,69.61,71.87
75.65,75.65,70.13,68.82,71.90
73.31,73.31,64.64,69.72,71.41
72.29,72.29,53.81,68.96,71.10
73.32,73.32,47.86,68.21,71.19
73.69,73.69,45.23,68.98,73.54
71.98,71.98,49.68,69.93,76.20
72.51,72.51,59.85,68.65,76.26
72.50,72.50,65.83,67.10,76.91
71.90,71.90,60.69,68.47,77.33
71.47,71.47,53.72,67.57,77.30
69.05,69.05,47.89,68.24,77.26
70.36,70.36,43.81,67.44,77.15
68.22,68.22,39.93,67.16,76.60
69.23,69.23,37.54,67.21,76.30
69.82,69.82,35.16,68.12,73.14
68.20,68.20,34.55,66.51,74.91
69.75,69.75,35.42,66.83,75.14
72.17,72.17,46.27,68.71,74.97
71.82,71.82,57.84,68.61,75.37
71.87,71.87,53.80,65.04,78.88
71.68,71.68,47.03,68.13,76.91
70.86,70.86,41.56,66.32,76.36
72.83,72.83,34.03,67.98,77.78
73.24,73.24,33.48,67.86,77.77
70.25,70.25,32.61,66.41,76.95
68.98,68.98,32.90,66.99,77.83
69.79,69.79,33.15,67.34,76.30
70.26,70.26,35.02,65.76,75.18
68.85,68.85,47.00,66.65,75.33
64.86,64.86,57.95,67.42,75.16
63.96,63.96,67.76,65.80,74.78
64.77,64.77,73.57,62.83,76.92
71.23,71.23,65.72,64.11,76.11
73.66,73.66,59.66,65.30,76.14
72.57,72.57,54.02,66.28,76.87
69.59,69.59,49.12,67.20,77.33
65.62,65.62,43.95,66.17,77.31
67.17,67.17,40.83,64.90,76.96
68.46,68.46,38.06,66.87,74.94
71.06,71.06,33.28,66.22,75.24
70.59,70.59,41.54,65.65,74.37
71.21,71.21,57.48,67.87,76.58
69.57,69.57,66.92,66.25,77.13
68.50,68.50,60.81,65.35,78.67
65.75,65.75,57.07,66.91,79.50
62.08,62.08,56.49,65.29,78.37
64.57,64.57,61.51,65.76,77.76
66.23,66.23,65.64,66.89,78.54
66.57,66.57,64.06,65.28,77.06
67.50,67.50,58.78,65.34,78.85
62.50,62.50,50.02,65.72,79.02
51.47,51.47,46.50,63.93,77.45
54.89,54.89,58.66,63.75,77.20
55.53,55.53,65.49,64.73,77.76
53.47,53.47,64.63,66.54,77.71
52.08,52.08,60.93,63.38,78.51
51.39,51.39,55.91,64.56,77.88
51.04,51.04,51.70,63.55,76.40
49.94,49.94,47.77,64.44,77.10
49.28,49.28,45.15,64.15,77.70
46.70,46.70,42.96,62.90,77.10
45.41,45.41,41.50,63.19,76.36
46.37,46.37,39.38,64.24,76.86
44.53,44.53,42.00,63.19,75.51
46.40,46.40,42.71,63.51,75.00
49.59,49.59,51.47,65.63,76.04
59.49,59.49,52.04,64.47,76.02
52.85,52.85,44.71,62.58,75.66
45.63,45.63,38.53,64.09,76.20
43.53,43.53,32.25,62.82,77.33
38.13,38.13,28.55,63.57,77.16
43.76,43.76,31.86,64.17,75.46
43.73,43.73,30.13,62.95,75.77
41.51,41.51,26.58,62.02,75.25
36.87,36.87,33.84,63.90,74.25
37.82,37.82,46.58,63.61,75.17
38.29,38.29,64.93,66.01,75.16
35.80,35.80,74.21,63.23,74.13
35.49,35.49,70.50,60.18,73.31
39.48,39.48,68.26,59.60,74.93
41.01,41.01,64.01,60.05,74.49
40.62,40.62,56.30,62.07,75.89
42.30,42.30,50.45,61.76,75.37
40.58,40.58,44.26,61.36,76.19
41.49,41.49,42.08,60.75,75.68
41.34,41.34,40.49,60.76,74.43
44.54,44.54,40.05,60.27,75.21
33.16,33.16,49.74,60.57,75.69
30.63,30.63,60.53,61.13,77.05
38.06,38.06,55.00,63.82,76.52
35.63,35.63,49.82,62.97,75.50
34.84,34.84,44.97,62.33,75.09
32.06,32.06,52.32,62.06,74.32
33.42,33.42,62.48,62.14,74.91
34.83,34.83,60.56,59.98,75.51
32.17,32.17,59.60,61.45,74.56
30.81,30.81,60.89,61.10,73.86
35.15,35.15,54.82,60.89,71.47
37.81,37.81,46.77,60.00,73.03
34.12,34.12,51.23,60.38,72.81
23.81,23.81,57.38,58.30,72.72
20.78,20.78,62.21,57.80,75.75
13.96,13.96,58.95,59.91,77.50
18.31,18.31,54.34,59.81,77.45
21.31,21.31,48.04,60.29,76.06
26.21,26.21,42.72,60.71,76.29
27.16,27.16,39.39,60.70,75.86
25.03,25.03,37.02,60.63,76.10
21.21,21.21,30.37,56.14,74.28
23.66,23.66,26.92,59.65,73.84
24.23,24.23,31.32,60.18,74.11
17.31,17.31,46.69,58.66,74.41
10.63,10.63,60.62,60.93,76.56
21.73,21.73,60.61,59.95,76.89
16.80,16.80,53.39,60.45,78.29
16.86,16.86,45.21,58.61,77.32
20.83,20.83,34.68,58.36,75.84
19.03,19.03,30.79,59.11,76.44
22.02,22.02,23.89,59.30,75.12
23.26,23.26,20.58,58.29,73.65
23.50,23.50,27.05,58.80,75.45
21.57,21.57,36.64,61.74,74.98
18.19,18.19,56.71,60.31,74.71
10.29,10.29,68.68,57.67,75.47
8.71,8.71,71.47,55.52,76.30
8.19,8.19,70.68,55.10,75.65
4.03,4.03,63.44,55.77,78.15
8.46,8.46,60.12,53.69,78.84
11.19,11.19,55.13,56.21,77.53
13.68,13.68,49.61,55.97,79.41
16.04,16.04,44.02,56.93,77.20
17.09,17.09,40.39,56.56,78.50
15.29,15.29,34.12,55.65,75.03
12.67,12.67,37.15,56.79,75.99
9.00,9.00,40.90,59.45,77.10
8.76,8.76,54.34,60.07,76.32
16.73,16.73,56.09,60.55,75.95
12.98,12.98,49.52,56.68,77.17
12.94,12.94,43.15,55.78,77.00
10.31,10.31,42.12,51.66,75.29
5.73,5.73,53.18,54.22,76.71
9.01,9.01,71.66,52.82,76.86
9.09,9.09,62.59,54.73,76.31
10.02,10.02,57.62,55.99,74.64
11.05,11.05,51.60,54.86,75.92
13.04,13.04,51.22,52.60,73.95
9.07,9.07,55.61,51.58,72.49
4.29,4.29,77.31,59.53,71.88
5.33,5.33,80.95,63.41,74.88
6.11,6.11,69.11,65.85,76.18
12.89,12.89,62.58,66.73,75.61
16.83,16.83,58.53,67.10,74.02
18.97,18.97,48.83,68.29,73.95
19.01,19.01,58.54,67.46,74.41
18.22,18.22,56.80,68.74,74.01
16.41,16.41,58.41,68.38,75.17
18.40,18.40,49.37,68.09,74.04
16.61,16.61,53.84,69.45,73.84
12.33,12.33,56.42,69.41,74.26
8.50,8.50,52.35,68.04,74.14
17.69,17.69,55.53,65.13,76.61
15.22,15.22,50.27,61.58,79.19
11.18,11.18,42.04,62.92,78.18
7.94,7.94,33.84,63.67,76.75
7.30,7.30,43.13,63.04,75.56
7.96,7.96,37.52,64.01,76.93
7.93,7.93,35.77,63.98,78.43
6.81,6.81,35.56,63.42,78.08
8.18,8.18,36.77,64.26,77.07
9.96,9.96,40.23,63.83,76.06
5.67,5.67,54.35,62.51,76.19
2.91,2.91,65.39,58.61,77.26
9.62,9.62,73.36,56.72,78.06
3.80,3.80,70.66,56.99,77.70
3.78,3.78,62.23,57.88,76.31
9.01,9.01,58.58,61.56,76.49
13.94,13.94,52.67,62.76,74.99
16.45,16.45,45.61,60.81,74.72
17.07,17.07,41.46,62.36,72.87
15.74,15.74,37.19,59.84,72.25
12.60,12.60,36.00,50.65,73.77
12.23,12.23,29.53,48.00,73.67
10.49,10.49,41.81,50.94,73.64
14.29,14.29,52.40,59.26,75.08
18.15,18.15,53.69,64.75,74.72
15.19,15.19,45.93,65.12,75.47
14.63,14.63,41.51,65.10,74.08
11.02,11.02,44.77,65.90,75.33
15.74,15.74,62.12,66.72,76.23
20.80,20.80,59.86,66.26,77.58
24.05,24.05,53.97,65.90,77.07
23.66,23.66,47.73,64.98,77.37
21.53,21.53,43.29,65.61,77.86
16.53,16.53,47.94,66.10,77.64
9.10,9.10,56.55,64.08,77.79
10.31,10.31,58.60,61.60,78.95
9.06,9.06,56.47,60.99,78.59
9.82,9.82,50.38,60.99,77.69
10.99,10.99,44.97,62.44,77.26
11.55,11.55,39.95,62.45,76.94
7.81,7.81,33.02,62.14,76.97
7.22,7.22,28.80,62.48,77.66
6.34,6.34,27.89,61.30,77.68
5.25,5.25,31.51,62.33,76.83
6.12,6.12,30.83,62.12,75.84
3.99,3.99,36.80,63.14,75.43
6.50,6.50,43.88,62.79,77.13
18.12,18.12,52.21,57.28,76.17
14.26,14.26,44.93,59.97,74.81
12.41,12.41,36.35,61.49,75.05
10.54,10.54,28.95,60.46,74.21
7.90,7.90,26.15,59.86,74.26
8.52,8.52,23.89,59.07,77.06
9.90,9.90,21.30,61.33,78.90
10.79,10.79,24.15,62.76,75.87
11.06,11.06,25.45,49.59,75.36
11.33,11.33,37.06,51.18,76.28
9.42,9.42,46.41,50.68,75.94
9.53,9.53,62.92,55.49,74.80
10.51,10.51,75.78,60.35,75.30
5.02,5.02,69.65,65.31,75.18
8.89,8.89,63.85,68.04,75.68
13.03,13.03,56.64,68.68,75.38
17.40,17.40,52.25,68.01,75.17
19.14,19.14,46.34,66.15,76.23
20.82,20.82,40.30,67.73,75.25
20.23,20.23,35.99,67.31,76.96
21.06,21.06,32.98,67.37,75.97
19.11,19.11,33.72,66.91,75.62
14.16,14.16,41.95,67.66,74.55
16.82,16.82,50.96,69.88,75.49
20.43,20.43,49.05,66.51,79.66
17.00,17.00,44.39,62.63,76.30
16.44,16.44,43.65,63.77,76.81
15.01,15.01,53.80,63.54,78.13
16.29,16.29,64.98,62.27,76.77
20.01,20.01,60.88,60.08,79.73
20.54,20.54,55.65,58.70,75.34
21.21,21.21,51.40,60.99,78.17
21.87,21.87,45.91,62.92,77.22
18.16,18.16,41.48,63.78,76.34
12.04,12.04,52.72,65.46,76.33
9.68,9.68,58.34,64.19,78.69
10.01,10.01,59.49,56.96,75.64
12.00,12.00,53.39,54.90,76.58
15.78,15.78,48.37,58.15,75.67
17.49,17.49,41.86,57.25,74.93
18.85,18.85,36.38,60.19,76.31
20.62,20.62,29.30,56.95,77.11
16.48,16.48,30.48,55.59,75.05
15.19,15.19,24.07,59.78,75.84
13.31,13.31,30.98,54.30,75.55
13.78,13.78,45.90,52.36,74.30
15.81,15.81,55.14,63.90,76.44
18.99,18.99,52.69,67.30,75.56
16.98,16.98,43.83,67.43,75.43
16.39,16.39,37.29,67.17,77.22
16.68,16.68,32.73,66.66,77.57
17.60,17.60,27.36,65.75,75.48
17.74,17.74,28.82,65.82,77.32
17.88,17.88,23.90,66.00,76.09
16.37,16.37,22.49,65.38,75.52
13.33,13.33,30.01,64.51,76.70
9.58,9.58,42.73,64.81,73.10
5.50,5.50,59.88,64.39,73.89
9.86,9.86,64.30,56.03,72.84
12.83,12.83,70.56,51.39,72.64
10.07,10.07,63.35,52.61,79.49
14.18,14.18,59.05,54.55,77.42
20.87,20.87,56.11,56.19,76.99
28.66,28.66,49.43,58.37,77.39
25.72,25.72,44.15,60.91,76.61
26.36,26.36,40.27,62.15,76.02
27.16,27.16,37.09,61.10,77.82
23.80,23.80,35.24,59.41,74.03
22.40,22.40,32.84,58.29,76.37
21.83,21.83,39.37,55.87,76.26
22.25,22.25,47.79,55.46,75.70
19.97,19.97,49.55,60.85,76.84
21.04,21.04,42.76,58.88,78.17
24.45,24.45,40.19,59.36,75.23
25.03,25.03,40.07,60.32,75.47
30.84,30.84,50.33,58.88,74.49
36.10,36.10,68.40,62.08,74.82
37.56,37.56,60.57,56.94,74.47
41.82,41.82,49.14,58.63,75.67
57.86,57.86,43.04,52.00,74.42
70.72,70.72,44.34,48.80,74.29
73.78,73.78,53.10,52.02,74.60
74.04,74.04,66.28,58.21,73.99
77.53,77.53,64.35,59.60,70.99
79.58,79.58,59.86,64.37,74.28
79.05,79.05,52.86,63.75,74.21
79.87,79.87,47.98,65.81,75.21
80.66,80.66,42.87,66.94,75.67
79.39,79.39,38.29,66.92,72.84
78.43,78.43,35.97,66.31,74.43
76.85,76.85,33.23,64.04,74.60
76.22,76.22,36.46,63.56,73.83
75.24,75.24,34.78,65.26,73.00
71.38,71.38,43.40,64.77,72.90
71.98,71.98,42.95,60.13,79.37
60.89,60.89,39.60,57.46,76.10
61.88,61.88,40.88,60.79,73.86
60.28,60.28,40.16,61.89,74.39
61.44,61.44,43.09,61.62,76.41
71.13,71.13,54.79,63.23,74.25
71.14,71.14,53.22,61.60,76.68
70.67,70.67,54.50,57.53,73.49
69.40,69.40,60.51,63.45,71.16
71.11,71.11,56.97,63.60,75.22
73.37,73.37,54.39,61.54,73.36
78.92,78.92,60.39,59.15,73.50
77.65,77.65,70.67,53.25,72.34
73.02,73.02,70.27,52.23,74.57
77.91,77.91,64.20,54.90,73.79
78.65,78.65,59.81,57.52,74.13
78.98,78.98,52.62,56.31,73.46
78.79,78.79,48.55,58.56,74.97
79.59,79.59,46.56,52.93,75.48
80.59,80.59,47.10,50.33,75.32
79.94,79.94,47.20,54.06,74.65
79.15,79.15,41.28,55.36,75.50
79.06,79.06,48.42,60.11,73.95
79.22,79.22,57.60,60.16,75.59
78.75,78.75,50.94,54.56,74.89
76.37,76.37,53.35,61.85,76.44
78.40,78.40,45.64,62.80,71.48
78.28,78.28,52.65,64.32,77.73
78.33,78.33,54.44,62.09,73.99
78.58,78.58,69.45,58.69,75.69
78.25,78.25,62.52,60.79,73.43
78.40,78.40,57.43,63.97,76.60
78.61,78.61,51.98,64.72,74.49
77.09,77.09,52.42,62.47,75.91
75.41,75.41,54.66,59.41,78.75
74.55,74.55,56.89,57.33,75.30
75.38,75.38,70.51,57.34,75.44
75.69,75.69,80.95,62.10,71.90
75.92,75.92,75.10,63.12,72.85
76.05,76.05,70.06,69.47,76.95
75.50,75.50,66.14,72.11,76.80
75.55,75.55,61.40,69.54,76.69
76.64,76.64,61.34,70.49,75.50
77.13,77.13,51.25,68.37,77.32
77.68,77.68,49.60,69.93,73.04
77.10,77.10,43.28,70.64,73.64
76.52,76.52,52.29,69.42,72.80
75.54,75.54,58.33,61.87,71.34
72.98,72.98,77.66,63.28,75.58
73.49,73.49,79.70,64.22,72.99
75.35,75.35,70.63,60.73,73.72
76.11,76.11,60.84,59.14,76.44
75.99,75.99,63.93,63.31,74.99
73.82,73.82,54.63,60.33,75.01
76.47,76.47,52.62,58.63,76.24
76.73,76.73,51.61,61.30,75.23
75.23,75.23,51.01,64.11,75.00
74.92,74.92,51.48,60.99,75.49
74.26,74.26,56.44,57.39,72.61
74.36,74.36,67.69,67.55,73.07
70.69,70.69,74.27,63.17,74.19
73.64,73.64,65.23,63.09,73.45
74.11,74.11,60.24,75.21,75.71
70.80,70.80,55.56,75.06,74.26
68.53,68.53,50.78,72.98,75.14
68.05,68.05,44.99,74.26,76.54
68.14,68.14,40.02,73.28,72.20
69.65,69.65,39.85,74.17,72.76
67.33,67.33,36.07,72.97,71.63
72.99,72.99,44.53,74.05,72.40
73.99,73.99,45.36,72.87,73.56
74.28,74.28,53.31,71.66,76.82
72.96,72.96,49.50,73.52,70.32
74.05,74.05,40.38,69.71,77.88
71.43,71.43,45.00,71.41,77.64
69.78,69.78,53.35,70.99,71.40
69.56,69.56,61.65,71.48,78.52
65.57,65.57,57.21,70.39,78.15
65.73,65.73,48.38,70.43,69.79
65.48,65.48,43.39,70.19,80.65
69.00,69.00,45.35,68.95,76.17
70.11,70.11,56.31,68.78,73.54
70.63,70.63,56.98,67.41,79.48
72.36,72.36,59.76,69.45,72.99
72.58,72.58,54.05,68.37,77.65
75.64,75.64,47.28,67.21,78.24
74.18,74.18,42.47,66.17,71.94
73.62,73.62,39.29,67.21,77.79
75.25,75.25,39.85,68.69,76.29
75.36,75.36,34.03,66.88,71.55
72.16,72.16,33.89,67.59,74.93
72.51,72.51,39.04,65.92,71.32
62.27,62.27,46.37,64.79,68.80
57.55,57.55,61.46,58.82,70.91
62.01,62.01,56.81,65.25,72.47
63.99,63.99,49.29,65.68,72.20
61.42,61.42,40.07,62.17,79.27
63.74,63.74,35.93,61.62,78.48
70.27,70.27,31.95,61.62,76.63
72.63,72.63,30.66,61.24,79.29
72.10,72.10,26.48,63.44,76.40
68.33,68.33,24.39,65.03,75.54
69.51,69.51,27.49,61.62,78.30
70.82,70.82,42.79,62.87,73.84
70.51,70.51,55.56,61.31,74.11
66.48,66.48,61.44,59.77,75.18
59.99,59.99,72.45,59.20,78.77
54.09,54.09,65.58,60.53,78.06
49.80,49.80,61.80,58.65,74.11
51.29,51.29,54.92,59.24,79.47
53.62,53.62,50.65,61.21,78.95
53.08,53.08,45.18,58.55,79.24
56.22,56.22,44.29,59.88,77.79
56.29,56.29,39.17,62.26,78.63
55.61,55.61,32.86,60.21,78.31
59.40,59.40,34.01,61.90,78.05
59.81,59.81,40.93,64.40,76.67
59.79,59.79,50.74,59.52,78.40
55.96,55.96,52.15,60.37,77.46
56.05,56.05,44.79,63.28,75.43
57.64,57.64,41.07,59.01,79.97
54.30,54.30,45.11,62.08,76.98
54.98,54.98,54.70,61.79,78.38
50.84,50.84,66.78,58.36,77.46
49.90,49.90,57.52,59.39,78.77
49.36,49.36,52.49,57.22,73.34
45.08,45.08,46.65,59.42,74.82
41.63,41.63,42.09,60.81,76.23
42.67,42.67,46.77,57.81,74.65
37.65,37.65,56.75,62.94,73.69
40.35,40.35,59.45,61.15,77.78
42.23,42.23,54.51,61.18,77.06
45.86,45.86,48.68,62.37,77.98
46.59,46.59,42.45,62.69,76.60
43.23,43.23,35.84,61.85,76.97
41.47,41.47,35.55,62.94,78.47
39.53,39.53,35.92,62.95,74.30
41.13,41.13,32.49,63.04,76.84
39.45,39.45,37.03,64.85,76.06
34.00,34.00,36.88,63.78,78.50
35.65,35.65,49.38,63.33,76.00
41.82,41.82,54.02,63.10,71.91
38.86,38.86,47.44,61.10,80.11
39.26,39.26,46.18,62.32,75.39
39.32,39.32,36.91,60.55,77.04
37.47,37.47,26.84,61.68,79.06
34.84,34.84,28.57,63.28,74.30
34.35,34.35,22.17,64.95,77.79
29.98,29.98,31.84,62.44,76.00
34.09,34.09,39.91,63.14,74.09
31.00,31.00,51.00,62.35,74.12
24.92,24.92,54.03,62.70,70.34
19.76,19.76,71.09,62.30,72.68
19.46,19.46,66.81,56.67,72.00
18.89,18.89,62.92,60.33,76.85
27.71,27.71,57.52,57.99,77.57
31.90,31.90,52.43,59.44,77.29
30.26,30.26,46.11,60.15,77.83
26.17,26.17,39.30,59.68,76.92
26.14,26.14,34.84,61.66,77.53
28.17,28.17,34.58,63.47,77.32
27.41,27.41,38.46,61.38,75.58
27.75,27.75,41.88,63.69,76.56
25.24,25.24,41.68,60.82,75.93
27.90,27.90,47.99,60.85,75.39
24.07,24.07,49.70,59.29,78.55
20.46,20.46,41.33,60.21,76.67
23.29,23.29,39.89,57.81,75.56
20.88,20.88,44.27,59.84,77.54
16.67,16.67,53.01,58.48,73.50
14.68,14.68,63.87,61.82,75.76
15.87,15.87,56.57,60.80,76.31
20.36,20.36,54.73,63.20,75.67
23.12,23.12,50.64,62.19,74.88
22.81,22.81,47.69,62.29,76.09
17.23,17.23,49.37,61.09,76.83
13.94,13.94,54.05,59.18,73.29
13.83,13.83,60.91,59.62,79.59
24.15,24.15,55.69,56.68,75.47
27.34,27.34,50.85,58.08,76.92
34.21,34.21,47.24,58.08,78.98
40.64,40.64,42.88,57.40,75.73
43.31,43.31,38.58,61.85,76.14
45.30,45.30,34.63,61.68,74.11
42.81,42.81,29.82,63.35,74.96
38.39,38.39,37.37,64.54,71.48
32.57,32.57,38.82,62.67,73.14
25.33,25.33,45.57,62.62,73.10
20.13,20.13,51.40,60.63,76.18
20.80,20.80,46.34,61.81,75.32
22.65,22.65,35.02,59.91,76.38
26.84,26.84,34.12,62.45,72.92
29.97,29.97,36.67,58.11,74.87
31.25,31.25,36.22,60.27,76.12
36.28,36.28,30.48,60.55,72.44
37.53,37.53,40.05,61.51,75.16
33.60,33.60,45.02,62.26,75.34
28.69,28.69,46.73,62.51,70.15
23.68,23.68,47.83,63.54,74.92
27.99,27.99,53.30,61.27,70.98
24.78,24.78,66.68,61.92,70.77
11.31,11.31,67.89,58.22,73.95
4.96,4.96,64.04,59.68,73.37
12.33,12.33,57.28,60.35,74.35
17.73,17.73,52.89,61.60,75.51
22.20,22.20,50.31,61.52,75.02
23.80,23.80,50.04,62.73,71.66
22.57,22.57,46.11,61.77,74.21
20.91,20.91,46.15,63.14,73.06
20.37,20.37,49.27,62.17,74.57
19.18,19.18,47.73,62.30,71.69
20.83,20.83,48.93,64.15,73.27
18.48,18.48,47.66,65.15,75.35
17.25,17.25,41.58,68.97,73.18
19.01,19.01,46.63,70.79,76.61
18.32,18.32,59.78,70.21,76.75
13.19,13.19,57.33,70.45,71.95
10.90,10.90,65.20,71.05,78.08
18.98,18.98,57.29,70.69,74.95
23.82,23.82,50.47,70.34,74.52
22.33,22.33,45.76,69.91,76.88
14.75,14.75,58.20,69.02,75.91
4.19,4.19,66.15,59.15,75.84
5.48,5.48,80.91,58.62,74.69
5.12,5.12,79.43,59.66,75.86
10.53,10.53,59.00,67.13,78.06
16.10,16.10,58.45,73.74,78.65
19.64,19.64,56.25,74.25,79.17
20.73,20.73,53.48,70.89,77.82
23.34,23.34,56.15,72.99,78.49
23.33,23.33,49.55,72.84,78.11
23.38,23.38,46.56,71.54,76.17
21.31,21.31,47.86,70.17,77.68
21.14,21.14,48.04,71.96,79.04
21.11,21.11,51.57,70.53,78.17
24.31,24.31,54.92,62.51,77.07
20.74,20.74,57.91,62.78,76.02
22.33,22.33,47.48,74.43,79.28
23.42,23.42,32.72,77.08,77.73
21.78,21.78,29.35,75.55,76.97
22.78,22.78,25.51,74.72,76.88
22.16,22.16,34.05,74.49,78.18
20.45,20.45,33.73,73.83,73.77
22.89,22.89,33.13,74.00,73.68
29.13,29.13,39.49,73.98,71.36
27.73,27.73,56.26,74.18,72.83
18.75,18.75,68.57,72.30,72.65
13.42,13.42,73.32,69.50,76.22
23.57,23.57,70.22,70.41,76.05
29.08,29.08,63.39,73.01,77.79
31.33,31.33,55.40,71.56,77.46
31.07,31.07,52.71,71.96,75.57
28.34,28.34,46.05,72.31,79.32
31.13,31.13,43.65,69.85,73.35
34.88,34.88,45.97,71.67,77.30
33.67,33.67,47.30,69.43,78.11
29.87,29.87,47.64,69.08,71.67
21.51,21.51,54.41,68.36,78.22
17.41,17.41,64.06,65.85,77.10
17.25,17.25,59.01,64.33,73.97
18.53,18.53,49.71,66.26,77.94
20.56,20.56,43.26,67.32,73.63
21.00,21.00,48.82,67.55,76.88
16.92,16.92,51.75,66.45,76.92
19.55,19.55,56.31,67.06,73.11
21.45,21.45,65.27,65.36,75.55
22.61,22.61,57.21,62.55,75.87
22.41,22.41,49.07,66.18,73.52
18.11,18.11,42.56,65.44,73.65
11.97,11.97,51.93,65.04,75.83
11.49,11.49,62.43,64.16,71.23
10.51,10.51,61.96,66.12,78.36
16.85,16.85,54.08,65.38,79.59
22.56,22.56,49.85,66.75,77.04
24.95,24.95,41.35,67.08,78.80
23.20,23.20,36.17,66.54,76.94
20.21,20.21,34.67,66.92,75.89
23.48,23.48,33.58,68.79,79.20
24.89,24.89,32.45,67.47,77.17
24.65,24.65,36.28,68.65,76.17
24.07,24.07,40.06,68.71,75.20
20.17,20.17,39.79,67.66,77.43
24.49,24.49,50.37,66.49,78.55
16.60,16.60,44.79,65.34,76.87
17.17,17.17,39.74,63.79,80.52
16.08,16.08,28.88,64.21,73.83
19.84,19.84,28.73,64.28,78.43
19.63,19.63,31.04,63.71,77.25
23.86,23.86,29.36,65.70,78.58
23.36,23.36,30.86,64.07,78.91
23.25,23.25,37.11,64.08,73.55
23.06,23.06,40.92,65.15,77.71
23.02,23.02,44.81,64.39,77.11
16.13,16.13,58.33,61.48,75.82
13.11,13.11,66.41,59.44,78.37
7.69,7.69,70.71,57.70,77.94
10.94,10.94,63.17,61.52,76.85
14.67,14.67,58.23,59.04,77.54
17.22,17.22,52.65,57.81,77.88
20.91,20.91,47.36,60.14,78.55
23.42,23.42,42.42,58.13,78.81
25.73,25.73,40.82,61.51,75.53
22.83,22.83,40.87,54.37,75.83
21.90,21.90,41.91,57.53,76.38
21.18,21.18,44.70,58.78,73.22
22.71,22.71,45.14,61.16,76.36
24.56,24.56,47.53,61.38,76.30
21.55,21.55,42.25,65.04,76.46
18.95,18.95,39.64,64.66,76.69
16.23,16.23,55.31,62.56,74.77
13.07,13.07,55.87,60.51,75.71
16.07,16.07,66.84,59.31,75.02
19.17,19.17,64.32,61.58,75.21
24.67,24.67,54.71,63.79,76.07
28.34,28.34,51.12,63.38,73.16
26.42,26.42,45.92,64.32,75.34
21.13,21.13,46.57,65.18,73.84
17.25,17.25,46.96,63.77,75.70
11.60,11.60,62.12,64.30,75.02
6.56,6.56,55.10,64.16,77.06
8.65,8.65,49.62,58.49,72.93
12.78,12.78,44.80,61.22,78.72
13.49,13.49,39.84,60.73,76.39
13.94,13.94,38.04,61.16,74.44
12.62,12.62,35.97,62.32,79.40
12.70,12.70,34.09,61.14,74.69
16.43,16.43,36.72,62.17,76.06
15.26,15.26,37.42,63.53,75.06
11.19,11.19,34.90,62.68,75.45
20.60,20.60,45.62,64.45,73.29
18.27,18.27,42.88,65.50,73.98
14.79,14.79,39.02,62.46,79.14
10.52,10.52,35.72,61.44,75.49
13.08,13.08,31.58,60.48,77.49
15.34,15.34,32.92,60.64,78.46
18.13,18.13,31.28,59.70,74.23
22.10,22.10,25.86,60.70,77.76
22.69,22.69,29.80,57.73,76.88
16.77,16.77,38.80,56.00,74.17
10.62,10.62,47.01,54.01,78.61
10.23,10.23,57.60,57.25,75.43
12.15,12.15,72.07,62.68,73.43
5.34,5.34,63.42,65.39,77.73
8.81,8.81,61.55,66.50,77.59
16.85,16.85,56.58,68.40,76.45
22.13,22.13,48.97,67.96,76.50
22.69,22.69,43.48,67.84,78.01
25.47,25.47,38.26,68.79,77.33
29.35,29.35,33.44,67.98,77.57
26.44,26.44,35.18,68.18,76.30
24.29,24.29,40.18,67.56,79.30
25.99,25.99,38.95,68.28,79.30
27.35,27.35,47.52,68.34,77.57
21.76,21.76,46.58,67.22,79.39
16.53,16.53,43.74,66.28,79.33
14.27,14.27,40.49,66.10,77.57
15.43,15.43,44.37,67.30,77.10
13.02,13.02,51.32,67.79,77.23
12.77,12.77,62.11,69.05,77.28
13.18,13.18,56.93,66.67,77.11
14.50,14.50,53.05,67.45,75.14
15.20,15.20,48.65,67.12,74.70
14.23,14.23,46.34,68.22,73.58
8.21,8.21,50.19,67.94,73.82
6.82,6.82,55.10,66.58,72.28
7.20,7.20,60.54,62.80,76.07
10.98,10.98,58.75,64.09,76.27
15.54,15.54,48.13,64.07,74.50
18.25,18.25,42.93,62.60,77.75
19.53,19.53,40.08,63.13,74.44
18.86,18.86,35.22,65.07,73.97
17.25,17.25,40.54,63.63,77.44
18.72,18.72,43.37,61.01,70.41
17.20,17.20,45.97,56.17,74.18
18.15,18.15,47.02,55.12,79.06
17.79,17.79,33.36,56.85,70.36
24.28,24.28,47.53,56.62,76.04
18.53,18.53,42.67,64.68,73.92
15.68,15.68,37.13,73.03,75.02
15.85,15.85,29.68,70.52,75.43
16.15,16.15,21.32,70.93,75.11
17.54,17.54,14.94,70.97,75.77
20.35,20.35,12.24,71.72,73.65
22.54,22.54,16.70,71.28,73.44
24.22,24.22,14.66,72.78,72.20
25.36,25.36,32.54,70.20,72.52
20.39,20.39,48.41,71.68,72.27
13.63,13.63,58.30,70.92,73.52
15.67,15.67,72.39,70.30,74.50
14.14,14.14,74.64,67.75,74.81
28.06,28.06,66.20,65.56,76.62
35.22,35.22,61.41,75.80,75.55
40.97,40.97,57.47,76.11,75.31
41.04,41.04,52.03,69.31,77.26
40.31,40.31,49.56,64.56,73.39
39.77,39.77,49.39,71.32,74.43
33.27,33.27,49.70,76.01,75.56
33.10,33.10,49.93,74.76,74.45
33.30,33.30,53.82,70.29,73.83
43.61,43.61,56.60,64.85,75.70
51.21,51.21,57.60,68.97,75.94
56.82,56.82,54.42,74.82,78.36
60.19,60.19,55.47,74.53,77.92
63.18,63.18,57.99,71.64,76.36
62.84,62.84,58.85,66.50,76.27
60.31,60.31,59.77,67.52,77.45
58.73,58.73,55.04,71.86,74.51
60.52,60.52,55.44,75.64,74.90
64.36,64.36,48.42,72.68,77.32
64.26,64.26,47.31,64.28,74.55
64.94,64.94,43.24,59.70,71.09
64.84,64.84,51.44,59.98,72.00
64.88,64.88,64.80,66.27,72.62
68.83,68.83,78.61,72.36,75.53
74.18,74.18,79.89,73.09,74.09
75.11,75.11,73.27,74.73,71.18
76.00,76.00,67.29,72.32,72.89
75.21,75.21,63.80,72.67,74.35
73.03,73.03,55.09,74.98,75.20
75.14,75.14,56.57,72.00,74.87
75.20,75.20,50.33,73.19,74.19
74.55,74.55,52.26,74.95,73.53
73.68,73.68,53.69,72.88,74.15
73.46,73.46,55.01,73.74,73.68
74.84,74.84,62.52,74.46,71.99
74.38,74.38,77.57,73.61,70.87
74.74,74.74,76.09,73.07,71.99
73.65,73.65,67.31,68.06,71.81
72.23,72.23,60.89,72.11,72.47
73.57,73.57,59.05,71.68,69.07
74.78,74.78,56.55,72.53,72.39
74.07,74.07,57.80,73.68,70.43
73.50,73.50,51.47,71.35,73.64
71.62,71.62,42.50,73.63,72.09
69.95,69.95,44.82,73.84,73.22
70.18,70.18,54.29,67.44,73.11
70.86,70.86,73.38,68.52,73.43
68.66,68.66,69.15,70.62,77.44
68.40,68.40,61.80,73.45,77.10
71.11,71.11,58.66,70.21,76.60
73.07,73.07,52.41,70.37,77.37
72.48,72.48,47.11,72.61,76.89
71.99,71.99,42.56,71.84,76.23
73.01,73.01,38.76,70.82,76.96
74.39,74.39,39.48,71.79,74.49
74.60,74.60,39.22,73.62,76.41
72.73,72.73,42.86,71.60,75.14
72.60,72.60,48.72,70.67,76.04
72.47,72.47,45.87,74.73,74.14
72.68,72.68,47.13,73.56,75.63
73.20,73.20,43.19,74.13,77.44
74.27,74.27,49.30,72.85,74.16
74.65,74.65,62.14,71.32,74.26
73.33,73.33,62.34,71.81,77.03
73.20,73.20,56.27,72.24,74.18
75.30,75.30,48.04,72.87,76.44
75.94,75.94,43.27,71.59,78.01
73.68,73.68,47.08,69.22,76.63
76.17,76.17,46.97,70.83,74.89
77.76,77.76,53.65,70.42,73.20
76.51,76.51,60.87,70.26,71.77
76.17,76.17,56.40,71.65,72.70
75.23,75.23,51.66,71.62,72.06
74.97,74.97,47.15,72.79,72.16
75.10,75.10,40.89,71.21,73.60
73.57,73.57,38.91,76.08,72.60
72.50,72.50,36.10,70.83,74.13
74.03,74.03,33.82,74.12,74.92
69.22,69.22,36.03,73.75,73.35
62.45,62.45,39.72,73.71,73.30
67.26,67.26,39.93,72.38,73.07
63.47,63.47,41.17,74.41,73.60
63.98,63.98,40.70,73.91,73.53
62.52,62.52,40.75,71.12,75.09
64.82,64.82,41.24,73.33,75.17
64.20,64.20,38.01,72.84,75.80
65.23,65.23,39.87,71.16,74.18
65.32,65.32,38.68,71.88,75.59
65.81,65.81,39.58,72.25,75.49
63.26,63.26,41.88,72.35,74.81
62.87,62.87,43.07,71.66,78.33
61.62,61.62,54.62,72.68,74.90
61.70,61.70,63.88,69.55,76.98
66.53,66.53,72.62,72.93,77.31
72.05,72.05,60.56,72.12,74.54
76.28,76.28,56.68,70.27,73.52
74.20,74.20,55.81,72.36,75.13
73.11,73.11,50.12,75.44,74.90
71.73,71.73,43.81,76.70,73.14
71.22,71.22,37.19,74.67,75.58
71.24,71.24,37.16,76.57,71.18
71.31,71.31,39.52,76.75,75.09
72.41,72.41,37.10,76.04,73.04
72.41,72.41,45.27,75.20,73.50
73.12,73.12,49.05,75.87,72.49
72.61,72.61,48.76,74.87,75.35
72.31,72.31,43.88,74.38,76.51
71.14,71.14,42.54,74.58,76.78
71.90,71.90,46.60,73.92,77.01
72.78,72.78,64.51,73.73,77.18
71.46,71.46,58.48,72.90,76.93
74.41,74.41,51.52,76.15,77.18
74.86,74.86,50.73,74.69,77.18
73.96,73.96,46.04,73.30,77.26
75.36,75.36,49.47,74.48,76.72
72.93,72.93,55.13,75.51,77.68
71.31,71.31,60.07,73.36,76.72
69.79,69.79,59.33,72.80,76.77
66.29,66.29,55.56,73.59,77.89
61.32,61.32,48.87,76.37,78.05
65.95,65.95,47.00,73.68,77.96
68.24,68.24,39.52,73.68,77.78
56.36,56.36,42.00,75.72,77.91
60.05,60.05,41.75,75.57,76.47
66.02,66.02,43.66,71.78,76.75
65.82,65.82,46.57,70.98,73.11
65.58,65.58,42.64,74.41,75.94
66.71,66.71,48.27,74.02,74.17
71.04,71.04,44.57,70.40,74.09
73.63,73.63,47.48,71.57,74.01
72.06,72.06,48.20,74.84,74.29
74.74,74.74,40.01,75.99,71.39
75.13,75.13,41.02,74.82,74.42
75.78,75.78,40.01,75.54,72.58
75.22,75.22,36.94,75.32,74.27
74.87,74.87,33.97,74.44,75.20
74.11,74.11,36.80,75.89,72.81
70.44,70.44,44.51,73.92,78.02
72.01,72.01,52.67,73.56,74.56
73.78,73.78,66.59,75.01,76.21
75.47,75.47,69.65,72.41,74.51
74.58,74.58,62.93,73.68,73.07
76.28,76.28,59.03,74.74,77.06
76.18,76.18,55.58,74.03,74.29
74.77,74.77,51.06,74.07,74.77
74.18,74.18,45.86,74.13,74.13
74.18,74.18,41.69,74.12,74.96
75.42,75.42,40.34,74.73,77.05
77.42,77.42,36.95,75.41,74.45
75.92,75.92,37.93,74.66,76.48
72.69,72.69,40.11,75.91,74.25
70.65,70.65,48.74,74.92,77.10
69.97,69.97,48.01,73.94,77.16
72.97,72.97,44.58,73.42,75.49
72.11,72.11,46.69,73.80,77.98
70.28,70.28,54.76,74.74,76.29
69.45,69.45,62.16,72.68,76.75
69.12,69.12,62.48,73.59,78.52
67.36,67.36,52.50,73.48,75.09
69.25,69.25,47.93,74.02,78.13
70.04,70.04,46.13,72.83,74.89
70.50,70.50,47.12,73.52,76.85
70.11,70.11,53.89,71.20,75.69
71.27,71.27,62.66,71.59,74.40
70.37,70.37,58.70,72.24,76.13
69.13,69.13,53.99,73.38,77.68
70.40,70.40,50.23,74.73,76.91
68.78,68.78,46.79,73.40,79.24
70.32,70.32,42.73,74.82,77.83
69.00,69.00,41.91,75.18,77.69
69.96,69.96,36.58,73.93,79.69
71.03,71.03,41.97,75.28,76.59
71.17,71.17,47.82,74.84,76.63
69.51,69.51,50.05,72.02,77.82
69.65,69.65,51.62,76.13,76.15
67.32,67.32,49.28,74.42,76.40
69.76,69.76,46.37,73.39,77.15
70.02,70.02,47.06,73.84,73.17
70.38,70.38,38.31,73.48,78.97
71.56,71.56,45.43,73.43,74.78
68.66,68.66,38.21,73.86,75.85
70.18,70.18,41.21,72.22,77.84
71.79,71.79,40.48,74.76,74.73
67.62,67.62,45.84,73.54,78.17
65.35,65.35,53.24,74.50,72.02
66.20,66.20,53.21,75.26,75.66
65.54,65.54,68.68,71.18,73.22
67.09,67.09,68.56,74.25,71.55
69.33,69.33,63.62,73.98,73.77
68.66,68.66,57.81,70.88,72.18
66.21,66.21,54.23,73.31,78.38
65.05,65.05,50.27,73.77,75.07
65.69,65.69,48.19,73.88,76.00
66.12,66.12,48.94,73.36,77.80
65.38,65.38,45.57,72.53,72.83
62.24,62.24,39.81,74.29,77.87
59.26,59.26,38.15,73.34,73.30
58.43,58.43,42.55,74.58,75.53
60.02,60.02,51.40,75.79,77.13
62.15,62.15,45.75,73.93,76.09
63.99,63.99,41.10,74.02,74.82
58.81,58.81,42.86,68.76,77.65
51.78,51.78,57.62,72.21,75.71
56.37,56.37,67.10,72.47,74.22
52.48,52.48,66.17,71.65,76.01
54.28,54.28,58.10,74.18,72.64
58.38,58.38,52.29,73.42,74.90
56.59,56.59,52.07,73.06,72.49
49.68,49.68,59.44,73.76,73.99
51.09,51.09,76.41,71.95,74.65
55.36,55.36,79.43,73.71,74.67
55.44,55.44,64.02,71.95,77.31
50.79,50.79,58.83,70.30,75.89
48.78,48.78,62.57,73.32,75.30
49.27,49.27,59.05,71.87,73.91
52.69,52.69,49.72,71.07,77.24
51.32,51.32,44.36,72.43,74.69
49.01,49.01,47.95,71.37,75.32
47.15,47.15,42.63,73.67,75.91
51.35,51.35,45.55,73.48,74.43
48.63,48.63,46.86,71.51,73.81
51.88,51.88,50.11,73.85,75.72
55.24,55.24,49.58,73.10,78.77
53.73,53.73,43.50,73.24,76.55
56.16,56.16,38.06,73.53,78.27
54.23,54.23,39.35,73.27,76.23
56.10,56.10,46.34,73.49,75.42
55.95,55.95,35.27,73.82,78.13
56.13,56.13,33.00,72.38,76.96
56.45,56.45,34.77,72.63,77.12
58.47,58.47,39.00,73.94,78.34
58.46,58.46,38.97,73.04,77.77
59.28,59.28,51.10,72.18,76.97
59.87,59.87,64.84,72.17,77.22
56.10,56.10,71.87,69.85,76.66
56.55,56.55,64.67,70.65,77.26
59.38,59.38,60.62,72.80,77.04
60.73,60.73,56.29,70.54,74.69
62.61,62.61,49.88,72.80,75.55
62.87,62.87,45.11,73.56,76.30
61.84,61.84,44.68,69.32,74.63
61.84,61.84,48.44,73.19,75.29
61.80,61.80,47.32,72.94,76.87
61.96,61.96,42.96,70.92,73.99
63.84,63.84,45.85,74.37,75.47
63.80,63.80,53.64,72.24,78.56
64.34,64.34,48.76,73.50,78.36
64.02,64.02,43.59,73.61,79.51
65.37,65.37,45.68,68.00,76.37
65.02,65.02,52.49,70.37,77.26
66.04,66.04,63.64,70.42,78.62
64.50,64.50,53.63,66.39,75.53
64.60,64.60,50.54,72.38,76.69
65.51,65.51,47.03,70.78,75.59
64.47,64.47,49.57,72.40,77.23
65.73,65.73,52.15,72.82,76.80
65.46,65.46,51.58,66.95,74.32
65.05,65.05,62.10,72.28,77.90
64.24,64.24,55.39,72.91,79.51
64.43,64.43,54.53,69.56,80.76
65.94,65.94,47.05,72.11,78.43
65.06,65.06,43.70,72.27,79.80
63.61,63.61,40.31,71.41,80.52
64.65,64.65,36.15,72.81,79.17
65.09,65.09,38.57,70.53,80.18
65.03,65.03,42.55,67.14,79.14
65.77,65.77,42.51,73.01,78.16
66.49,66.49,40.65,70.78,77.87
64.77,64.77,45.42,69.37,78.51
63.23,63.23,48.86,72.00,76.79
61.83,61.83,42.39,73.54,78.92
60.45,60.45,39.09,71.49,76.92
60.74,60.74,37.82,73.74,77.77
61.20,61.20,33.42,74.05,77.86
60.54,60.54,31.27,71.16,76.48
58.25,58.25,33.45,73.56,76.75
57.13,57.13,35.72,71.51,74.66
57.86,57.86,37.49,72.04,78.11
59.05,59.05,41.54,73.01,74.37
60.39,60.39,47.65,71.47,74.23
61.82,61.82,62.62,73.23,76.15
61.30,61.30,70.31,73.19,76.60
61.21,61.21,63.50,69.12,77.74
62.24,62.24,59.61,73.06,76.23
61.54,61.54,55.88,71.15,77.32
59.02,59.02,51.42,72.55,74.50
57.23,57.23,45.17,73.12,76.00
58.87,58.87,40.66,71.92,76.02
59.57,59.57,40.08,72.36,74.83
60.15,60.15,40.51,73.01,76.46
59.95,59.95,41.65,70.04,73.47
59.10,59.10,43.65,73.67,75.38
60.32,60.32,44.73,71.52,73.07
60.60,60.60,47.42,70.53,73.37
64.05,64.05,44.48,73.41,73.83
65.16,65.16,39.97,71.21,73.29
63.11,63.11,53.36,71.38,70.23
63.22,63.22,66.43,71.47,72.21
62.91,62.91,62.47,70.88,72.01
63.62,63.62,55.73,70.31,71.76
64.42,64.42,51.03,70.92,73.47
64.63,64.63,45.25,71.64,72.55
65.51,65.51,42.29,70.03,73.72
64.68,64.68,51.29,70.33,75.32
63.13,63.13,61.09,73.07,74.07
64.65,64.65,58.48,73.21,75.60
65.12,65.12,52.89,72.49,74.16
67.03,67.03,48.35,72.50,75.05
68.14,68.14,45.36,74.24,75.08
66.44,66.44,44.02,71.27,78.07
67.24,67.24,40.35,73.81,74.72
67.25,67.25,38.49,73.01,76.89
65.85,65.85,35.62,71.59,74.17
67.38,67.38,33.32,73.55,74.54
67.51,67.51,41.22,72.75,74.57
66.04,66.04,45.99,72.35,74.38
63.17,63.17,49.73,73.27,78.16
62.30,62.30,45.42,67.83,79.43
64.10,64.10,41.08,70.42,79.91
63.46,63.46,39.23,71.65,78.76
63.79,63.79,37.22,67.95,78.87
64.07,64.07,35.08,70.86,78.42
64.82,64.82,34.69,68.99,77.40
63.73,63.73,31.32,68.26,78.84
62.81,62.81,36.65,71.00,76.88
63.86,63.86,39.25,68.16,80.39
64.08,64.08,47.78,70.55,79.20
63.44,63.44,66.59,66.78,77.68
61.39,61.39,72.21,69.73,77.24
59.43,59.43,65.67,70.27,77.95
60.72,60.72,61.12,68.52,76.29
60.49,60.49,56.96,71.53,80.43
57.62,57.62,50.82,72.01,77.93
57.85,57.85,47.15,69.99,78.30
58.18,58.18,43.59,72.03,79.40
58.53,58.53,43.17,68.47,74.31
57.45,57.45,41.47,69.35,78.44
57.02,57.02,40.60,70.28,75.72
58.09,58.09,47.09,71.16,76.83
58.56,58.56,53.42,72.07,76.03
57.82,57.82,48.26,73.54,74.37
56.47,56.47,42.14,70.93,74.97
56.11,56.11,45.27,73.04,75.40
55.39,55.39,56.75,69.93,75.64
53.92,53.92,64.86,70.06,75.21
56.36,56.36,60.50,72.35,75.57
55.00,55.00,55.90,70.34,77.44
53.54,53.54,49.40,73.49,75.43
52.19,52.19,48.06,72.92,75.91
52.63,52.63,48.47,71.26,76.22
51.73,51.73,54.67,73.35,75.90
51.30,51.30,63.56,69.42,77.05
50.72,50.72,58.40,68.43,75.60
51.83,51.83,53.20,69.34,78.88
50.52,50.52,52.46,67.88,77.99
51.08,51.08,50.35,71.47,76.14
52.41,52.41,47.95,68.18,80.39
51.76,51.76,43.88,66.33,75.94
49.49,49.49,38.44,69.57,78.50
48.72,48.72,39.64,67.53,77.45
48.22,48.22,44.89,69.22,75.91
49.23,49.23,44.79,70.94,77.79
48.54,48.54,46.38,67.42,76.59
47.09,47.09,46.95,70.58,77.13
46.62,46.62,41.53,65.76,77.97
45.28,45.28,42.25,68.70,76.11
42.31,42.31,50.65,69.05,78.31
38.94,38.94,34.85,66.63,77.88
39.47,39.47,31.75,69.08,75.47
40.90,40.90,30.57,69.84,77.73
40.61,40.61,35.75,65.64,77.11
42.82,42.82,35.75,69.69,77.85
42.73,42.73,48.30,69.70,76.79
39.40,39.40,55.75,69.89,77.08
36.37,36.37,71.82,66.10,77.13
42.43,42.43,64.46,69.36,75.75
42.78,42.78,62.95,61.33,80.72
39.43,39.43,57.67,63.51,79.75
41.09,41.09,52.98,62.90,81.40
42.54,42.54,48.13,67.72,79.69
45.18,45.18,42.76,66.85,79.39
52.43,52.43,39.83,68.81,74.87
60.01,60.01,42.65,65.40,77.03
64.36,64.36,47.53,62.97,76.60
68.28,68.28,45.73,69.17,78.93
73.33,73.33,51.86,62.43,74.60
70.17,70.17,48.91,53.22,76.64
71.68,71.68,44.48,56.58,75.46
72.66,72.66,47.22,53.97,78.23
65.81,65.81,48.89,41.44,78.45
63.96,63.96,57.52,49.34,77.48
66.33,66.33,66.86,50.02,76.12
61.67,61.67,58.77,54.55,79.02
63.48,63.48,54.57,50.41,76.09
63.84,63.84,49.40,54.79,74.67
63.28,63.28,46.89,50.25,69.93
63.22,63.22,46.54,49.31,68.70
62.30,62.30,57.57,53.89,71.02
66.07,66.07,69.77,67.98,75.52
71.19,71.19,75.91,65.57,77.51
75.15,75.15,75.69,67.48,75.08
75.61,75.61,69.52,72.25,77.08
73.57,73.57,63.22,73.70,76.46
73.93,73.93,64.41,73.34,74.77
72.53,72.53,52.64,70.64,75.60
71.94,71.94,53.87,74.26,75.29
73.65,73.65,55.74,74.32,75.02
74.67,74.67,44.22,72.34,74.79
73.90,73.90,57.47,73.62,77.81
72.96,72.96,57.67,73.58,69.78
73.32,73.32,70.90,72.41,70.53
72.86,72.86,78.75,72.00,70.95
71.93,71.93,72.89,70.87,75.68
73.23,73.23,65.45,71.29,70.74
72.56,72.56,62.66,73.11,75.30
73.25,73.25,56.30,72.84,76.72
72.57,72.57,58.70,73.03,74.13
72.28,72.28,60.23,71.24,76.35
72.73,72.73,60.23,74.23,75.17
72.51,72.51,49.51,70.36,71.91
71.78,71.78,55.43,73.43,75.44
70.45,70.45,61.68,70.99,70.20
70.19,70.19,68.39,71.36,71.70
70.33,70.33,63.13,73.64,76.04
70.37,70.37,60.00,73.59,73.78
70.85,70.85,55.13,72.60,73.08
70.59,70.59,51.32,71.30,73.50
71.17,71.17,47.19,73.52,73.27
71.87,71.87,45.44,71.95,72.37
70.85,70.85,40.76,73.24,74.83
70.23,70.23,38.78,72.62,73.02
70.22,70.22,40.88,73.76,72.59
70.97,70.97,46.08,72.94,73.09
71.54,71.54,52.22,72.79,72.58
72.85,72.85,47.47,72.23,72.78
72.65,72.65,41.84,74.43,70.78
73.50,73.50,40.77,73.07,71.29
73.49,73.49,51.96,71.85,72.54
73.91,73.91,55.15,73.97,71.18
73.69,73.69,65.22,72.86,72.61
72.63,72.63,59.07,72.17,72.33
73.74,73.74,58.11,72.27,74.29
74.59,74.59,51.22,72.21,74.57
74.13,74.13,50.39,72.55,75.45
74.66,74.66,53.23,72.34,76.74
72.58,72.58,60.74,67.31,73.18
71.15,71.15,61.65,71.78,77.36
71.41,71.41,56.69,72.07,72.56
70.21,70.21,51.23,71.36,74.84
70.15,70.15,46.87,70.07,76.36
70.74,70.74,42.14,71.41,73.80
72.08,72.08,39.69,73.30,74.41
71.95,71.95,35.04,66.43,71.84
70.49,70.49,36.21,69.58,70.30
69.52,69.52,35.63,69.06,72.44
69.76,69.76,37.18,71.52,68.72
70.11,70.11,42.78,66.70,72.96
69.68,69.68,44.95,71.39,74.19
68.96,68.96,40.73,67.90,76.09
68.76,68.76,37.73,70.86,77.40
69.21,69.21,34.38,69.46,74.66
69.60,69.60,33.61,68.54,76.92
67.77,67.77,32.90,70.47,75.13
65.94,65.94,30.81,67.53,73.44
60.31,60.31,29.76,67.54,76.77
53.10,53.10,31.34,66.42,76.32
56.04,56.04,42.31,71.23,72.78
61.46,61.46,50.50,68.34,75.44
65.59,65.59,57.46,69.15,74.24
66.25,66.25,67.35,61.35,72.74
67.13,67.13,60.92,68.93,76.22
65.80,65.80,55.66,67.85,73.99
63.91,63.91,48.01,69.69,73.81
63.26,63.26,43.30,67.00,73.39
66.64,66.64,41.07,65.86,72.27
74.07,74.07,38.20,71.89,73.50
73.14,73.14,36.41,67.15,73.07
70.94,70.94,36.48,71.15,75.07
71.95,71.95,37.09,69.17,75.62
70.94,70.94,39.58,68.13,74.33
68.76,68.76,48.08,68.27,72.71
67.19,67.19,48.28,71.41,74.89
67.01,67.01,42.57,68.31,76.34
67.34,67.34,39.24,68.50,76.18
65.48,65.48,42.97,68.92,75.52
65.43,65.43,46.47,66.57,74.55
67.15,67.15,45.69,69.29,75.29
69.39,69.39,42.02,68.09,72.67
69.43,69.43,36.75,69.39,75.10
71.06,71.06,34.95,70.10,75.89
71.04,71.04,44.67,67.60,72.97
69.12,69.12,47.93,69.39,74.74
67.18,67.18,59.82,66.29,77.84
66.55,66.55,57.59,69.31,76.96
69.17,69.17,52.45,67.68,72.71
68.14,68.14,48.08,67.62,74.63
67.66,67.66,44.09,66.47,72.25
70.77,70.77,40.92,70.46,72.70
70.62,70.62,35.79,65.15,74.50
68.31,68.31,32.99,67.56,73.81
69.70,69.70,34.95,67.71,72.86
67.41,67.41,41.02,66.76,73.33
67.07,67.07,48.96,69.25,70.83
71.71,71.71,45.04,67.13,74.61
72.62,72.62,48.86,64.79,73.91
71.26,71.26,45.83,65.33,76.06
69.92,69.92,39.30,68.31,75.81
72.00,72.00,34.19,67.66,73.98
72.59,72.59,30.91,68.07,75.81
71.39,71.39,32.43,67.05,77.53
71.33,71.33,31.20,67.48,74.20
73.58,73.58,30.74,65.56,73.25
72.76,72.76,36.04,63.44,74.76
71.27,71.27,43.80,64.92,71.33
72.91,72.91,55.54,65.41,74.55
74.56,74.56,60.64,65.51,72.14
70.75,70.75,62.68,68.98,72.73
68.30,68.30,61.16,69.11,74.10
74.23,74.23,57.61,69.27,73.53
73.46,73.46,51.76,68.15,73.79
71.63,71.63,47.34,68.24,74.53
71.09,71.09,42.44,68.88,73.50
70.74,70.74,38.89,67.28,74.83
72.19,72.19,38.04,68.96,74.78
71.38,71.38,36.04,66.81,73.44
70.73,70.73,38.09,69.80,73.91
71.14,71.14,44.14,66.62,73.66
71.60,71.60,48.76,68.26,73.72
72.52,72.52,44.08,65.28,75.03
70.49,70.49,40.55,63.60,73.90
68.62,68.62,42.51,65.64,73.47
68.85,68.85,48.95,64.95,72.75
69.92,69.92,51.23,65.64,73.39
69.94,69.94,59.64,65.00,76.21
68.82,68.82,53.67,64.92,75.33
68.23,68.23,50.25,62.63,76.44
68.81,68.81,46.99,67.68,77.40
69.89,69.89,46.89,65.61,76.13
70.13,70.13,51.05,66.20,76.40
70.82,70.82,59.04,65.29,76.82
70.25,70.25,59.31,64.06,75.82
71.06,71.06,54.71,63.38,77.24
69.87,69.87,49.43,64.29,74.02
70.30,70.30,45.54,66.41,74.66
70.37,70.37,39.87,64.89,75.22
70.73,70.73,36.58,65.22,74.32
71.09,71.09,32.87,61.31,73.42
70.47,70.47,31.21,60.91,75.83
70.10,70.10,33.67,62.61,74.36
70.10,70.10,41.45,62.40,74.10
70.57,70.57,49.77,64.31,75.79
68.35,68.35,47.37,66.47,72.57
68.42,68.42,41.79,66.77,76.19
69.92,69.92,37.05,68.14,73.80
70.08,70.08,33.05,67.18,73.18
70.27,70.27,31.51,67.27,74.79
69.64,69.64,28.13,67.84,73.73
70.52,70.52,28.28,67.90,76.83
70.32,70.32,26.71,68.63,74.16
70.12,70.12,30.42,67.75,71.67
72.05,72.05,41.18,69.76,70.62
69.66,69.66,53.45,66.84,71.47
69.11,69.11,58.97,66.30,72.65
70.12,70.12,69.32,62.21,74.34
70.40,70.40,60.94,64.74,73.76
70.39,70.39,57.89,65.34,76.01
69.71,69.71,53.01,65.20,75.63
71.54,71.54,50.02,65.91,76.56
72.02,72.02,45.38,65.93,78.52
72.69,72.69,41.96,66.83,76.60
73.58,73.58,39.59,64.72,75.65
71.95,71.95,39.13,66.90,77.56
72.31,72.31,39.04,65.23,77.08
73.15,73.15,42.11,67.42,74.13
71.47,71.47,51.44,67.10,78.22
71.06,71.06,50.17,63.48,76.10
72.20,72.20,45.23,62.79,72.54
73.94,73.94,43.48,60.19,74.81
74.13,74.13,51.98,62.41,73.04
74.60,74.60,57.91,63.31,72.07
75.53,75.53,60.34,63.81,73.13
76.63,76.63,59.04,56.30,73.37
76.20,76.20,51.24,59.61,73.40
76.70,76.70,46.29,60.20,74.17
76.40,76.40,47.72,59.40,75.00
75.56,75.56,58.40,59.06,75.95
73.02,73.02,74.20,69.18,74.44
71.05,71.05,78.01,68.15,72.45
71.31,71.31,67.91,65.37,73.77
70.18,70.18,61.33,64.67,73.35
70.01,70.01,57.36,64.97,75.36
71.97,71.97,54.81,69.14,74.02
74.20,74.20,57.92,69.78,73.96
74.11,74.11,49.62,69.39,71.71
74.27,74.27,54.48,68.80,73.15
75.64,75.64,52.50,67.94,73.89
72.54,72.54,51.40,69.32,74.77
72.86,72.86,47.03,69.10,72.63
73.47,73.47,52.52,68.44,75.26
74.89,74.89,51.28,64.48,73.68
74.59,74.59,44.89,65.27,74.28
74.23,74.23,40.68,63.16,72.05
74.12,74.12,41.19,66.28,74.02
74.09,74.09,37.54,66.84,74.63
73.25,73.25,34.63,65.59,72.76
75.01,75.01,40.13,66.59,75.16
74.13,74.13,39.90,65.25,74.79
71.76,71.76,43.41,67.05,74.12
71.84,71.84,51.76,66.66,77.67
71.14,71.14,60.28,68.94,73.94
72.05,72.05,63.62,65.63,75.36
70.57,70.57,63.20,63.90,74.21
68.82,68.82,60.89,62.93,75.40
70.58,70.58,56.69,65.17,74.39
71.60,71.60,51.54,64.59,75.23
72.89,72.89,46.44,64.39,75.40
73.53,73.53,41.30,59.08,75.06
73.25,73.25,37.91,55.13,74.05
72.20,72.20,37.30,58.80,76.41
70.68,70.68,37.47,59.96,75.84
70.39,70.39,41.25,58.06,77.53
71.22,71.22,49.10,64.06,76.60
70.36,70.36,50.66,65.63,76.06
69.04,69.04,43.95,67.80,76.51
69.24,69.24,40.34,67.81,76.17
69.36,69.36,42.07,68.48,76.22
70.75,70.75,55.05,68.18,75.45
71.96,71.96,54.87,67.92,74.74
70.59,70.59,51.44,68.03,73.88
71.38,71.38,46.61,67.04,73.33
70.72,70.72,44.52,69.05,70.93
70.54,70.54,47.79,69.06,71.43
69.98,69.98,52.92,68.90,72.64
67.79,67.79,58.54,66.03,75.65
68.06,68.06,61.51,64.66,75.88
67.46,67.46,57.40,65.00,75.58
65.82,65.82,52.55,65.73,73.97
68.47,68.47,48.46,65.64,75.03
70.01,70.01,43.51,66.32,73.90
69.49,69.49,37.32,66.61,73.52
69.56,69.56,40.71,65.39,74.02
69.85,69.85,45.35,66.70,75.90
66.90,66.90,39.16,66.67,75.51
64.64,64.64,39.05,66.51,76.16
62.59,62.59,46.05,65.25,75.82
65.39,65.39,50.71,66.46,72.44
65.16,65.16,47.54,67.66,75.11
65.42,65.42,41.68,67.75,75.43
66.82,66.82,38.30,68.39,75.03
66.91,66.91,34.75,67.06,74.95
65.59,65.59,33.00,67.44,74.36
64.27,64.27,31.25,63.88,75.21
63.49,63.49,34.83,57.92,75.29
63.52,63.52,31.79,56.37,76.52
60.77,60.77,39.03,54.58,76.66
58.48,58.48,51.25,52.79,74.73
56.62,56.62,60.82,62.80,75.25
55.47,55.47,70.91,68.06,74.46
55.56,55.56,63.85,68.72,74.58
49.95,49.95,59.49,68.37,75.60
48.49,48.49,55.39,68.74,75.37
50.33,50.33,50.44,69.20,74.69
53.64,53.64,44.31,69.29,74.07
58.21,58.21,38.98,69.61,74.41
57.60,57.60,37.18,68.96,74.75
57.04,57.04,39.92,70.09,75.95
58.25,58.25,45.30,70.17,74.72
58.06,58.06,45.84,70.10,76.11
50.03,50.03,51.85,68.16,79.10
52.10,52.10,46.45,65.36,76.87
53.43,53.43,42.26,65.33,77.76
55.44,55.44,42.60,66.21,80.22
52.48,52.48,51.46,66.56,77.01
54.29,54.29,64.24,66.21,79.35
49.28,49.28,59.03,66.85,80.01
48.31,48.31,53.43,66.74,80.18
49.10,49.10,49.89,67.62,81.00
51.36,51.36,45.81,67.94,79.39
49.37,49.37,44.02,67.64,79.37
47.64,47.64,49.70,67.53,79.23
46.62,46.62,60.40,67.96,76.27
48.62,48.62,59.91,66.73,77.60
50.37,50.37,55.34,66.85,77.92
49.00,49.00,49.54,67.22,77.63
51.16,51.16,45.24,67.08,76.96
49.95,49.95,40.85,67.00,76.08
51.14,51.14,37.55,64.57,73.80
51.62,51.62,37.29,55.49,73.71
49.39,49.39,34.57,50.23,72.44
47.16,47.16,35.29,51.32,73.35
49.25,49.25,37.06,49.22,74.37
47.00,47.00,45.46,47.15,76.40
48.65,48.65,48.03,63.59,80.81
46.49,46.49,42.10,67.68,79.25
45.58,45.58,37.77,68.21,78.63
47.94,47.94,33.71,69.10,79.70
48.97,48.97,31.36,69.81,80.82
47.80,47.80,33.51,69.94,77.89
52.80,52.80,34.19,69.48,78.95
49.24,49.24,35.94,69.23,79.53
46.11,46.11,42.24,68.93,78.22
44.22,44.22,40.21,69.81,77.52
39.76,39.76,56.50,69.50,79.35
41.87,41.87,60.49,68.83,78.47
41.70,41.70,69.33,66.34,76.93
38.63,38.63,67.39,62.05,79.37
41.13,41.13,61.68,61.81,79.62
44.03,44.03,56.40,59.92,79.61
38.30,38.30,50.97,58.81,81.21
38.01,38.01,44.94,58.20,80.19
39.90,39.90,40.86,58.85,78.36
43.53,43.53,40.42,59.72,79.46
41.33,41.33,41.59,60.22,79.43
42.01,42.01,42.45,59.89,77.57
41.08,41.08,42.69,57.25,76.73
41.42,41.42,48.69,57.25,77.88
42.94,42.94,48.35,59.87,78.96
46.03,46.03,42.63,59.95,79.62
39.77,39.77,41.54,56.65,78.34
40.84,40.84,41.84,54.11,78.09
40.88,40.88,58.48,50.36,78.52
45.49,45.49,62.61,47.00,77.77
40.98,40.98,56.41,43.97,78.80
42.08,42.08,53.15,51.60,79.88
49.99,49.99,51.82,57.85,78.78
56.89,56.89,51.81,47.27,77.66
69.86,69.86,59.70,47.88,78.15
71.03,71.03,62.53,57.36,77.89
73.17,73.17,60.81,63.65,75.93
75.82,75.82,56.76,65.49,76.94
77.43,77.43,54.89,68.28,76.94
76.10,76.10,50.88,69.29,76.20
75.44,75.44,47.11,69.76,77.28
77.35,77.35,45.66,68.19,77.72
76.39,76.39,44.52,68.88,77.28
75.49,75.49,40.84,69.89,77.83
75.12,75.12,39.51,69.93,76.88
75.26,75.26,37.95,70.56,77.85
75.36,75.36,46.77,68.40,77.64
71.61,71.61,50.56,67.25,76.81
68.27,68.27,45.92,69.61,78.67
70.71,70.71,43.61,70.14,75.62
72.14,72.14,42.01,66.11,76.81
74.32,74.32,38.19,70.48,75.09
74.76,74.76,35.04,69.57,74.43
76.39,76.39,32.44,67.87,75.47
75.03,75.03,31.43,69.40,74.66
73.74,73.74,39.03,68.87,75.28
72.62,72.62,48.36,68.30,77.07
73.14,73.14,60.19,67.39,74.36
75.22,75.22,60.51,65.96,75.14
74.84,74.84,69.52,62.70,75.79
74.11,74.11,62.12,68.14,78.29
74.82,74.82,58.56,72.91,75.23
76.35,76.35,54.29,74.56,75.77
76.21,76.21,49.00,74.45,77.11
76.26,76.26,44.89,71.72,74.42
74.89,74.89,41.63,73.22,73.31
72.78,72.78,40.48,73.83,76.32
72.47,72.47,39.24,73.17,74.70
72.55,72.55,42.84,73.40,74.02
73.39,73.39,48.84,74.32,73.17
73.51,73.51,55.49,73.45,75.64
73.49,73.49,52.51,69.86,75.10
72.24,72.24,48.39,73.92,73.27
67.62,67.62,49.53,75.11,74.66
69.48,69.48,53.24,71.73,69.83
73.24,73.24,62.38,63.40,72.33
73.21,73.21,61.61,68.39,71.34
75.20,75.20,56.98,74.75,69.02
74.81,74.81,54.40,75.03,69.96
75.27,75.27,52.47,70.77,67.43
74.23,74.23,53.39,64.26,68.30
71.11,71.11,59.35,66.96,66.87
69.08,69.08,77.08,69.24,67.82
68.08,68.08,79.85,66.90,71.50
68.13,68.13,69.35,70.56,72.69
69.32,69.32,67.16,69.46,72.53
69.78,69.78,66.47,70.08,72.79
67.31,67.31,68.68,68.76,71.63
71.17,71.17,67.28,69.41,72.32
73.59,73.59,69.30,68.29,74.33
72.61,72.61,68.91,67.73,74.88
70.79,70.79,66.48,65.33,73.74
68.27,68.27,66.61,64.28,72.36
70.64,70.64,66.50,68.53,70.73
72.32,72.32,66.26,65.32,73.49
69.16,69.16,67.28,75.29,72.65
69.55,69.55,66.67,73.73,73.99
69.00,69.00,65.23,72.81,75.34
67.22,67.22,65.03,72.01,74.50
68.58,68.58,64.52,73.13,75.14
71.43,71.43,65.20,73.95,73.63
69.92,69.92,65.31,72.82,75.42
66.17,66.17,65.92,71.02,73.88
67.87,67.87,64.74,74.11,70.97
70.01,70.01,63.47,72.35,75.54
70.73,70.73,61.94,72.88,73.70
70.67,70.67,65.75,74.21,73.38
69.19,69.19,73.22,72.98,73.81
68.55,68.55,70.02,71.90,73.99
68.54,68.54,65.82,72.97,75.63
69.27,69.27,64.88,72.59,75.13
68.67,68.67,62.16,71.88,75.74
68.54,68.54,60.83,71.45,73.93
68.99,68.99,59.63,72.79,77.32
71.00,71.00,59.05,72.50,75.70
71.08,71.08,58.71,72.22,76.64
68.83,68.83,58.87,72.44,74.35
67.95,67.95,59.26,73.83,73.85
66.60,66.60,59.67,72.59,75.49
68.15,68.15,56.46,72.15,74.45
67.88,67.88,56.77,73.18,72.83
66.00,66.00,56.82,72.39,71.41
66.83,66.83,59.81,72.35,72.47
66.64,66.64,70.13,71.77,72.50
67.58,67.58,60.69,71.94,71.72
69.30,69.30,58.03,71.78,73.28
70.67,70.67,57.07,73.00,73.40
72.10,72.10,56.19,73.17,74.90
71.75,71.75,56.67,72.28,74.47
71.87,71.87,61.16,71.08,74.38
71.96,71.96,61.88,71.23,73.21
69.84,69.84,60.45,70.66,71.42
68.85,68.85,57.74,71.60,71.59
67.31,67.31,53.55,72.96,70.90
66.86,66.86,52.90,71.26,70.11
68.75,68.75,53.84,71.07,70.50
69.03,69.03,53.15,72.55,71.08
68.40,68.40,51.43,71.04,71.49
71.76,71.76,49.93,71.00,71.51
72.27,72.27,50.03,71.96,73.06
71.78,71.78,50.41,72.40,73.98
70.79,70.79,54.28,70.71,75.49
69.84,69.84,59.76,69.39,77.94
71.42,71.42,56.32,71.49,77.78
70.14,70.14,48.79,71.93,77.25
70.58,70.58,47.31,71.07,77.08
69.45,69.45,47.51,72.78,76.51
67.36,67.36,46.80,71.10,77.33
69.20,69.20,45.85,70.37,76.20
72.56,72.56,44.27,71.20,76.00
70.34,70.34,46.28,70.56,75.85
66.43,66.43,57.67,70.43,73.54
64.41,64.41,65.68,70.62,72.07
66.00,66.00,67.44,71.87,70.31
66.00,66.00,71.96,70.05,71.58
67.07,67.07,64.73,70.19,76.35
69.81,69.81,60.97,71.67,74.19
70.62,70.62,57.40,71.34,77.36
70.55,70.55,53.77,70.90,73.91
69.11,69.11,52.71,70.74,75.11
68.45,68.45,49.59,71.04,76.80
66.19,66.19,48.26,70.53,77.47
67.21,67.21,49.45,71.93,73.66
67.69,67.69,50.25,70.96,73.92
67.91,67.91,53.68,69.85,76.77
69.64,69.64,56.58,70.05,72.01
70.42,70.42,52.57,71.79,73.01
68.31,68.31,51.40,71.36,74.61
68.54,68.54,55.28,70.47,73.96
67.05,67.05,59.42,71.03,73.21
67.12,67.12,72.91,70.93,75.79
68.57,68.57,65.65,70.38,74.48
67.52,67.52,60.04,71.09,74.15
66.90,66.90,53.55,70.62,72.80
68.58,68.58,55.00,69.95,71.25
67.30,67.30,48.92,71.26,72.08
63.47,63.47,48.57,70.41,72.89
62.84,62.84,67.45,71.30,73.07
61.18,61.18,67.45,70.10,75.22
61.91,61.91,62.58,71.10,75.42
65.47,65.47,56.66,70.02,76.04
63.65,63.65,55.04,70.33,75.40
65.57,65.57,53.72,70.93,77.02
65.45,65.45,50.92,69.54,76.76
65.57,65.57,52.07,69.91,76.97
64.92,64.92,53.02,68.74,76.45
67.11,67.11,53.32,69.10,75.40
68.30,68.30,52.51,70.37,74.68
66.60,66.60,56.05,69.87,73.28
67.91,67.91,56.10,69.07,75.34
66.97,66.97,49.32,70.08,75.80
65.35,65.35,45.07,70.63,77.18
60.76,60.76,42.24,69.82,75.74
58.51,58.51,41.73,69.45,74.61
60.06,60.06,40.19,70.88,76.17
63.66,63.66,42.08,70.48,75.61
63.69,63.69,41.46,69.21,76.19
62.81,62.81,42.71,70.33,75.82
63.63,63.63,55.60,69.18,76.22
61.32,61.32,64.76,68.82,75.37
58.83,58.83,65.03,69.59,76.21
56.48,56.48,74.14,64.77,75.69
52.57,52.57,65.02,65.12,77.02
53.37,53.37,62.97,66.63,78.24
50.63,50.63,60.98,68.29,79.31
48.39,48.39,59.48,67.60,78.86
51.19,51.19,58.20,67.91,78.13
53.98,53.98,61.57,68.40,78.74
54.39,54.39,57.72,67.29,78.47
55.15,55.15,46.37,70.02,76.76
53.95,53.95,49.57,69.07,75.72
53.72,53.72,53.15,67.91,76.47
51.85,51.85,65.68,65.82,77.97
48.85,48.85,67.05,67.42,77.80
49.11,49.11,67.21,66.87,77.57
48.91,48.91,65.89,67.40,75.65
49.34,49.34,70.21,67.88,80.15
50.23,50.23,74.28,66.10,76.23
49.20,49.20,71.64,67.13,77.48
47.46,47.46,69.36,67.88,76.73
45.94,45.94,67.33,68.51,77.39
45.82,45.82,61.52,67.11,76.39
46.35,46.35,61.14,67.89,78.11
45.74,45.74,64.83,67.73,75.93
42.09,42.09,67.69,67.69,76.51
45.89,45.89,63.09,67.07,80.49
44.08,44.08,56.97,66.15,77.80
45.72,45.72,52.32,66.78,77.62
43.02,43.02,49.81,67.11,78.41
41.64,41.64,48.89,66.80,77.97
42.53,42.53,45.53,66.59,77.87
44.39,44.39,46.55,67.51,79.63
44.25,44.25,46.75,67.82,74.98
39.25,39.25,46.62,67.81,76.76
43.83,43.83,48.64,67.68,78.82
42.41,42.41,54.67,66.14,77.76
44.45,44.45,56.48,65.69,76.62
43.94,43.94,56.40,67.53,76.96
48.03,48.03,49.94,65.26,76.41
41.53,41.53,48.89,64.51,77.30
41.63,41.63,46.95,64.76,77.72
42.89,42.89,47.18,65.39,78.33
43.16,43.16,49.20,64.57,77.19
45.00,45.00,47.02,65.54,77.55
45.53,45.53,40.47,67.74,76.44
41.24,41.24,43.09,65.33,76.94
36.43,36.43,45.05,66.72,79.52
37.74,37.74,55.67,66.99,78.01
36.89,36.89,71.85,65.64,76.27
40.09,40.09,72.89,65.35,76.34
38.98,38.98,65.99,65.31,77.34
39.24,39.24,65.95,64.34,77.22
38.26,38.26,66.80,65.14,76.43
37.63,37.63,64.35,65.43,76.93
38.94,38.94,61.48,65.89,77.31
37.80,37.80,60.06,64.67,76.61
39.24,39.24,59.10,64.00,74.66
38.30,38.30,58.81,66.54,77.75
39.66,39.66,60.23,64.86,78.18
40.15,40.15,63.01,65.76,79.00
40.96,40.96,63.93,63.62,78.73
38.76,38.76,57.13,64.17,76.76
37.92,37.92,55.94,65.43,76.93
39.05,39.05,59.38,63.37,76.46
43.30,43.30,68.26,62.66,76.60
40.88,40.88,70.98,63.19,75.04
42.40,42.40,63.86,63.40,75.77
43.99,43.99,58.66,62.69,74.53
44.92,44.92,54.86,63.10,73.26
47.48,47.48,53.15,64.58,73.50
48.18,48.18,57.56,60.89,73.81
56.22,56.22,66.57,51.90,76.44
60.43,60.43,81.21,54.27,74.24
59.32,59.32,75.26,54.39,76.74
58.16,58.16,69.89,62.15,79.79
57.49,57.49,65.77,65.49,78.99
55.63,55.63,60.62,63.64,79.23
57.85,57.85,52.36,63.59,77.31
62.05,62.05,54.93,64.11,78.10
64.21,64.21,51.00,63.41,75.85
62.13,62.13,56.24,61.65,76.84
62.96,62.96,46.50,63.99,77.84
58.47,58.47,50.50,60.54,76.23
56.67,56.67,57.42,62.07,78.66
60.06,60.06,63.20,66.40,79.16
63.60,63.60,66.00,58.69,78.71
61.53,61.53,59.34,58.65,76.87
58.79,58.79,51.90,61.98,76.76
59.47,59.47,49.80,60.06,76.67
57.47,57.47,46.24,58.99,79.07
58.28,58.28,42.44,59.76,77.16
61.49,61.49,42.86,61.05,75.49
61.91,61.91,46.09,56.64,75.57
62.10,62.10,59.60,56.56,74.19
62.83,62.83,68.61,60.00,74.90
64.31,64.31,70.75,61.63,71.52
65.02,65.02,71.33,61.52,72.97
61.74,61.74,63.79,59.21,78.06
59.93,59.93,61.44,58.09,79.04
60.24,60.24,56.95,58.60,78.65
65.51,65.51,53.11,59.99,77.99
66.01,66.01,50.72,59.65,77.76
65.07,65.07,48.83,59.26,78.77
62.00,62.00,50.62,61.58,77.71
59.45,59.45,49.43,61.66,77.90
62.84,62.84,48.41,60.38,78.12
62.77,62.77,55.15,61.79,77.23
60.21,60.21,57.44,59.22,79.73
59.14,59.14,52.87,55.57,78.36
61.13,61.13,47.79,64.38,78.70
62.12,62.12,52.52,62.44,80.52
57.21,57.21,59.18,61.80,76.39
59.99,59.99,70.58,61.94,79.28
60.48,60.48,56.44,61.90,79.45
59.83,59.83,55.25,60.52,77.87
61.03,61.03,49.58,63.67,77.81
62.35,62.35,48.06,60.66,76.43
61.26,61.26,49.15,62.20,79.31
60.34,60.34,59.57,63.43,78.28
58.94,58.94,64.72,65.71,77.21
59.93,59.93,62.26,60.25,79.42
57.67,57.67,60.31,61.46,78.28
60.68,60.68,53.70,58.52,77.71
62.02,62.02,53.67,60.54,78.96
64.15,64.15,55.26,58.10,76.16
63.28,63.28,51.45,57.29,75.87
64.06,64.06,51.05,58.04,76.76
62.85,62.85,48.87,59.99,76.79
59.52,59.52,51.64,58.68,76.33
60.41,60.41,56.89,58.50,77.95
61.64,61.64,62.57,56.37,76.89
60.26,60.26,60.05,56.37,76.82
62.50,62.50,48.66,57.74,76.13
61.34,61.34,46.52,57.74,76.04
59.46,59.46,46.00,56.46,77.05
60.36,60.36,41.98,57.22,78.18
60.97,60.97,39.52,57.56,78.85
62.86,62.86,42.29,53.39,79.33
60.69,60.69,39.50,51.30,78.61
58.19,58.19,45.17,53.84,77.93
59.93,59.93,58.49,54.78,77.84
58.55,58.55,65.60,51.42,79.17
58.96,58.96,69.04,56.38,78.09
59.36,59.36,71.43,62.45,78.84
60.27,60.27,62.78,61.49,79.19
61.42,61.42,58.79,58.74,78.76
59.14,59.14,55.64,62.79,79.67
60.64,60.64,53.82,57.68,80.24
62.47,62.47,54.88,57.87,78.94
63.77,63.77,53.44,57.94,79.92
63.51,63.51,45.11,54.41,78.77
60.36,60.36,46.36,53.90,78.19
56.26,56.26,48.25,56.40,77.83
58.98,58.98,53.38,54.64,77.23
61.38,61.38,59.94,54.72,76.76
56.93,56.93,58.77,55.60,75.88
59.59,59.59,58.86,57.75,76.35
56.94,56.94,64.24,56.37,74.90
62.29,62.29,71.29,53.92,76.50
56.81,56.81,75.68,49.11,77.99
57.78,57.78,69.65,54.45,75.40
60.96,60.96,65.05,53.67,76.68
62.53,62.53,63.14,54.25,75.18
60.46,60.46,61.07,55.74,75.37
56.89,56.89,58.46,57.67,76.88
54.98,54.98,58.81,55.21,77.42
58.78,58.78,58.14,53.90,77.46
60.52,60.52,54.23,53.82,78.87
65.10,65.10,50.18,50.58,76.76
65.64,65.64,48.49,50.18,77.52
65.02,65.02,47.90,52.48,78.38
62.17,62.17,44.02,49.19,78.46
60.37,60.37,43.34,51.31,78.07
57.86,57.86,45.19,52.58,77.32
57.42,57.42,51.48,51.83,76.07
58.78,58.78,56.39,49.41,75.32
54.68,54.68,62.81,52.16,75.47
54.32,54.32,64.91,46.77,74.82
53.28,53.28,52.68,57.71,80.30
50.89,50.89,52.61,58.39,80.89
54.14,54.14,50.03,51.85,78.39
58.26,58.26,47.36,59.13,81.26
57.24,57.24,42.77,53.24,78.40
59.61,59.61,40.91,52.94,79.17
57.50,57.50,36.01,52.11,78.21
58.93,58.93,36.49,58.45,77.90
60.88,60.88,46.64,55.88,76.86
58.67,58.67,51.80,50.85,77.27
56.09,56.09,68.68,55.56,77.19
58.05,58.05,78.81,59.75,75.30
57.45,57.45,72.87,59.04,78.00
56.59,56.59,69.17,48.70,74.57
57.13,57.13,64.70,41.81,78.58
55.49,55.49,60.27,48.72,76.08
53.87,53.87,57.96,41.84,77.24
55.89,55.89,52.66,41.41,79.61
55.86,55.86,52.93,46.74,77.48
57.25,57.25,53.39,49.85,76.89
53.25,53.25,53.54,41.10,76.50
57.18,57.18,59.11,47.63,76.27
54.21,54.21,61.21,43.13,75.60
59.50,59.50,56.72,51.11,77.23
58.90,58.90,54.79,47.39,78.02
57.93,57.93,59.38,47.01,77.72
54.03,54.03,64.97,41.60,77.46
52.21,52.21,71.70,46.13,76.24
53.99,53.99,70.12,45.65,77.75
54.33,54.33,63.77,46.47,76.24
51.84,51.84,61.74,46.47,75.23
51.80,51.80,57.37,50.32,75.28
52.87,52.87,59.94,52.08,75.52
57.59,57.59,61.87,52.87,76.22
58.58,58.58,63.49,53.64,76.50
65.18,65.18,59.23,54.33,76.47
68.85,68.85,54.11,53.93,78.46
71.32,71.32,51.26,50.45,78.10
72.31,72.31,48.87,49.84,78.34
70.18,70.18,49.44,49.33,78.21
68.34,68.34,47.79,48.47,77.13
66.09,66.09,54.84,45.58,78.71
67.22,67.22,48.88,50.66,73.08
69.69,69.69,48.25,50.78,79.63
69.48,69.48,48.00,55.76,78.59
70.50,70.50,49.04,54.89,76.85
67.61,67.61,56.95,67.95,78.75
62.83,62.83,50.55,71.46,76.83
65.02,65.02,51.28,68.13,75.45
65.31,65.31,52.16,67.19,77.87
65.75,65.75,55.87,69.50,76.96
65.42,65.42,58.78,70.99,76.33
66.20,66.20,58.61,69.02,78.67
65.06,65.06,57.34,67.74,77.98
65.89,65.89,53.75,54.69,77.68
64.44,64.44,57.88,49.41,76.42
63.42,63.42,63.96,63.73,74.92
62.60,62.60,65.22,56.74,72.91
65.84,65.84,74.17,48.05,75.09
73.07,73.07,66.44,46.92,76.33
75.51,75.51,62.50,44.13,77.39
76.10,76.10,57.68,48.51,76.76
74.77,74.77,54.81,55.65,75.42
72.49,72.49,52.34,49.26,75.79
72.83,72.83,51.24,54.97,77.43
73.72,73.72,52.08,49.26,75.64
74.95,74.95,52.24,54.28,77.52
75.83,75.83,52.31,50.80,77.27
76.26,76.26,54.99,52.84,74.53
75.41,75.41,54.00,59.65,77.46
75.23,75.23,52.76,68.84,76.57
74.89,74.89,50.47,68.33,75.49
74.40,74.40,52.03,66.95,76.78
75.70,75.70,57.02,65.90,76.32
75.47,75.47,71.52,66.03,72.07
75.20,75.20,67.56,66.77,77.54
75.20,75.20,60.82,66.16,76.09
75.59,75.59,56.70,66.17,77.10
75.92,75.92,52.58,66.07,76.55
74.97,74.97,50.89,66.80,75.38
74.94,74.94,51.14,63.99,76.06
75.36,75.36,63.02,61.14,72.31
73.21,73.21,76.98,66.75,72.32
73.61,73.61,82.67,64.72,71.73
74.12,74.12,70.11,65.67,73.54
74.21,74.21,61.43,64.55,75.66
73.89,73.89,62.99,66.43,74.52
74.33,74.33,60.63,68.66,76.18
74.85,74.85,59.05,70.43,74.46
75.92,75.92,48.70,69.36,75.27
75.18,75.18,51.38,68.95,73.26
75.48,75.48,55.92,69.00,74.33
73.99,73.99,58.26,66.31,74.33
75.01,75.01,61.38,61.09,77.27
74.87,74.87,68.74,59.34,75.67
73.70,73.70,82.40,60.92,74.11
73.02,73.02,76.67,59.11,77.67
72.85,72.85,71.64,57.64,76.44
72.91,72.91,61.35,63.21,73.55
74.43,74.43,56.87,62.24,74.83
74.92,74.92,57.00,63.10,77.72
74.33,74.33,58.85,64.29,71.52
75.18,75.18,57.81,62.62,78.40
74.52,74.52,55.42,60.16,75.48
72.88,72.88,56.18,60.03,74.46
72.81,72.81,66.23,62.30,78.49
70.84,70.84,74.59,72.97,74.20
71.49,71.49,67.64,71.28,76.71
73.20,73.20,62.52,72.83,74.66
72.53,72.53,58.50,71.88,76.45
72.72,72.72,55.59,71.93,74.74
72.86,72.86,52.95,72.03,73.74
74.18,74.18,51.68,73.47,75.31
72.12,72.12,50.53,71.77,74.76
69.67,69.67,50.43,72.31,75.54
72.26,72.26,53.81,72.85,75.31
72.87,72.87,59.21,72.30,74.97
71.95,71.95,55.92,70.91,75.26
72.54,72.54,56.27,70.19,75.59
74.20,74.20,52.65,72.35,73.14
74.28,74.28,60.43,72.15,74.65
72.62,72.62,61.31,70.77,74.55
73.66,73.66,67.52,70.67,72.50
73.28,73.28,68.63,68.54,75.33
72.99,72.99,56.87,69.89,75.94
73.05,73.05,55.80,69.96,76.68
72.45,72.45,53.79,70.30,74.21
74.04,74.04,48.80,69.07,75.88
74.02,74.02,51.07,69.49,77.19
71.31,71.31,56.31,67.77,75.81
71.49,71.49,54.57,67.76,78.38
72.14,72.14,51.70,68.03,77.16
73.25,73.25,50.59,67.66,76.64
73.29,73.29,50.23,66.73,76.14
71.57,71.57,49.39,67.29,76.57
73.37,73.37,48.64,67.30,72.92
71.94,71.94,46.50,64.79,75.19
73.82,73.82,49.64,67.80,75.71
74.35,74.35,49.20,66.70,72.31
73.13,73.13,54.52,66.18,74.46
74.42,74.42,62.79,65.93,74.31
73.89,73.89,58.54,65.96,76.90
72.80,72.80,52.10,64.75,76.17
72.87,72.87,48.13,66.16,77.23
70.80,70.80,46.45,63.88,75.79
73.48,73.48,45.84,65.93,76.55
74.06,74.06,45.38,66.88,77.13
72.56,72.56,45.34,66.25,76.28
70.43,70.43,42.48,65.47,79.24
72.14,72.14,44.27,65.26,78.09
72.55,72.55,50.54,62.39,77.23
74.02,74.02,57.46,64.16,77.71
73.00,73.00,73.00,63.64,76.24
69.86,69.86,73.35,63.22,76.79
67.97,67.97,67.81,64.87,76.22
70.19,70.19,59.25,61.66,77.56
71.99,71.99,56.46,64.83,76.72
73.05,73.05,51.30,67.67,74.82
72.65,72.65,49.60,66.13,76.15
72.06,72.06,44.74,66.88,74.09
72.47,72.47,46.31,65.68,74.64
71.32,71.32,44.49,63.32,75.26
70.16,70.16,51.21,64.56,75.13
70.99,70.99,52.20,61.60,75.95
70.68,70.68,56.41,62.34,76.65
71.70,71.70,51.69,58.11,78.43
71.59,71.59,54.72,60.75,77.19
71.34,71.34,57.82,59.66,76.05
72.33,72.33,67.02,59.71,77.38
69.88,69.88,67.16,61.86,76.21
68.47,68.47,62.87,58.21,76.05
69.64,69.64,58.37,62.20,77.20
72.72,72.72,51.34,59.51,79.22
72.50,72.50,58.15,58.74,78.54
70.08,70.08,61.45,59.77,77.86
66.42,66.42,65.37,59.57,78.10
67.27,67.27,61.45,56.76,77.50
63.91,63.91,54.40,53.16,78.52
68.36,68.36,51.74,57.79,74.87
69.78,69.78,53.73,60.04,74.60
67.75,67.75,50.88,59.71,77.03
65.76,65.76,50.65,51.40,76.56
65.51,65.51,51.07,58.37,74.58
60.35,60.35,47.21,60.44,74.96
63.38,63.38,45.97,58.74,74.92
61.84,61.84,47.07,49.43,78.02
59.09,59.09,63.64,60.04,75.86
61.65,61.65,63.95,57.73,77.55
64.16,64.16,55.72,51.46,77.50
61.72,61.72,51.67,53.57,75.45
60.48,60.48,50.44,59.99,76.70
60.33,60.33,46.25,61.90,77.08
57.67,57.67,48.89,53.62,75.13
55.76,55.76,44.00,52.28,79.08
57.79,57.79,41.61,57.62,77.98
58.17,58.17,38.40,58.92,76.62
62.17,62.17,54.10,56.39,75.67
58.07,58.07,64.70,57.19,75.28
49.11,49.11,68.19,60.08,75.94
49.75,49.75,76.97,59.96,73.67
46.39,46.39,65.79,52.88,77.59
51.37,51.37,65.90,55.38,77.93
52.22,52.22,59.27,62.46,76.53
58.52,58.52,54.94,52.97,79.26
59.36,59.36,54.07,53.03,79.46
57.62,57.62,51.72,51.29,77.66
47.79,47.79,51.37,58.42,82.49
50.18,50.18,50.47,53.33,76.27
47.15,47.15,54.81,53.37,78.79
54.13,54.13,62.24,54.33,80.52
46.46,46.46,55.10,59.41,76.37
53.58,53.58,56.54,57.13,80.85
51.39,51.39,53.27,54.59,80.06
47.76,47.76,48.14,58.13,78.18
47.41,47.41,56.38,54.68,74.95
45.62,45.62,64.33,51.73,77.17
50.44,50.44,67.49,52.33,80.70
47.62,47.62,61.48,58.81,76.11
48.69,48.69,53.14,53.25,79.80
40.03,40.03,50.51,48.66,77.40
50.22,50.22,49.40,41.46,77.90
46.71,46.71,53.39,50.41,77.58
43.29,43.29,63.21,47.48,75.36
43.36,43.36,59.52,57.15,77.01
48.57,48.57,56.33,55.96,78.88
45.20,45.20,51.68,51.60,77.68
44.97,44.97,52.17,57.45,79.28
44.44,44.44,50.64,51.17,77.54
34.05,34.05,51.43,55.82,77.68
39.07,39.07,45.96,49.42,76.81
46.78,46.78,46.97,53.68,75.72
45.82,45.82,45.74,50.63,77.48
37.28,37.28,47.97,50.32,77.62
46.02,46.02,59.29,52.83,77.08
45.49,45.49,60.06,54.85,76.27
33.84,33.84,51.69,54.51,78.17
37.78,37.78,51.76,51.32,75.73
38.19,38.19,48.19,53.97,75.23
43.30,43.30,50.57,52.49,77.59
39.18,39.18,45.68,48.77,72.85
45.05,45.05,46.60,55.67,77.43
41.24,41.24,44.86,51.34,75.38
43.22,43.22,45.05,56.46,76.33
36.38,36.38,52.08,56.81,79.01
37.01,37.01,60.09,55.89,76.34
41.86,41.86,65.54,53.95,78.69
44.49,44.49,76.45,62.67,76.91
43.93,43.93,66.81,55.85,74.56
37.64,37.64,63.52,51.58,78.14
40.28,40.28,58.10,48.47,77.44
44.48,44.48,55.11,50.22,78.43
37.36,37.36,52.91,58.55,81.05
40.54,40.54,53.19,56.61,73.40
39.10,39.10,48.57,58.65,77.57
31.67,31.67,48.05,51.91,75.70
31.93,31.93,47.31,58.29,76.63
29.64,29.64,46.45,48.97,76.15
31.47,31.47,55.53,54.74,77.49
28.63,28.63,58.08,66.68,75.79
31.65,31.65,57.55,69.68,78.38
30.91,30.91,63.00,72.79,78.46
30.42,30.42,67.61,72.96,78.16
34.10,34.10,72.30,70.95,74.91
38.18,38.18,63.34,70.95,77.20
33.28,33.28,65.06,70.95,76.17
30.53,30.53,55.81,72.39,77.41
35.90,35.90,54.82,72.25,75.36
40.87,40.87,56.80,71.07,77.29
35.86,35.86,63.07,72.22,78.38
33.10,33.10,76.73,71.64,77.47
23.19,23.19,80.99,60.25,75.31
23.73,23.73,66.77,63.11,78.59
25.18,25.18,57.89,70.48,76.30
28.25,28.25,64.19,70.33,77.43
25.78,25.78,57.02,70.12,77.94
29.03,29.03,52.49,70.10,76.34
30.57,30.57,54.03,69.96,77.75
30.12,30.12,49.79,70.89,76.60
29.76,29.76,47.09,70.07,75.51
28.02,28.02,52.35,69.93,75.99
21.78,21.78,56.80,69.40,77.22
21.00,21.00,57.76,67.76,73.78
19.79,19.79,57.44,61.89,78.33
24.28,24.28,50.89,69.00,78.36
23.03,23.03,46.25,73.69,76.87
26.05,26.05,47.78,72.79,78.08
26.11,26.11,45.05,71.45,77.27
25.14,25.14,46.02,71.22,78.45
28.59,28.59,45.89,72.32,76.91
28.15,28.15,44.63,73.11,75.45
24.89,24.89,42.87,70.92,77.09
21.74,21.74,50.43,72.01,77.17
22.63,22.63,56.63,70.88,76.61
23.48,23.48,75.86,67.78,75.52
22.72,22.72,70.46,67.47,74.64
22.64,22.64,67.15,69.60,75.60
24.27,24.27,59.54,70.15,73.68
25.62,25.62,55.25,69.23,73.67
26.71,26.71,53.84,70.82,74.28
29.20,29.20,52.65,71.53,77.17
27.01,27.01,49.25,71.11,76.80
28.39,28.39,51.26,69.48,78.34
26.80,26.80,48.80,70.16,75.76
28.23,28.23,46.04,69.96,77.90
24.88,24.88,53.05,69.32,77.91
20.61,20.61,50.65,66.52,77.22
19.98,19.98,47.30,67.28,77.66
21.68,21.68,47.37,66.39,79.50
22.51,22.51,58.43,66.36,77.09
20.48,20.48,62.14,68.09,79.09
18.94,18.94,72.26,67.36,80.22
17.98,17.98,67.07,63.84,76.47
17.10,17.10,58.52,64.32,78.13
18.86,18.86,55.50,67.32,76.32
18.61,18.61,52.89,66.58,71.69
15.10,15.10,58.16,67.31,78.02
11.91,11.91,56.70,63.38,78.07
12.57,12.57,61.07,62.61,74.71
16.43,16.43,60.93,61.41,78.11
19.54,19.54,53.81,64.29,77.14
20.66,20.66,52.39,67.64,79.02
21.39,21.39,49.50,63.97,77.87
23.69,23.69,49.36,63.77,77.89
24.63,24.63,48.55,61.85,77.42
27.20,27.20,44.88,61.60,76.45
25.00,25.00,47.33,61.95,78.05
22.59,22.59,48.33,63.68,78.39
22.88,22.88,49.55,60.80,79.64
22.08,22.08,54.63,61.86,77.15
21.59,21.59,57.23,61.42,78.46
21.84,21.84,54.04,63.15,76.56
22.06,22.06,46.43,64.89,75.77
23.81,23.81,45.22,61.80,78.67
25.26,25.26,44.69,63.62,76.08
27.40,27.40,42.75,61.68,76.42
27.01,27.01,42.39,61.60,77.18
26.18,26.18,41.59,63.34,76.29
25.83,25.83,41.36,65.33,77.43
21.32,21.32,55.48,60.72,77.21
15.93,15.93,62.72,60.87,75.85
13.19,13.19,73.42,58.43,74.78
12.89,12.89,72.41,65.34,78.26
16.42,16.42,66.02,63.74,76.79
19.45,19.45,62.58,61.85,77.40
23.10,23.10,57.99,65.62,79.96
24.86,24.86,53.94,59.32,78.26
23.06,23.06,50.65,58.97,75.90
24.54,24.54,51.45,62.37,77.89
23.40,23.40,50.74,59.52,76.75
21.44,21.44,61.05,62.36,77.28
16.14,16.14,57.32,64.33,77.57
19.94,19.94,67.29,60.22,77.96
21.04,21.04,63.79,69.06,75.24
23.72,23.72,56.43,70.78,75.82
25.67,25.67,51.23,72.00,74.53
25.25,25.25,60.66,68.18,78.05
25.69,25.69,63.34,66.38,75.61
25.38,25.38,70.03,67.23,75.78
23.84,23.84,58.50,67.90,76.44
24.33,24.33,56.31,68.65,78.24
25.23,25.23,50.67,69.94,75.00
23.29,23.29,47.38,67.73,72.54
21.90,21.90,48.83,64.81,78.59
21.28,21.28,57.91,60.02,77.93
18.67,18.67,65.09,68.03,76.68
20.73,20.73,57.55,74.02,78.31
23.28,23.28,50.91,73.87,75.63
25.88,25.88,50.81,73.99,78.26
28.50,28.50,47.93,73.16,77.21
28.26,28.26,47.12,73.16,77.10
31.05,31.05,48.28,72.81,77.99
35.54,35.54,45.19,72.31,75.80
33.30,33.30,45.40,72.91,73.89
26.71,26.71,47.95,74.31,74.85
22.56,22.56,50.48,71.62,74.44
23.19,23.19,53.01,74.11,76.17
22.31,22.31,53.87,72.33,77.93
24.29,24.29,49.36,71.94,78.19
23.50,23.50,45.83,70.54,76.86
23.19,23.19,46.96,71.96,78.50
21.90,21.90,45.95,70.64,78.37
21.56,21.56,44.14,72.66,77.49
23.57,23.57,45.77,71.21,77.37
23.09,23.09,43.34,72.29,77.70
21.75,21.75,51.67,69.80,75.40
16.55,16.55,55.55,69.98,78.70
11.73,11.73,60.21,70.20,77.26
8.22,8.22,75.61,66.13,76.29
15.05,15.05,72.23,68.83,75.85
21.47,21.47,63.97,70.33,77.53
22.04,22.04,60.73,68.27,75.22
22.31,22.31,53.29,67.57,78.17
23.54,23.54,50.96,70.88,76.91
25.29,25.29,53.45,68.22,76.74
25.13,25.13,57.57,69.86,77.57
26.89,26.89,52.35,67.15,76.24
26.25,26.25,47.13,67.85,75.26
23.86,23.86,45.48,66.82,77.77
29.35,29.35,54.61,66.59,75.13
26.97,26.97,53.55,64.64,75.17
27.14,27.14,51.73,66.66,77.58
29.68,29.68,54.45,73.38,78.49
29.56,29.56,59.94,72.59,78.75
30.21,30.21,61.26,71.20,78.77
32.57,32.57,71.13,73.08,77.59
32.51,32.51,58.94,71.15,80.50
33.48,33.48,62.00,72.13,79.69
29.86,29.86,55.03,72.87,78.28
29.89,29.89,50.24,73.99,79.40
29.01,29.01,56.31,71.74,79.14
30.09,30.09,58.93,73.05,79.41
31.57,31.57,55.24,71.23,77.17
30.70,30.70,53.28,71.24,76.37
29.15,29.15,52.64,69.47,76.67
27.06,27.06,49.60,71.40,76.12
28.46,28.46,48.55,71.55,78.73
27.26,27.26,47.87,71.50,77.07
28.23,28.23,45.75,71.50,75.08
30.10,30.10,45.44,71.68,80.68
36.07,36.07,45.90,70.77,77.08
39.49,39.49,47.60,69.54,76.30
38.40,38.40,48.97,71.81,79.74
41.06,41.06,52.83,70.79,75.33
43.91,43.91,52.43,67.49,77.72
41.68,41.68,48.14,70.83,76.47
39.96,39.96,50.09,69.22,77.52
44.05,44.05,46.79,68.71,78.42
42.14,42.14,46.22,69.99,78.20
45.64,45.64,46.04,70.16,77.46
41.80,41.80,43.82,70.50,75.42
43.75,43.75,43.93,67.06,77.21
43.59,43.59,41.36,65.73,75.65
40.82,40.82,47.67,67.76,76.03
44.31,44.31,53.41,70.37,73.38
49.07,49.07,68.96,66.20,75.06
60.76,60.76,78.77,64.51,74.88
69.87,69.87,71.15,71.83,75.14
70.68,70.68,69.71,68.93,77.52
74.94,74.94,66.37,68.61,74.33
73.27,73.27,61.14,74.64,75.97
75.42,75.42,61.05,70.60,73.40
75.61,75.61,61.51,68.63,75.82
72.57,72.57,60.62,70.26,76.96
72.94,72.94,61.35,74.13,75.07
73.64,73.64,63.87,70.55,76.73
74.27,74.27,62.79,72.86,75.41
74.46,74.46,60.91,75.19,75.12
74.67,74.67,58.23,69.14,79.05
76.00,76.00,60.18,67.99,75.08
73.55,73.55,64.04,73.42,74.19
74.43,74.43,66.78,72.55,75.63
74.72,74.72,74.71,68.65,72.80
75.95,75.95,73.67,70.58,75.14
75.98,75.98,69.27,71.43,75.71
74.97,74.97,66.40,69.10,75.49
75.10,75.10,63.32,69.57,74.95
74.12,74.12,62.03,73.04,74.10
73.45,73.45,65.47,72.52,73.46
73.24,73.24,76.59,66.60,75.95
70.30,70.30,73.45,69.37,77.24
72.07,72.07,63.33,67.23,77.85
74.79,74.79,64.00,73.37,76.20
74.30,74.30,64.16,66.82,75.78
71.77,71.77,66.23,69.39,76.49
71.88,71.88,65.84,68.52,76.51
73.62,73.62,65.79,72.84,74.96
70.56,70.56,66.43,71.31,76.32
69.86,69.86,65.33,69.58,76.21
72.76,72.76,64.93,73.89,74.93
75.56,75.56,64.22,68.55,76.14
70.91,70.91,62.91,71.85,75.61
68.26,68.26,62.02,71.62,78.69
67.93,67.93,62.26,70.31,78.50
68.63,68.63,63.47,70.94,75.38
71.19,71.19,61.40,72.85,77.15
69.94,69.94,61.15,72.59,78.75
70.38,70.38,63.13,69.24,78.09
69.32,69.32,62.01,70.98,77.21
70.66,70.66,62.66,72.30,77.07
72.39,72.39,62.25,69.91,76.32
73.21,73.21,62.83,69.84,78.16
70.73,70.73,73.31,68.75,75.46
72.40,72.40,70.57,69.76,75.73
72.87,72.87,65.97,62.83,75.84
70.34,70.34,63.16,72.57,74.97
65.97,65.97,60.80,71.13,75.34
61.92,61.92,60.52,72.50,75.92
67.70,67.70,59.44,72.32,76.42
63.67,63.67,59.94,70.51,74.49
65.37,65.37,60.00,70.97,74.36
62.99,62.99,58.79,70.05,75.11
68.53,68.53,59.15,72.57,75.82
70.78,70.78,59.41,71.71,74.34
75.26,75.26,56.92,71.38,73.58
74.07,74.07,56.93,73.40,76.39
71.51,71.51,56.81,71.21,74.47
74.18,74.18,56.96,70.47,75.37
74.68,74.68,55.90,72.45,72.76
74.45,74.45,71.50,68.19,74.06
74.28,74.28,63.23,71.23,73.51
74.41,74.41,60.77,70.87,73.12
73.26,73.26,58.45,70.29,71.86
73.21,73.21,55.64,69.53,74.99
73.20,73.20,56.13,71.26,72.63
74.38,74.38,61.15,73.24,73.61
71.95,71.95,56.61,70.46,73.53
71.32,71.32,55.02,67.75,71.06
70.27,70.27,55.35,68.22,75.91
67.97,67.97,54.11,68.41,78.88
70.70,70.70,52.90,70.03,78.03
72.02,72.02,52.53,71.51,78.12
71.94,71.94,53.66,68.41,77.99
73.09,73.09,52.50,71.31,78.12
74.25,74.25,52.09,71.82,77.82
73.63,73.63,52.61,69.24,77.89
71.73,71.73,55.95,69.47,75.98
73.32,73.32,56.21,69.65,77.35
73.28,73.28,56.13,71.26,76.93
73.28,73.28,51.69,70.72,75.45
72.71,72.71,49.64,72.46,75.67
72.46,72.46,48.77,72.56,77.29
72.05,72.05,47.08,71.00,78.27
73.12,73.12,46.79,71.89,77.12
75.58,75.58,46.26,72.23,76.78
73.44,73.44,46.96,69.88,79.20
71.82,71.82,45.92,71.99,77.90
72.15,72.15,50.49,70.35,76.60
73.43,73.43,54.46,70.62,79.12
72.84,72.84,70.91,68.49,77.44
71.47,71.47,70.89,69.14,77.80
74.28,74.28,64.55,70.65,76.25
73.75,73.75,62.49,62.82,76.57
74.43,74.43,58.62,64.60,77.39
75.92,75.92,55.13,72.74,76.95
74.83,74.83,54.03,72.18,77.45
75.61,75.61,52.85,72.70,76.00
75.41,75.41,51.76,71.92,77.79
75.31,75.31,52.75,71.72,78.64
74.64,74.64,56.65,71.75,75.03
75.70,75.70,56.64,72.15,75.91
74.39,74.39,53.92,73.54,77.96
72.45,72.45,51.35,69.66,78.33
70.11,70.11,53.78,73.28,77.28
70.80,70.80,52.32,71.57,77.81
71.30,71.30,51.26,72.89,76.51
70.36,70.36,63.43,70.86,76.12
70.58,70.58,68.24,66.32,76.91
70.41,70.41,61.19,72.03,76.02
71.29,71.29,53.58,69.98,74.67
70.98,70.98,53.99,68.36,74.35
70.12,70.12,49.96,72.09,72.66
70.21,70.21,54.67,69.77,75.09
69.82,69.82,56.38,73.21,75.33
71.17,71.17,54.39,71.43,78.21
73.38,73.38,53.25,69.94,77.85
72.63,72.63,51.46,71.87,77.16
71.66,71.66,49.99,71.64,75.91
70.31,70.31,48.65,71.97,77.07
69.83,69.83,47.86,72.06,77.03
67.90,67.90,50.00,71.71,77.51
68.55,68.55,47.98,73.64,74.41
72.09,72.09,46.65,72.98,75.76
72.14,72.14,47.28,71.07,76.67
68.97,68.97,49.01,72.34,73.63
68.75,68.75,48.17,72.61,73.14
68.33,68.33,48.74,70.74,76.77
68.01,68.01,46.37,73.05,74.43
67.65,67.65,44.67,71.40,76.03
67.80,67.80,43.53,72.22,76.18
68.08,68.08,44.50,72.66,74.87
67.03,67.03,44.00,71.96,75.74
66.63,66.63,43.42,71.63,77.37
66.89,66.89,47.06,72.00,76.62
65.75,65.75,50.11,73.06,77.35
66.95,66.95,57.51,71.59,78.19
68.12,68.12,72.09,69.55,77.27
68.28,68.28,69.61,69.85,75.49
67.38,67.38,66.44,70.15,77.99
68.21,68.21,59.85,67.07,77.45
69.49,69.49,62.22,70.48,78.58
68.56,68.56,57.58,68.11,79.11
68.34,68.34,54.93,69.94,76.45
68.90,68.90,53.21,71.56,76.05
69.86,69.86,51.32,68.85,77.02
69.52,69.52,52.76,70.90,74.44
69.08,69.08,51.65,72.29,77.79
69.77,69.77,54.45,67.52,76.74
67.81,67.81,53.78,71.72,75.82
67.41,67.41,53.34,72.12,75.31
69.23,69.23,50.63,71.41,73.25
67.63,67.63,48.48,71.57,76.46
65.32,65.32,53.39,69.29,75.27
65.61,65.61,69.56,69.90,74.88
66.74,66.74,59.65,70.66,75.04
69.42,69.42,53.73,69.45,74.35
70.04,70.04,50.05,72.62,75.39
60.88,60.88,51.02,70.98,75.69
68.94,68.94,49.32,68.82,74.77
73.76,73.76,52.02,72.08,76.15
73.52,73.52,56.11,71.26,75.49
73.36,73.36,56.98,73.00,74.56
73.50,73.50,51.93,71.89,74.00
72.54,72.54,49.33,69.87,73.45
72.79,72.79,48.25,72.35,74.91
70.55,70.55,46.02,71.56,77.09
68.19,68.19,44.80,72.50,74.20
68.52,68.52,44.61,71.21,76.53
68.31,68.31,44.82,71.45,73.51
69.58,69.58,45.84,71.47,73.92
70.22,70.22,49.99,72.12,74.61
68.23,68.23,55.28,68.55,75.91
67.47,67.47,51.28,67.41,79.47
65.76,65.76,51.23,71.21,75.63
66.10,66.10,46.60,71.18,77.61
65.65,65.65,45.94,68.55,76.44
66.89,66.89,45.65,69.68,75.90
69.56,69.56,43.79,69.05,76.71
68.23,68.23,43.42,71.41,76.06
65.58,65.58,41.49,72.46,77.24
63.50,63.50,44.42,68.67,79.15
69.97,69.97,49.64,70.84,77.63
71.75,71.75,51.57,72.46,75.93
72.70,72.70,66.35,66.45,76.00
67.85,67.85,72.89,70.72,75.38
66.13,66.13,65.88,68.06,76.45
56.86,56.86,62.16,72.19,77.44
68.77,68.77,59.44,70.96,78.03
74.84,74.84,58.47,70.21,76.11
75.00,75.00,56.74,70.64,75.47
72.64,72.64,55.31,72.45,77.36
70.46,70.46,53.58,70.22,76.20
65.83,65.83,52.34,72.03,76.54
68.95,68.95,52.14,69.24,78.74
68.08,68.08,51.73,72.27,76.31
59.76,59.76,57.07,72.50,78.15
64.70,64.70,55.99,70.81,79.34
66.72,66.72,52.86,69.69,79.50
65.21,65.21,52.72,71.35,78.98
64.47,64.47,56.69,72.97,76.90
61.98,61.98,68.92,69.69,78.27
59.98,59.98,64.35,69.72,76.73
62.60,62.60,60.93,73.44,75.11
56.56,56.56,53.32,70.92,77.63
53.28,53.28,51.30,69.30,76.14
57.07,57.07,61.62,68.79,74.45
56.90,56.90,72.20,66.53,78.58
56.26,56.26,74.65,63.27,77.35
61.29,61.29,69.16,64.20,75.91
51.41,51.41,63.82,71.71,78.22
48.48,48.48,56.31,73.71,75.33
55.02,55.02,59.88,76.22,76.18
56.36,56.36,61.06,75.03,75.92
51.70,51.70,53.86,73.65,76.07
42.69,42.69,56.76,75.04,76.64
51.12,51.12,53.64,74.99,75.66
46.90,46.90,50.40,74.55,76.14
47.42,47.42,54.21,74.97,74.30
53.00,53.00,55.70,73.68,75.94
54.83,54.83,55.70,75.06,73.36
52.15,52.15,53.76,73.92,75.35
56.53,56.53,52.58,73.44,74.50
53.94,53.94,53.88,73.12,74.83
53.42,53.42,49.45,71.70,76.42
43.73,43.73,50.32,68.23,76.57
47.55,47.55,47.64,74.69,76.83
47.33,47.33,46.34,71.76,76.61
45.85,45.85,47.91,69.50,73.40
35.41,35.41,49.33,68.18,76.45
41.26,41.26,50.11,66.80,75.04
40.49,40.49,57.70,73.70,76.01
31.62,31.62,69.28,66.96,74.95
35.90,35.90,66.40,71.65,77.08
42.05,42.05,61.15,74.98,78.35
38.84,38.84,58.47,67.62,75.69
33.23,33.23,57.51,72.82,77.65
36.06,36.06,56.35,74.76,77.34
29.62,29.62,52.56,69.81,75.32
31.68,31.68,51.30,73.74,77.69
25.75,25.75,50.42,73.43,75.32
26.13,26.13,50.55,75.27,74.38
23.34,23.34,48.77,74.96,75.12
20.52,20.52,54.20,72.99,76.72
27.13,27.13,55.27,73.57,76.22
29.83,29.83,52.68,75.55,73.75
26.93,26.93,51.93,74.79,73.71
24.52,24.52,51.35,73.42,73.49
21.83,21.83,61.11,74.06,74.91
20.36,20.36,60.07,73.75,75.41
20.54,20.54,53.35,74.40,76.76
22.26,22.26,52.99,75.76,74.74
21.64,21.64,52.32,74.02,77.34
17.43,17.43,48.30,74.25,74.99
12.30,12.30,49.88,75.50,76.73
8.38,8.38,59.50,74.29,77.02
4.03,4.03,64.87,74.10,78.88
1.76,1.76,62.28,74.08,76.47
3.16,3.16,60.07,73.94,78.69
7.96,7.96,59.28,73.22,77.50
12.71,12.71,58.18,74.76,77.40
13.91,13.91,56.86,74.12,76.45
14.22,14.22,56.60,75.46,74.60
15.64,15.64,53.58,73.91,74.63
15.63,15.63,54.45,73.61,75.50
15.29,15.29,53.89,74.53,75.40
14.79,14.79,53.04,74.00,75.66
13.65,13.65,56.36,74.32,75.81
12.31,12.31,54.81,74.30,76.78
13.34,13.34,52.36,72.08,76.19
14.72,14.72,51.32,73.95,75.98
17.72,17.72,51.36,74.83,76.91
19.48,19.48,49.51,72.80,74.42
20.87,20.87,49.13,73.79,75.03
20.84,20.84,49.00,72.79,77.61
22.13,22.13,49.79,73.92,75.05
19.83,19.83,49.91,72.83,75.47
20.06,20.06,52.08,72.95,77.78
11.00,11.00,57.13,73.72,72.97
10.01,10.01,67.59,73.80,74.26
8.95,8.95,72.71,72.45,74.19
5.76,5.76,64.56,71.86,73.12
5.27,5.27,62.55,73.49,75.23
6.01,6.01,60.69,73.58,74.06
9.25,9.25,59.01,71.94,75.36
11.84,11.84,57.15,73.64,74.45
13.91,13.91,56.75,72.38,75.31
15.71,15.71,54.82,74.17,76.00
17.39,17.39,54.47,73.01,75.20
15.63,15.63,53.92,71.55,76.88
10.86,10.86,54.22,73.51,75.26
13.46,13.46,59.00,73.30,76.61
13.97,13.97,54.34,72.74,76.22
18.05,18.05,53.11,73.04,77.98
20.14,20.14,52.70,72.93,76.92
24.21,24.21,53.59,73.07,75.86
23.58,23.58,67.45,72.89,76.82
25.24,25.24,60.17,73.03,74.31
22.12,22.12,56.28,74.63,76.77
22.44,22.44,51.57,74.54,75.25
22.12,22.12,49.80,73.20,75.00
20.01,20.01,50.30,74.90,78.03
13.04,13.04,51.63,74.11,76.07
8.21,8.21,58.84,74.70,75.34
4.36,4.36,59.00,75.09,76.41
4.06,4.06,56.90,72.70,77.50
4.95,4.95,57.04,73.65,75.82
6.58,6.58,55.02,74.98,77.93
8.42,8.42,54.28,74.14,77.19
12.14,12.14,53.16,73.49,77.82
14.05,14.05,51.76,72.95,76.59
15.41,15.41,52.11,74.51,74.51
14.35,14.35,51.63,73.52,76.29
10.14,10.14,53.49,72.55,76.34
12.73,12.73,54.40,72.73,75.12
12.97,12.97,52.96,73.45,76.75
14.10,14.10,51.51,73.92,75.25
16.94,16.94,50.97,71.93,75.69
19.78,19.78,49.60,71.76,75.74
22.39,22.39,49.31,73.61,77.57
24.13,24.13,47.02,73.99,77.25
23.82,23.82,46.65,73.39,77.56
22.82,22.82,46.70,73.68,77.83
22.95,22.95,46.63,74.21,77.31
16.67,16.67,52.19,73.43,75.92
6.74,6.74,59.45,73.53,76.68
6.30,6.30,69.45,71.76,74.29
1.70,1.70,71.39,71.67,77.43
4.82,4.82,63.51,73.25,76.17
7.11,7.11,63.10,72.66,73.77
7.78,7.78,58.48,74.26,74.81
7.43,7.43,56.32,72.99,73.66
8.78,8.78,55.23,73.28,73.17
13.29,13.29,54.54,71.96,76.72
14.87,14.87,55.04,73.17,74.38
15.06,15.06,53.70,73.72,76.74
15.11,15.11,53.63,74.00,76.57
12.77,12.77,54.02,72.28,79.18
14.30,14.30,57.24,71.46,79.12
14.49,14.49,53.80,73.65,80.37
16.80,16.80,53.49,72.05,79.69
18.76,18.76,55.51,71.07,78.97
20.72,20.72,65.04,70.58,78.12
22.54,22.54,67.71,73.07,78.68
21.49,21.49,59.88,72.57,76.27
19.87,19.87,54.28,71.59,74.91
19.44,19.44,52.71,71.12,75.23
16.31,16.31,49.67,71.88,74.32
11.37,11.37,53.03,72.29,76.29
7.41,7.41,58.54,71.21,76.47
3.07,3.07,60.72,72.94,76.74
4.78,4.78,58.64,73.51,78.28
8.10,8.10,57.25,73.65,77.87
11.04,11.04,56.64,71.89,76.21
15.13,15.13,56.77,71.81,76.00
16.06,16.06,54.93,72.31,74.97
15.73,15.73,54.26,72.98,77.10
15.00,15.00,53.56,72.62,76.99
14.27,14.27,53.94,72.35,74.68
12.66,12.66,52.78,71.00,76.03
15.96,15.96,55.10,72.54,76.38
16.80,16.80,54.56,70.38,75.72
18.99,18.99,52.64,71.12,78.62
19.48,19.48,51.27,70.30,78.95
21.51,21.51,50.60,69.58,79.08
23.15,23.15,48.89,70.56,78.76
22.96,22.96,47.63,71.15,79.26
23.71,23.71,47.17,70.29,77.78
24.68,24.68,46.60,71.11,78.50
25.09,25.09,46.63,70.59,77.60
25.51,25.51,51.21,69.69,78.78
23.31,23.31,52.07,71.04,77.45
21.44,21.44,65.45,70.90,75.89
25.23,25.23,73.82,70.09,76.63
22.63,22.63,68.63,69.42,77.60
24.05,24.05,64.71,68.45,78.39
23.85,23.85,59.18,71.52,75.00
23.18,23.18,56.20,69.71,76.87
24.33,24.33,54.01,73.14,78.72
25.64,25.64,52.70,73.80,77.80
25.12,25.12,50.09,72.46,77.27
28.17,28.17,50.07,71.96,74.94
28.36,28.36,49.89,74.00,79.05
35.45,35.45,50.88,73.09,76.46
44.91,44.91,57.36,66.98,75.90
51.14,51.14,54.98,71.48,75.47
55.29,55.29,53.45,72.78,77.39
52.19,52.19,52.12,71.99,77.69
54.79,54.79,59.77,70.82,74.91
63.62,63.62,59.95,69.41,77.29
60.15,60.15,59.84,71.30,77.38
57.63,57.63,58.72,71.40,76.57
64.37,64.37,55.94,72.54,76.69
61.48,61.48,50.52,71.67,76.78
63.85,63.85,48.03,73.85,75.43
68.36,68.36,50.95,73.18,75.33
72.70,72.70,54.71,72.01,74.99
74.88,74.88,66.96,70.09,74.46
75.40,75.40,80.01,70.13,71.79
69.98,69.98,73.53,69.89,72.03
74.77,74.77,70.18,66.50,73.49
71.26,71.26,67.58,70.16,73.14
70.16,70.16,59.97,68.66,74.06
72.05,72.05,59.12,70.78,74.24
72.27,72.27,54.88,71.69,70.82
72.74,72.74,50.40,70.63,73.81
71.58,71.58,48.88,70.35,72.40
69.24,69.24,50.38,70.80,72.14
62.87,62.87,61.16,67.84,72.79
58.48,58.48,72.82,67.18,73.23
54.78,54.78,79.41,66.33,72.67
58.44,58.44,70.35,65.62,73.46
60.51,60.51,61.85,63.96,72.58
60.58,60.58,61.39,65.17,74.08
62.81,62.81,52.66,66.83,73.88
62.85,62.85,50.42,66.11,74.13
64.85,64.85,56.82,69.77,71.91
66.69,66.69,51.00,70.35,71.99
71.14,71.14,56.43,71.68,72.30
71.46,71.46,55.26,69.86,71.66
70.70,70.70,57.46,72.59,72.73
74.10,74.10,67.31,69.13,70.41
73.53,73.53,74.43,67.77,71.25
72.40,72.40,64.34,67.96,73.95
70.55,70.55,59.51,69.03,72.30
69.69,69.69,56.14,69.85,73.02
72.66,72.66,54.11,70.94,73.99
73.59,73.59,51.67,71.13,75.22
72.05,72.05,49.12,70.30,74.18
71.11,71.11,47.67,70.21,74.77
70.47,70.47,47.04,71.44,72.92
71.51,71.51,48.05,69.94,72.72
68.98,68.98,50.04,67.86,73.98
69.11,69.11,55.68,68.35,78.03
69.74,69.74,52.97,60.95,73.99
71.83,71.83,50.85,66.57,76.34
71.24,71.24,50.17,73.64,77.60
70.84,70.84,52.65,73.64,74.21
73.63,73.63,60.44,70.83,75.83
70.74,70.74,56.36,71.62,75.96
70.81,70.81,52.82,72.47,76.31
71.99,71.99,49.56,70.23,74.90
71.26,71.26,47.74,72.28,78.19
72.09,72.09,48.41,71.59,75.13
71.88,71.88,52.47,71.17,74.40
71.33,71.33,59.19,69.49,74.45
71.66,71.66,57.78,71.20,74.18
69.55,69.55,55.49,72.07,72.97
64.80,64.80,54.61,71.12,72.72
68.68,68.68,53.10,69.41,72.78
72.59,72.59,51.43,70.16,71.11
70.34,70.34,50.19,68.79,74.16
69.57,69.57,49.30,67.57,72.27
69.02,69.02,48.31,68.46,71.21
70.35,70.35,47.67,67.86,72.65
69.09,69.09,48.41,66.50,70.64
68.80,68.80,51.88,69.17,74.13
69.11,69.11,51.06,70.29,73.68
67.51,67.51,49.16,61.76,73.22
66.63,66.63,50.13,70.91,74.88
67.63,67.63,46.98,64.25,70.77
71.13,71.13,45.06,61.27,73.96
66.72,66.72,43.73,65.52,75.06
63.37,63.37,41.81,64.59,73.98
64.66,64.66,42.40,58.80,71.80
60.03,60.03,49.34,60.10,73.94
61.52,61.52,55.78,63.15,72.09
68.53,68.53,60.63,60.36,74.96
69.48,69.48,68.02,64.87,75.11
72.25,72.25,58.95,62.26,76.59
69.83,69.83,57.38,65.62,77.85
70.15,70.15,52.79,72.47,76.39
73.40,73.40,50.68,74.45,77.89
73.55,73.55,48.84,73.43,76.95
71.65,71.65,45.35,73.57,76.44
72.84,72.84,44.95,72.38,76.47
70.88,70.88,43.87,72.79,75.59
67.89,67.89,47.00,73.70,75.68
70.49,70.49,49.27,72.97,76.10
71.68,71.68,50.78,72.07,77.83
70.37,70.37,48.27,71.20,77.54
69.82,69.82,45.86,71.85,77.64
70.20,70.20,44.08,71.72,79.48
70.61,70.61,48.66,71.71,78.56
69.71,69.71,50.64,70.55,79.04
70.72,70.72,55.68,71.32,78.63
71.09,71.09,53.32,72.19,78.81
70.16,70.16,50.37,71.63,80.07
68.64,68.64,48.83,70.75,78.89
68.76,68.76,48.64,70.23,77.35
68.23,68.23,50.49,71.14,74.91
68.44,68.44,54.57,70.47,76.30
67.07,67.07,52.53,71.11,77.02
69.25,69.25,51.01,70.89,79.28
70.97,70.97,49.31,71.09,77.27
71.97,71.97,46.96,71.01,75.64
70.40,70.40,45.60,70.26,76.95
71.74,71.74,45.76,70.14,75.80
71.85,71.85,43.31,71.52,75.03
68.57,68.57,43.47,71.34,75.55
67.46,67.46,44.81,70.94,73.82
68.60,68.60,47.88,70.64,74.65
70.04,70.04,50.89,71.60,73.33
70.25,70.25,47.66,72.24,75.04
68.10,68.10,44.52,70.99,77.37
68.99,68.99,44.19,70.99,75.57
69.38,69.38,44.76,71.20,76.20
73.06,73.06,42.31,70.23,74.76
72.58,72.58,42.22,72.52,74.94
65.48,65.48,41.23,72.33,76.76
60.78,60.78,40.43,70.82,76.93
60.53,60.53,43.85,71.11,77.48
57.87,57.87,50.32,71.40,77.64
59.18,59.18,63.77,71.22,76.46
59.78,59.78,70.80,69.92,75.78
65.86,65.86,63.77,68.76,78.32
72.80,72.80,58.91,68.44,77.15
75.57,75.57,55.65,70.63,77.59
74.25,74.25,52.58,70.55,76.92
73.27,73.27,48.57,68.88,76.94
72.94,72.94,45.97,70.01,77.33
72.97,72.97,44.43,69.23,76.36
73.30,73.30,43.93,70.40,76.36
70.86,70.86,44.30,70.49,74.52
69.27,69.27,47.52,70.20,73.53
70.43,70.43,52.33,70.04,74.47
71.68,71.68,50.05,70.02,72.94
72.38,72.38,45.82,70.19,76.66
73.35,73.35,44.89,65.39,77.68
72.01,72.01,49.11,67.19,77.57
70.43,70.43,48.40,71.16,76.37
72.33,72.33,59.24,70.07,78.40
72.59,72.59,53.28,67.85,76.69
71.06,71.06,51.29,68.79,76.63
72.38,72.38,44.91,68.79,76.68
72.00,72.00,46.83,68.10,76.13
71.66,71.66,52.82,68.88,75.85
71.49,71.49,58.42,67.97,75.31
69.23,69.23,58.80,69.48,74.18
68.88,68.88,56.67,66.55,74.29
68.61,68.61,54.42,67.41,76.90
70.59,70.59,52.74,66.42,79.39
71.52,71.52,49.57,66.53,75.76
70.87,70.87,48.05,67.05,78.49
71.17,71.17,47.84,68.53,75.71
70.07,70.07,45.16,67.96,76.53
72.06,72.06,46.12,66.58,77.33
75.33,75.33,46.52,67.58,78.01
73.68,73.68,50.90,68.13,75.88
65.86,65.86,52.88,68.30,75.70
60.03,60.03,52.04,65.95,75.29
61.22,61.22,47.66,68.92,76.89
57.81,57.81,43.77,68.74,75.86
56.29,56.29,42.25,66.09,76.18
63.62,63.62,40.40,65.57,75.45
67.26,67.26,39.79,64.70,76.36
67.66,67.66,40.97,65.71,74.88
68.36,68.36,40.70,65.75,75.36
70.21,70.21,42.98,67.50,76.30
68.66,68.66,56.86,64.18,74.96
67.35,67.35,63.26,66.66,76.72
65.77,65.77,71.55,65.90,74.97
67.87,67.87,64.11,63.93,76.78
68.06,68.06,58.43,64.16,78.07
63.56,63.56,54.62,64.37,77.78
66.71,66.71,52.80,67.34,75.06
73.04,73.04,50.61,66.57,77.65
71.41,71.41,47.81,64.48,78.72
71.39,71.39,47.31,64.81,78.72
72.17,72.17,47.03,66.70,78.98
73.09,73.09,47.25,66.13,77.27
72.47,72.47,50.65,63.92,78.27
72.37,72.37,53.68,62.65,77.02
72.32,72.32,50.38,63.43,78.28
73.22,73.22,47.57,66.76,77.31
72.77,72.77,49.49,66.13,74.85
70.33,70.33,54.78,63.53,76.28
70.05,70.05,63.95,64.11,76.90
72.39,72.39,65.78,65.59,75.92
72.77,72.77,62.19,63.25,76.68
71.45,71.45,57.74,62.45,73.00
71.88,71.88,54.02,65.55,73.76
73.69,73.69,50.18,65.86,75.66
73.96,73.96,56.44,56.99,73.43
73.83,73.83,71.48,50.87,72.38
70.87,70.87,79.12,53.71,72.45
73.54,73.54,69.46,60.40,74.07
73.20,73.20,65.08,62.27,73.07
72.67,72.67,61.40,61.59,75.93
70.01,70.01,54.31,62.82,73.62
72.02,72.02,59.39,61.60,75.01
70.18,70.18,55.63,66.08,74.29
70.31,70.31,53.30,63.89,74.73
69.89,69.89,56.36,62.08,74.54
72.30,72.30,56.00,63.07,75.89
70.03,70.03,56.75,62.07,74.69
71.60,71.60,56.07,62.32,77.96
72.23,72.23,52.30,67.33,77.64
73.02,73.02,56.32,64.11,77.86
73.06,73.06,51.74,59.84,76.93
71.27,71.27,53.23,60.27,77.79
71.12,71.12,52.39,64.76,79.17
71.58,71.58,46.67,64.57,76.46
73.36,73.36,47.84,59.97,77.00
73.38,73.38,46.60,63.40,78.46
72.50,72.50,46.72,57.63,77.60
71.83,71.83,51.23,65.31,76.80
70.79,70.79,62.73,62.56,75.25
70.92,70.92,74.05,60.88,73.48
71.73,71.73,63.66,61.49,77.17
73.46,73.46,58.63,61.66,72.87
73.93,73.93,56.73,65.00,75.42
74.35,74.35,52.80,65.68,76.31
73.59,73.59,50.52,62.16,75.69
73.54,73.54,48.44,64.29,75.62
74.63,74.63,46.14,65.64,76.13
73.91,73.91,46.28,61.36,75.12
73.10,73.10,46.05,63.12,74.80
73.97,73.97,48.51,61.03,75.27
72.88,72.88,54.03,55.78,77.03
72.70,72.70,51.97,60.14,75.63
72.06,72.06,48.95,58.72,73.07
75.09,75.09,47.54,60.77,73.93
74.38,74.38,46.74,58.68,75.02
72.02,72.02,49.42,57.19,76.14
72.73,72.73,54.74,56.21,75.01
74.64,74.64,53.28,54.37,75.79
72.48,72.48,50.09,55.97,76.18
73.04,73.04,49.06,59.63,76.95
75.27,75.27,54.23,59.59,75.87
75.57,75.57,55.64,60.50,76.09
74.30,74.30,58.59,54.34,75.37
75.20,75.20,58.15,58.08,75.22
73.62,73.62,56.99,58.13,76.01
71.36,71.36,55.78,61.38,76.63
73.56,73.56,54.17,59.48,76.13
73.74,73.74,52.97,61.03,76.09
75.26,75.26,50.32,58.84,75.30
74.28,74.28,50.21,61.73,73.65
74.65,74.65,48.78,60.66,75.50
75.07,75.07,47.59,61.39,74.41
73.83,73.83,48.70,62.04,74.89
72.48,72.48,51.11,62.76,77.34
74.10,74.10,51.03,64.03,75.41
76.00,76.00,49.84,59.89,73.88
76.33,76.33,48.26,61.52,73.94
74.51,74.51,46.89,62.73,74.85
74.15,74.15,44.94,61.71,75.16
75.48,75.48,42.69,60.20,75.47
75.91,75.91,41.81,62.58,73.56
74.33,74.33,40.84,62.32,75.72
76.45,76.45,42.16,62.49,75.94
75.77,75.77,44.64,63.51,75.00
71.65,71.65,54.38,61.99,74.05
73.03,73.03,61.00,56.41,76.56
74.68,74.68,68.20,54.36,76.51
73.71,73.71,68.14,57.85,77.76
75.80,75.80,61.03,60.74,75.63
75.12,75.12,57.28,61.14,78.70
74.51,74.51,54.42,61.75,77.98
73.37,73.37,51.91,58.71,76.60
74.34,74.34,49.23,52.14,77.95
75.67,75.67,47.89,55.53,77.19
75.87,75.87,46.21,54.34,76.54
73.25,73.25,50.29,55.82,76.49
73.96,73.96,55.58,63.28,78.63
73.45,73.45,55.42,62.70,78.26
73.93,73.93,54.55,62.96,76.09
74.39,74.39,52.10,62.58,76.61
72.45,72.45,49.85,62.91,74.48
71.95,71.95,49.80,63.98,76.74
71.31,71.31,51.48,63.28,76.42
73.11,73.11,57.16,63.01,75.83
74.36,74.36,54.56,62.91,75.52
72.40,72.40,51.25,63.78,76.26
73.71,73.71,51.14,64.62,75.82
74.21,74.21,50.99,66.01,74.21
73.82,73.82,53.31,65.10,76.29
71.29,71.29,58.64,61.75,75.64
71.71,71.71,57.20,60.48,79.26
74.03,74.03,55.26,59.89,77.14
74.87,74.87,53.17,63.29,76.22
71.10,71.10,52.23,63.86,77.17
73.15,73.15,51.58,64.44,76.55
73.68,73.68,50.40,63.20,78.51
71.98,71.98,49.46,63.21,77.17
72.08,72.08,46.66,61.53,75.87
71.40,71.40,47.62,63.87,77.98
73.95,73.95,48.17,64.65,77.11
74.18,74.18,52.04,63.91,76.12
73.82,73.82,53.41,60.62,77.38
68.17,68.17,49.77,57.70,76.15
70.65,70.65,46.35,56.67,75.07
71.39,71.39,46.92,55.40,77.14
66.33,66.33,43.83,59.30,76.82
70.54,70.54,43.18,58.59,75.26
68.34,68.34,43.43,59.39,77.90
64.04,64.04,45.13,56.83,74.03
61.22,61.22,50.06,48.30,74.24
64.05,64.05,57.21,46.47,74.46
67.83,67.83,62.56,41.49,73.81
66.73,66.73,67.13,51.72,75.96
66.10,66.10,65.43,62.57,76.86
67.73,67.73,60.23,66.69,74.65
65.55,65.55,59.52,67.07,77.34
60.33,60.33,56.72,66.99,76.03
62.41,62.41,53.49,67.25,75.91
67.03,67.03,52.73,67.37,75.64
67.05,67.05,50.14,66.69,75.30
63.38,63.38,50.99,66.49,75.79
56.72,56.72,49.04,66.63,75.33
57.57,57.57,51.85,65.80,77.66
62.02,62.02,56.28,63.41,75.38
64.55,64.55,55.45,60.71,78.98
61.19,61.19,55.17,61.43,76.95
61.88,61.88,52.30,59.24,78.51
58.15,58.15,51.71,59.26,79.06
59.68,59.68,53.80,57.82,78.31
61.52,61.52,57.18,55.89,78.93
57.02,57.02,65.12,50.68,77.36
55.48,55.48,60.35,52.14,76.86
55.12,55.12,56.43,52.36,79.32
56.41,56.41,56.07,52.26,77.86
53.33,53.33,50.77,54.47,78.06
57.72,57.72,48.75,53.22,76.48
63.74,63.74,57.72,63.86,76.64
64.38,64.38,56.62,69.58,76.78
66.02,66.02,55.27,72.38,77.04
72.68,72.68,52.81,72.71,76.27
72.16,72.16,50.44,69.05,75.63
73.68,73.68,49.60,73.35,76.17
73.50,73.50,48.72,74.57,75.45
72.26,72.26,46.44,72.17,72.33
69.66,69.66,46.15,73.27,75.38
67.38,67.38,44.86,73.73,73.71
69.68,69.68,46.82,72.91,72.39
70.58,70.58,50.09,71.37,75.20
71.11,71.11,53.61,74.10,74.03
73.15,73.15,50.00,71.87,73.60
73.60,73.60,49.11,73.36,73.81
75.04,75.04,45.76,72.48,74.45
70.80,70.80,43.87,72.77,73.22
65.28,65.28,43.11,70.85,72.91
67.94,67.94,43.39,73.53,72.64
69.17,69.17,42.18,72.16,73.59
71.66,71.66,41.54,69.79,74.17
73.78,73.78,39.60,72.31,75.34
70.69,70.69,45.32,70.11,75.65
67.96,67.96,55.12,66.46,75.52
70.24,70.24,67.02,70.33,76.80
70.05,70.05,66.74,71.70,77.89
70.58,70.58,59.09,72.45,76.82
72.00,72.00,57.23,71.45,77.91
72.73,72.73,54.59,71.50,78.53
72.98,72.98,52.47,72.91,78.17
73.86,73.86,49.60,72.12,78.28
75.11,75.11,47.92,71.20,74.49
76.39,76.39,45.74,71.22,74.74
74.52,74.52,45.15,72.44,74.56
73.46,73.46,46.74,72.13,74.50
74.54,74.54,54.23,73.22,74.34
75.57,75.57,53.02,71.15,73.91
74.94,74.94,50.54,70.76,74.73
74.66,74.66,49.69,70.60,75.26
74.27,74.27,49.70,64.82,75.83
75.31,75.31,52.66,71.29,74.92
73.16,73.16,56.93,73.36,74.09
74.17,74.17,54.07,73.56,74.44
74.27,74.27,50.44,70.56,75.44
70.78,70.78,47.23,61.38,77.20
71.76,71.76,45.51,67.57,76.74
70.86,70.86,51.33,68.40,75.20
70.87,70.87,66.13,65.89,75.86
68.09,68.09,74.69,64.92,74.98
71.12,71.12,80.38,65.73,76.44
73.58,73.58,76.03,70.69,73.71
74.61,74.61,67.37,72.60,74.30
74.35,74.35,65.78,74.13,76.27
75.12,75.12,60.15,72.55,75.38
74.55,74.55,58.02,72.22,77.08
71.96,71.96,54.61,73.67,75.49
69.78,69.78,50.33,72.49,75.08
69.53,69.53,49.23,71.27,78.37
68.47,68.47,53.66,72.33,78.37
65.70,65.70,64.94,67.39,76.21
63.18,63.18,77.07,59.70,75.77
64.77,64.77,78.56,49.97,74.51
65.48,65.48,70.42,65.37,77.03
69.23,69.23,59.72,69.10,76.63
71.84,71.84,66.61,69.31,79.72
75.65,75.65,55.74,69.91,78.63
74.81,74.81,52.72,70.67,74.70
73.97,73.97,48.78,69.15,76.30
75.57,75.57,50.96,70.01,75.00
73.42,73.42,50.09,68.63,73.28
72.69,72.69,55.45,67.84,74.79
71.11,71.11,54.80,67.54,78.49
68.34,68.34,70.51,68.32,77.36
70.80,70.80,71.38,66.01,76.48
71.44,71.44,62.12,68.87,78.92
74.07,74.07,58.33,69.66,77.39
75.48,75.48,56.56,70.04,77.48
73.97,73.97,52.38,66.76,78.57
73.76,73.76,53.05,69.29,78.01
71.24,71.24,50.78,69.94,77.11
72.53,72.53,50.04,68.29,78.28
75.03,75.03,48.46,70.39,79.45
74.34,74.34,50.79,67.72,79.83
73.83,73.83,56.58,68.03,78.43
75.26,75.26,54.93,67.97,76.07
76.13,76.13,52.59,69.59,77.16
75.03,75.03,50.86,67.49,78.53
67.85,67.85,49.61,66.69,78.91
68.41,68.41,52.86,67.94,77.58
71.37,71.37,61.77,67.17,77.46
73.33,73.33,55.46,65.52,75.00
75.64,75.64,49.61,66.78,75.49
73.72,73.72,47.56,68.22,73.91
71.35,71.35,49.39,67.42,73.64
70.88,70.88,58.43,66.98,74.03
77.56,77.56,61.94,68.31,72.80
78.20,78.20,59.91,67.52,71.69
77.51,77.51,59.44,68.59,72.93
74.52,74.52,58.10,66.29,74.78
70.82,70.82,57.67,65.86,75.57
66.25,66.25,57.26,66.17,77.53
71.73,71.73,56.36,65.99,77.41
75.58,75.58,54.97,64.96,77.00
75.33,75.33,54.69,66.05,77.63
73.96,73.96,54.37,67.20,76.71
73.00,73.00,54.45,67.34,77.18
69.94,69.94,56.37,68.76,76.78
67.68,67.68,55.49,68.87,77.43
68.25,68.25,52.43,68.78,77.34
69.60,69.60,51.48,68.27,77.43
70.60,70.60,50.65,68.82,76.33
71.65,71.65,48.26,67.88,74.64
74.12,74.12,49.98,67.70,74.40
73.14,73.14,49.69,67.62,75.80
74.09,74.09,48.39,69.59,72.68
76.39,76.39,47.75,69.23,71.35
75.87,75.87,49.13,69.55,74.14
73.52,73.52,56.09,68.71,73.28
71.59,71.59,69.23,63.70,69.27
70.80,70.80,73.00,73.07,74.37
71.94,71.94,64.63,70.93,73.97
71.58,71.58,60.24,73.71,74.50
71.38,71.38,55.63,71.63,75.00
69.24,69.24,52.59,71.80,74.92
71.73,71.73,50.52,71.17,75.06
72.58,72.58,49.22,72.84,75.80
73.04,73.04,49.26,71.05,76.02
75.08,75.08,48.61,71.31,72.60
76.31,76.31,50.91,71.92,75.78
73.18,73.18,55.05,71.85,74.07
69.92,69.92,52.64,69.19,77.37
71.99,71.99,50.54,68.77,74.85
74.39,74.39,48.94,67.73,77.82
73.29,73.29,48.19,68.07,74.41
73.00,73.00,48.19,69.34,75.44
70.95,70.95,58.17,67.03,76.62
71.20,71.20,62.71,67.84,76.23
73.81,73.81,55.21,69.65,77.35
74.85,74.85,49.40,70.05,75.67
75.82,75.82,50.02,69.66,78.05
72.85,72.85,50.83,71.67,76.53
73.82,73.82,56.21,70.72,78.83
74.95,74.95,60.32,70.77,78.15
75.16,75.16,59.09,72.01,77.48
71.62,71.62,57.22,71.88,75.89
70.29,70.29,57.32,69.97,76.81
71.10,71.10,56.40,72.88,78.73
74.39,74.39,54.46,69.99,77.42
71.96,71.96,53.35,66.04,77.99
67.72,67.72,52.74,62.30,78.66
69.63,69.63,52.49,69.65,77.81
74.14,74.14,52.62,64.50,75.76
77.03,77.03,54.65,67.92,73.95
76.37,76.37,53.11,62.83,72.92
73.93,73.93,51.95,67.34,76.94
71.57,71.57,49.99,66.24,77.07
69.97,69.97,48.70,63.94,77.86
70.10,70.10,47.79,64.58,77.98
69.86,69.86,46.48,69.62,76.99
73.01,73.01,47.86,63.16,75.78
74.40,74.40,47.47,64.15,76.43
73.91,73.91,47.41,65.86,74.70
74.28,74.28,45.44,63.34,73.47
72.84,72.84,50.35,65.04,75.01
70.90,70.90,57.73,61.27,75.30
73.00,73.00,69.50,61.38,76.06
72.94,72.94,69.61,60.38,74.82
73.40,73.40,61.79,60.28,74.05
73.72,73.72,58.33,59.67,76.04
75.46,75.46,55.96,60.31,77.27
76.02,76.02,53.70,60.09,76.95
74.31,74.31,51.70,60.01,76.91
71.67,71.67,49.71,61.84,77.74
70.95,70.95,47.70,56.12,79.36
68.74,68.74,48.83,55.05,77.64
71.34,71.34,49.29,57.24,78.03
74.61,74.61,53.49,56.22,76.33
74.47,74.47,53.21,56.37,78.38
73.67,73.67,51.33,56.43,76.21
72.90,72.90,49.88,61.66,79.36
73.60,73.60,48.42,65.47,76.58
76.54,76.54,49.76,64.11,75.92
75.47,75.47,63.98,63.68,78.51
75.14,75.14,63.09,64.80,77.41
73.92,73.92,53.78,64.84,76.58
72.96,72.96,53.98,63.96,76.86
73.18,73.18,49.46,62.82,74.68
73.78,73.78,49.25,64.79,76.89
75.53,75.53,55.30,64.11,78.84
75.76,75.76,58.75,66.34,78.00
76.08,76.08,55.90,70.60,77.00
76.81,76.81,54.73,69.35,77.98
75.36,75.36,53.10,69.76,78.20
74.20,74.20,51.04,71.81,75.68
73.78,73.78,49.99,69.17,75.42
72.46,72.46,49.22,69.77,77.69
75.46,75.46,49.34,70.48,78.16
73.87,73.87,48.59,69.53,75.79
70.46,70.46,47.16,69.43,76.28
70.07,70.07,49.11,70.11,74.74
72.46,72.46,52.63,69.99,76.50
74.59,74.59,52.97,67.88,74.45
72.81,72.81,50.04,68.02,78.26
68.92,68.92,46.71,67.12,76.55
69.67,69.67,45.86,66.54,75.62
74.09,74.09,46.69,66.80,76.15
71.91,71.91,45.26,66.39,77.11
70.34,70.34,45.62,64.70,75.58
71.70,71.70,45.47,66.41,77.98
74.29,74.29,43.67,63.74,78.75
73.68,73.68,47.65,63.27,77.58
76.63,76.63,56.35,62.96,78.87
76.74,76.74,64.24,66.82,76.32
74.24,74.24,71.95,66.08,77.06
70.81,70.81,63.27,67.22,78.34
73.09,73.09,59.04,68.74,78.30
73.95,73.95,56.75,69.25,77.92
73.83,73.83,52.52,69.62,76.80
68.04,68.04,50.01,70.58,78.04
74.38,74.38,48.67,68.62,78.77
75.81,75.81,47.79,69.56,77.47
76.79,76.79,46.69,64.24,77.95
77.99,77.99,48.78,61.68,76.46
77.00,77.00,48.81,54.96,74.03
75.29,75.29,56.49,55.17,78.11
75.42,75.42,54.06,68.81,77.03
71.79,71.79,51.77,62.32,78.21
68.44,68.44,50.95,63.16,75.40
66.76,66.76,59.93,63.02,77.21
71.97,71.97,62.11,62.38,78.53
71.54,71.54,66.57,62.78,76.87
70.98,70.98,59.34,64.83,77.48
73.18,73.18,58.14,63.99,76.12
75.14,75.14,53.67,63.70,77.19
76.23,76.23,55.32,65.26,76.12
74.37,74.37,58.11,65.07,76.47
70.31,70.31,73.38,67.22,75.52
65.81,65.81,77.94,65.17,76.32
69.62,69.62,63.70,60.08,76.82
73.02,73.02,62.55,67.74,76.03
71.58,71.58,58.79,70.64,77.79
67.72,67.72,54.21,73.77,76.20
63.06,63.06,55.45,69.73,76.35
73.25,73.25,53.73,71.19,75.06
74.31,74.31,57.56,70.14,75.31
74.38,74.38,52.74,71.97,74.18
75.46,75.46,49.39,68.52,73.50
74.74,74.74,58.74,71.90,72.96
67.72,67.72,56.55,69.03,75.31
61.94,61.94,51.14,60.76,75.97
58.50,58.50,50.31,69.25,74.93
66.23,66.23,47.77,75.61,76.08
73.94,73.94,46.70,69.69,75.72
75.10,75.10,45.49,67.62,77.10
74.20,74.20,44.39,72.10,76.26
72.62,72.62,43.10,73.68,77.31
67.73,67.73,46.07,74.53,79.18
66.14,66.14,45.92,70.88,78.92
61.31,61.31,50.75,70.45,80.48
62.00,62.00,63.38,66.17,79.54
62.44,62.44,63.94,62.37,80.67
65.71,65.71,59.17,70.81,78.64
58.88,58.88,57.63,71.99,76.33
55.55,55.55,55.95,72.91,77.07
57.35,57.35,52.79,70.98,75.25
61.86,61.86,49.06,72.19,77.67
56.73,56.73,47.59,73.43,78.28
58.75,58.75,47.16,72.84,76.36
56.17,56.17,46.42,73.42,75.03
58.77,58.77,47.89,74.56,72.17
62.36,62.36,50.07,73.70,74.21
58.37,58.37,56.50,73.57,75.37
58.60,58.60,53.07,71.81,80.46
58.28,58.28,52.14,69.66,80.70
61.25,61.25,49.52,71.27,81.70
63.55,63.55,51.75,73.07,79.86
63.98,63.98,55.30,71.90,79.58
57.37,57.37,57.60,71.38,77.46
58.76,58.76,53.98,73.24,76.85
60.75,60.75,52.70,72.01,76.74
62.30,62.30,54.19,72.57,75.60
59.31,59.31,56.37,73.18,76.38
59.72,59.72,63.09,71.83,75.05
56.89,56.89,62.78,71.40,75.73
57.42,57.42,60.56,71.64,76.72
57.17,57.17,57.60,71.17,74.98
56.88,56.88,56.63,70.82,72.81
59.81,59.81,56.45,71.93,73.92
61.93,61.93,54.07,71.17,73.34
61.00,61.00,53.66,71.57,73.99
61.62,61.62,53.41,72.27,74.79
60.25,60.25,53.09,70.83,73.85
58.81,58.81,53.67,68.72,74.51
59.62,59.62,50.94,71.07,76.03
61.14,61.14,51.93,66.99,73.99
59.72,59.72,50.57,69.29,76.30
58.66,58.66,50.03,60.80,76.74
62.43,62.43,48.96,64.56,76.03
57.33,57.33,48.35,62.39,75.95
56.09,56.09,47.41,63.64,76.53
54.16,54.16,48.19,61.95,75.79
55.13,55.13,46.11,65.24,77.12
58.42,58.42,47.24,58.80,75.85
59.02,59.02,47.28,60.10,72.44
59.35,59.35,47.48,58.92,76.84
62.82,62.82,55.65,60.54,74.32
59.89,59.89,64.15,54.98,74.11
58.65,58.65,66.43,57.25,79.34
58.88,58.88,61.15,63.62,80.70
65.51,65.51,57.24,65.13,78.24
64.60,64.60,55.69,62.75,77.46
64.02,64.02,52.87,61.59,75.51
59.71,59.71,52.57,61.38,72.18
61.66,61.66,52.39,63.05,72.65
66.03,66.03,51.64,61.20,71.44
59.89,59.89,49.21,62.37,72.97
66.49,66.49,49.25,63.27,70.90
58.28,58.28,52.12,61.27,71.48
65.19,65.19,52.89,61.45,73.44
57.52,57.52,50.73,60.42,76.28
56.88,56.88,50.08,62.98,74.50
55.05,55.05,49.78,62.60,73.96
56.59,56.59,49.15,63.81,74.82
63.90,63.90,52.70,61.30,73.77
62.52,62.52,54.63,62.37,75.91
62.14,62.14,53.85,57.50,74.41
65.53,65.53,53.45,65.09,75.90
66.03,66.03,50.45,68.85,76.62
61.16,61.16,49.62,66.13,73.32
57.23,57.23,52.50,66.35,75.89
57.13,57.13,60.80,68.20,76.99
58.58,58.58,59.58,63.75,75.86
58.65,58.65,58.97,55.64,75.56
64.05,64.05,57.39,60.01,75.55
61.97,61.97,55.38,56.87,76.06
64.84,64.84,55.31,61.64,75.86
58.92,58.92,54.42,59.00,76.22
62.25,62.25,54.55,59.43,76.85
59.30,59.30,54.52,59.79,75.62
58.49,58.49,54.72,57.71,75.40
54.63,54.63,53.31,57.56,73.67
58.47,58.47,55.01,61.30,77.12
60.49,60.49,52.94,63.92,79.04
60.41,60.41,52.10,60.60,77.76
59.64,59.64,49.68,61.17,75.36
52.75,52.75,48.22,58.57,76.58
50.90,50.90,48.52,62.39,76.93
60.38,60.38,47.69,59.01,75.30
53.08,53.08,47.20,61.30,76.14
59.58,59.58,46.75,57.02,77.33
59.29,59.29,46.18,63.07,77.21
61.06,61.06,45.63,59.51,77.94
60.92,60.92,53.26,64.61,75.12
59.60,59.60,63.78,59.07,76.84
52.24,52.24,70.32,63.22,78.80
55.97,55.97,66.27,62.26,74.78
53.71,53.71,63.75,64.75,78.27
59.25,59.25,60.15,62.07,72.54
50.85,50.85,59.06,64.20,75.91
53.43,53.43,57.54,63.30,75.91
50.24,50.24,55.80,65.17,74.99
49.68,49.68,55.10,63.46,74.94
57.60,57.60,54.05,68.19,74.65
53.97,53.97,53.10,62.72,75.19
55.34,55.34,52.23,63.20,76.20
54.96,54.96,54.26,67.62,77.36
56.54,56.54,53.47,68.48,74.79
56.60,56.60,50.20,71.14,75.03
59.03,59.03,51.18,71.05,73.75
56.68,56.68,54.04,70.47,72.70
60.60,60.60,60.63,70.17,74.96
55.90,55.90,70.95,71.34,74.21
57.05,57.05,69.53,68.64,72.69
55.62,55.62,62.45,70.09,70.50
56.32,56.32,58.90,69.28,74.13
54.73,54.73,52.92,71.17,73.67
57.34,57.34,51.73,68.05,74.19
57.16,57.16,56.13,72.81,74.48
58.26,58.26,63.93,69.67,75.60
58.12,58.12,61.24,68.47,74.91
62.41,62.41,57.09,66.07,75.38
66.43,66.43,56.48,67.84,75.32
68.77,68.77,54.92,66.95,74.06
71.31,71.31,54.57,70.02,73.09
68.74,68.74,53.82,67.70,71.21
68.47,68.47,53.89,68.26,73.25
69.20,69.20,52.44,67.37,69.79
69.95,69.95,52.74,68.51,70.13
70.55,70.55,53.88,66.35,73.67
71.45,71.45,57.98,68.50,72.89
70.84,70.84,55.47,69.66,75.79
66.09,66.09,53.19,69.49,76.45
60.16,60.16,49.80,70.98,75.62
60.10,60.10,46.19,71.59,75.02
62.22,62.22,44.87,70.45,77.87
62.88,62.88,44.22,71.22,77.79
62.86,62.86,44.05,73.13,75.31
61.09,61.09,44.89,71.06,74.79
59.74,59.74,43.97,73.41,76.30
70.74,70.74,46.21,61.93,77.48
71.97,71.97,52.14,64.18,77.06
71.35,71.35,68.94,66.42,75.80
70.48,70.48,72.16,68.11,79.27
70.81,70.81,66.92,70.46,75.36
70.84,70.84,60.97,71.73,76.55
72.56,72.56,58.21,70.83,72.86
72.51,72.51,54.61,70.73,74.47
70.76,70.76,53.63,71.59,75.83
72.25,72.25,52.04,70.10,73.13
72.30,72.30,50.63,69.65,75.92
73.88,73.88,49.05,59.58,72.36
72.82,72.82,49.82,65.42,74.68
74.39,74.39,53.53,56.79,74.79
75.08,75.08,53.33,67.56,73.12
74.84,74.84,52.13,53.91,71.85
73.82,73.82,50.48,63.88,73.86
71.58,71.58,51.12,56.89,73.85
71.69,71.69,52.83,63.31,76.06
72.45,72.45,59.16,58.85,73.65
72.49,72.49,55.46,64.11,77.71
72.22,72.22,53.02,57.08,75.30
73.18,73.18,51.60,63.85,72.31
72.76,72.76,49.82,58.64,75.10
73.31,73.31,50.26,59.64,72.30
72.85,72.85,58.98,62.12,72.35
72.46,72.46,75.33,65.76,76.74
70.65,70.65,79.34,64.02,75.51
70.59,70.59,73.69,68.86,76.59
69.68,69.68,68.39,68.94,77.92
70.44,70.44,66.59,68.64,77.98
72.49,72.49,60.63,68.70,76.45
72.50,72.50,60.13,69.00,74.71
71.03,71.03,57.57,71.03,73.25
71.32,71.32,56.56,70.40,73.04
71.71,71.71,54.98,70.09,74.69
73.12,73.12,58.16,69.78,73.34
73.02,73.02,65.88,65.20,73.23
71.33,71.33,77.39,58.89,72.47
71.83,71.83,80.33,60.32,73.46
72.26,72.26,66.36,58.13,72.57
72.24,72.24,64.92,64.27,73.90
70.47,70.47,58.17,64.96,73.70
69.70,69.70,56.38,62.31,75.25
69.48,69.48,57.45,62.53,76.66
66.08,66.08,53.54,64.22,75.78
67.90,67.90,54.23,63.67,74.20
67.90,67.90,52.08,62.91,73.57
66.89,66.89,54.89,63.15,76.11
64.65,64.65,63.70,61.31,77.64
61.04,61.04,67.70,59.20,79.27
54.36,54.36,69.86,71.48,78.32
56.99,56.99,61.39,74.14,78.90
59.27,59.27,57.75,72.19,79.45
64.99,64.99,55.20,70.95,78.48
67.13,67.13,50.82,69.88,76.11
66.22,66.22,47.88,72.32,75.40
65.08,65.08,47.58,69.85,75.76
64.55,64.55,48.79,70.30,74.59
63.21,63.21,52.06,68.36,73.16
68.72,68.72,50.17,69.34,75.25
70.93,70.93,51.26,69.14,77.59
68.31,68.31,53.48,69.14,76.06
71.17,71.17,52.62,70.18,76.87
71.59,71.59,50.42,68.18,77.93
71.70,71.70,51.95,69.08,76.50
70.14,70.14,58.11,65.88,79.05
71.11,71.11,60.64,64.65,78.46
71.15,71.15,62.64,65.40,78.09
71.33,71.33,58.47,63.73,79.35
71.82,71.82,51.80,66.15,76.29
71.41,71.41,51.17,65.56,80.25
70.73,70.73,53.27,64.13,77.01
69.86,69.86,59.62,60.78,76.38
69.61,69.61,62.78,63.17,79.24
70.52,70.52,60.27,65.73,75.99
70.94,70.94,60.15,62.20,77.19
70.04,70.04,59.08,63.94,77.02
70.04,70.04,57.65,62.93,75.58
69.83,69.83,56.67,60.93,76.38
71.29,71.29,55.84,64.56,76.89
70.29,70.29,53.92,62.75,75.74
69.12,69.12,52.14,63.44,76.31
67.62,67.62,52.24,60.22,76.18
68.86,68.86,54.57,57.25,75.84
71.62,71.62,55.61,63.12,74.32
72.65,72.65,56.39,61.23,74.68
71.18,71.18,52.32,61.50,73.50
69.11,69.11,50.20,61.74,75.07
69.88,69.88,48.77,60.02,76.20
70.62,70.62,50.03,61.10,74.85
69.61,69.61,47.85,60.59,78.79
68.32,68.32,46.59,62.56,77.44
66.90,66.90,46.64,59.96,78.13
68.93,68.93,48.47,60.08,78.89
69.22,69.22,56.60,60.34,77.70
68.67,68.67,62.63,59.20,78.49
64.37,64.37,68.48,54.35,75.72
62.78,62.78,67.11,55.52,75.72
66.24,66.24,62.23,59.84,78.24
68.45,68.45,59.20,60.83,72.71
67.48,67.48,58.13,56.62,76.14
69.41,69.41,55.37,60.66,78.06
69.07,69.07,52.51,60.47,74.39
65.36,65.36,52.95,63.41,75.63
65.00,65.00,52.20,61.65,76.67
62.25,62.25,50.92,58.53,73.66
63.02,63.02,52.89,60.81,76.99
67.36,67.36,52.73,56.69,74.16
65.52,65.52,53.90,57.77,77.72
65.18,65.18,53.60,56.38,75.54
64.99,64.99,51.98,54.20,74.53
64.01,64.01,56.52,55.73,74.99
67.24,67.24,57.81,54.09,74.61
66.24,66.24,62.27,52.87,75.88
62.63,62.63,57.61,57.24,78.40
63.61,63.61,53.07,55.28,77.63
64.71,64.71,51.96,53.63,78.91
58.37,58.37,54.81,54.90,79.19
63.87,63.87,59.08,56.86,78.90
56.72,56.72,62.90,53.86,78.02
53.43,53.43,61.68,51.10,75.11
54.05,54.05,60.94,57.45,73.68
53.46,53.46,59.62,57.94,79.14
59.09,59.09,58.55,57.03,73.58
64.00,64.00,57.52,57.34,77.74
66.71,66.71,57.33,56.26,75.05
61.06,61.06,55.22,56.75,77.75
57.69,57.69,54.78,56.69,79.00
53.82,53.82,55.15,55.25,71.99
57.66,57.66,56.13,59.09,80.59
53.10,53.10,56.70,55.96,77.01
50.65,50.65,57.67,53.28,77.32
54.65,54.65,56.98,56.97,80.24
53.17,53.17,51.98,60.52,73.77
53.64,53.64,51.21,49.09,78.39
56.10,56.10,52.83,57.37,78.00
53.54,53.54,52.79,47.69,76.30
52.23,52.23,54.85,53.06,79.02
49.92,49.92,55.13,54.15,74.81
52.02,52.02,55.12,54.62,78.09
54.13,54.13,57.32,49.46,74.50
50.17,50.17,62.20,51.78,74.29
50.91,50.91,67.72,52.23,76.55
47.62,47.62,69.48,56.92,74.94
45.42,45.42,60.86,48.41,77.84
46.13,46.13,59.14,47.42,77.70
42.76,42.76,55.36,53.03,73.71
45.01,45.01,51.97,46.53,75.20
42.49,42.49,50.24,47.79,73.15
42.31,42.31,47.59,49.40,74.10
43.76,43.76,50.30,51.50,76.72
45.63,45.63,49.73,46.01,76.40
44.12,44.12,48.60,45.34,77.30
41.25,41.25,53.70,44.02,78.55
40.02,40.02,53.40,50.45,78.68
36.48,36.48,52.83,46.59,77.72
40.34,40.34,52.04,55.43,75.20
39.13,39.13,50.39,48.84,75.68
39.04,39.04,57.49,46.26,75.42
39.83,39.83,68.52,49.92,75.60
39.08,39.08,63.96,46.54,75.93
40.44,40.44,59.08,54.52,73.98
41.81,41.81,57.70,54.05,73.06
39.77,39.77,53.34,49.95,75.96
32.62,32.62,50.02,51.50,73.29
31.98,31.98,55.37,54.73,75.17
35.02,35.02,56.82,49.61,75.19
38.38,38.38,56.42,52.27,75.37
34.70,34.70,54.39,48.69,76.06
36.25,36.25,53.33,52.68,77.58
34.04,34.04,52.64,56.30,79.70
34.09,34.09,50.32,55.30,80.57
36.52,36.52,51.76,52.06,81.43
38.90,38.90,50.60,50.37,81.25
39.17,39.17,48.51,50.79,80.12
33.01,33.01,49.91,44.22,80.91
31.94,31.94,50.47,49.36,79.94
38.30,38.30,55.14,52.98,80.65
39.65,39.65,55.01,50.82,77.75
31.37,31.37,51.13,48.21,77.44
28.01,28.01,47.99,48.48,77.25
29.56,29.56,47.73,51.98,73.66
31.06,31.06,47.27,49.56,78.09
30.85,30.85,46.02,56.12,76.52
33.78,33.78,45.60,55.42,75.24
35.48,35.48,43.94,49.63,77.88
30.58,30.58,45.57,56.10,76.44
26.48,26.48,50.55,56.21,77.29
26.02,26.02,62.67,47.61,76.33
28.10,28.10,69.42,46.87,73.80
23.70,23.70,71.46,44.25,77.23
25.64,25.64,68.74,43.92,78.21
25.53,25.53,60.83,54.02,75.71
30.89,30.89,56.29,49.92,77.76
26.31,26.31,52.25,57.59,78.47
30.50,30.50,50.05,50.29,77.74
32.01,32.01,49.93,49.47,78.12
25.26,25.26,47.39,54.52,76.85
28.17,28.17,45.32,44.70,76.62
26.99,26.99,45.85,41.55,77.39
29.64,29.64,49.55,41.75,74.77
25.56,25.56,58.15,45.17,77.10
28.83,28.83,54.50,52.34,76.60
30.25,30.25,51.73,63.64,74.83
25.09,25.09,51.28,67.41,75.66
23.10,23.10,59.85,65.24,74.07
24.65,24.65,68.41,62.15,76.81
25.33,25.33,60.77,65.53,75.50
25.51,25.51,57.73,65.52,75.73
25.29,25.29,52.44,65.36,78.12
23.40,23.40,50.35,64.15,76.76
19.39,19.39,51.15,63.74,78.21
18.35,18.35,68.59,63.06,76.95
20.49,20.49,79.05,52.25,75.39
18.77,18.77,69.07,56.80,76.98
19.56,19.56,62.35,66.96,75.54
20.57,20.57,62.16,71.61,74.85
22.16,22.16,61.01,70.14,75.73
21.47,21.47,59.04,66.52,74.67
23.84,23.84,56.81,69.34,76.74
32.66,32.66,55.79,68.13,78.48
32.17,32.17,55.35,67.60,76.14
27.07,27.07,53.36,66.01,76.99
26.14,26.14,54.37,66.87,75.53
25.07,25.07,56.95,65.72,76.96
22.31,22.31,56.08,61.82,73.23
18.28,18.28,54.49,59.08,80.51
19.07,19.07,52.62,69.63,79.74
20.51,20.51,51.06,71.87,78.54
20.67,20.67,48.62,70.62,79.24
20.89,20.89,48.38,71.58,80.31
22.40,22.40,48.52,69.74,80.65
23.00,23.00,46.81,70.59,79.32
21.59,21.59,46.58,69.38,79.18
18.63,18.63,48.12,69.87,77.01
14.64,14.64,57.43,69.23,77.85
11.75,11.75,66.72,70.75,78.76
6.76,6.76,69.71,68.50,75.12
9.10,9.10,66.06,67.12,77.40
12.69,12.69,59.60,68.69,75.07
14.33,14.33,57.61,65.89,78.58
15.55,15.55,53.50,68.77,74.59
20.94,20.94,51.96,65.95,77.33
22.12,22.12,49.67,68.88,76.21
22.45,22.45,47.75,66.42,76.99
23.18,23.18,46.59,65.82,78.33
21.40,21.40,46.86,66.14,75.07
17.18,17.18,48.06,64.44,79.36
17.54,17.54,55.55,66.14,77.71
15.08,15.08,50.85,60.69,76.03
18.15,18.15,50.79,64.53,77.34
17.75,17.75,49.04,59.65,75.74
18.88,18.88,54.22,62.74,76.28
22.53,22.53,57.40,62.11,78.43
20.04,20.04,61.50,62.00,76.14
21.00,21.00,58.30,64.54,76.52
22.57,22.57,51.80,61.37,76.42
19.87,19.87,48.44,61.83,75.72
17.14,17.14,48.31,61.54,76.77
12.82,12.82,56.30,65.59,75.15
14.02,14.02,60.74,61.65,74.84
12.96,12.96,57.94,63.78,77.44
14.85,14.85,56.62,61.17,78.47
16.26,16.26,54.70,62.20,73.84
15.35,15.35,53.86,60.85,76.88
15.35,15.35,52.76,62.21,75.88
16.74,16.74,51.44,60.61,75.30
18.48,18.48,51.51,58.81,76.71
17.35,17.35,50.49,59.90,75.34
13.35,13.35,50.18,58.25,77.52
11.18,11.18,53.68,61.32,75.58
11.75,11.75,53.28,59.79,74.74
15.52,15.52,50.70,59.64,78.63
19.64,19.64,50.42,60.20,77.48
19.90,19.90,47.60,57.75,76.29
21.94,21.94,47.62,57.29,76.62
23.47,23.47,46.30,62.98,75.61
24.61,24.61,45.74,59.03,74.29
23.61,23.61,44.72,59.20,77.00
24.50,24.50,43.57,62.47,76.93
24.16,24.16,43.31,59.52,74.69
22.35,22.35,48.11,55.82,74.90
15.35,15.35,58.16,57.46,75.33
11.67,11.67,64.45,54.35,75.44
6.88,6.88,69.88,53.95,74.54
7.58,7.58,65.36,59.00,76.24
12.13,12.13,60.52,62.70,75.66
12.51,12.51,60.68,58.00,76.70
13.06,13.06,55.85,61.32,78.33
17.84,17.84,55.30,56.55,76.30
20.16,20.16,53.05,60.35,78.76
22.06,22.06,51.76,62.51,78.77
20.86,20.86,52.10,58.36,78.93
17.88,17.88,53.78,55.98,79.42
13.29,13.29,51.62,55.33,80.66
17.09,17.09,55.75,59.57,78.65
19.72,19.72,53.17,59.79,80.50
21.77,21.77,51.80,59.81,79.70
21.97,21.97,50.62,56.23,78.13
21.46,21.46,50.74,53.94,80.22
15.93,15.93,56.24,54.77,78.06
16.67,16.67,61.13,60.61,80.10
17.88,17.88,58.72,60.75,80.37
21.71,21.71,57.28,56.49,76.44
20.57,20.57,52.14,53.92,80.08
15.85,15.85,53.18,55.00,77.81
6.53,6.53,54.99,55.53,76.31
4.18,4.18,61.98,59.55,77.20
4.17,4.17,60.67,54.19,75.01
4.26,4.26,59.57,54.71,77.13
6.74,6.74,59.73,60.19,75.99
10.32,10.32,59.55,56.02,75.23
16.09,16.09,58.51,55.86,78.45
22.60,22.60,58.42,56.81,73.12
24.09,24.09,55.78,52.97,76.90
23.84,23.84,54.40,52.92,75.15
24.32,24.32,55.14,49.38,74.07
22.51,22.51,57.17,58.97,76.90
23.24,23.24,59.39,55.62,73.62
24.32,24.32,57.78,53.17,74.80
23.11,23.11,54.06,51.18,79.03
21.70,21.70,53.41,52.17,76.51
21.95,21.95,53.18,54.57,75.98
22.02,22.02,52.80,57.23,76.25
24.01,24.01,52.60,60.41,75.10
23.94,23.94,51.95,49.77,75.23
24.43,24.43,51.40,54.99,72.96
26.81,26.81,51.78,53.77,73.90
25.67,25.67,51.76,55.23,72.95
21.33,21.33,53.53,53.58,72.27
16.38,16.38,56.94,49.79,72.13
15.34,15.34,63.58,50.75,74.16
11.68,11.68,66.70,54.19,75.01
10.66,10.66,63.47,56.60,74.31
13.22,13.22,60.76,57.00,74.13
16.22,16.22,60.07,52.90,73.84
15.47,15.47,57.84,54.66,74.18
17.51,17.51,57.42,52.67,75.27
17.02,17.02,55.43,45.33,74.66
16.64,16.64,54.72,56.40,74.00
16.16,16.16,54.97,49.93,74.65
16.06,16.06,57.26,46.57,73.27
16.81,16.81,56.21,58.22,72.91
17.83,17.83,57.59,55.96,74.25
18.83,18.83,55.81,52.75,74.99
20.40,20.40,54.31,58.46,77.51
22.02,22.02,54.09,53.38,77.13
23.05,23.05,58.65,59.28,75.69
23.49,23.49,64.13,55.98,76.80
23.24,23.24,65.03,48.56,76.93
22.66,22.66,58.60,49.49,75.43
24.26,24.26,55.69,49.35,76.04
20.68,20.68,53.11,54.72,76.27
17.46,17.46,56.08,55.66,76.24
20.75,20.75,58.29,51.26,77.06
20.38,20.38,62.82,60.97,73.41
15.65,15.65,63.18,49.34,77.71
13.12,13.12,63.16,57.37,77.28
11.70,11.70,61.50,53.33,76.43
15.25,15.25,60.32,53.96,76.83
17.74,17.74,60.11,53.16,76.73
19.94,19.94,59.96,49.26,75.66
25.30,25.30,60.24,54.89,75.89
26.75,26.75,57.82,49.95,75.74
36.74,36.74,58.14,53.11,75.12
46.52,46.52,57.02,49.71,78.09
58.07,58.07,58.45,51.60,74.81
62.01,62.01,57.10,53.57,76.82
66.78,66.78,55.47,54.87,78.71
71.18,71.18,55.23,48.51,72.17
68.50,68.50,54.65,46.61,80.53
69.80,69.80,54.14,56.36,75.48
71.96,71.96,54.76,48.08,74.06
68.42,68.42,53.68,58.34,78.05
66.20,66.20,52.92,51.34,72.72
55.49,55.49,52.18,59.27,74.11
51.49,51.49,53.04,55.23,73.58
48.49,48.49,57.97,52.56,75.45
57.36,57.36,63.73,53.45,79.11
65.87,65.87,66.54,45.36,74.51
70.62,70.62,65.34,54.75,77.40
69.22,69.22,61.73,59.36,79.16
70.84,70.84,59.70,57.71,72.13
69.24,69.24,57.73,54.25,79.03
70.50,70.50,56.54,55.96,77.10
71.33,71.33,56.61,55.90,73.15
71.76,71.76,55.65,51.59,78.54
69.82,69.82,55.19,62.15,78.08
70.42,70.42,54.91,50.37,74.59
70.15,70.15,54.00,49.71,79.89
67.34,67.34,56.11,55.14,76.26
69.62,69.62,54.18,57.46,75.27
72.56,72.56,53.01,59.43,74.88
71.64,71.64,52.30,60.71,72.77
70.47,70.47,50.32,60.23,72.38
70.52,70.52,48.99,53.55,68.35
72.67,72.67,47.38,57.04,70.75
70.73,70.73,44.44,57.01,69.69
71.00,71.00,40.53,60.52,70.76
72.79,72.79,39.16,44.88,71.36
72.31,72.31,38.96,52.22,68.85
72.21,72.21,40.31,51.28,70.54
71.49,71.49,35.61,56.20,69.64
71.78,71.78,34.68,59.19,67.81
70.70,70.70,35.79,57.17,72.27
70.28,70.28,35.15,57.71,72.36
69.74,69.74,33.98,56.36,71.84
66.22,66.22,35.29,57.91,72.30
69.73,69.73,36.26,53.53,71.40
70.41,70.41,39.22,56.71,73.52
69.38,69.38,37.82,53.80,72.78
69.62,69.62,36.20,57.45,72.02
69.53,69.53,34.59,56.01,72.33
69.68,69.68,34.59,52.99,73.52
69.63,69.63,32.09,52.89,73.24
69.33,69.33,30.64,55.22,73.19
69.08,69.08,30.31,51.42,74.30
68.38,68.38,30.94,55.57,75.14
70.03,70.03,27.93,56.08,74.96
70.52,70.52,27.28,52.63,73.66
70.34,70.34,28.47,55.56,72.24
71.15,71.15,26.07,54.58,73.99
71.70,71.70,24.86,49.11,72.88
72.11,72.11,26.47,57.46,73.17
71.12,71.12,26.83,53.39,72.17
72.13,72.13,28.54,56.03,71.60
72.33,72.33,32.20,58.89,72.91
74.59,74.59,36.00,60.88,66.83
74.15,74.15,35.16,56.36,70.49
73.23,73.23,32.46,58.81,70.16
72.80,72.80,31.72,58.11,68.90
72.80,72.80,31.03,58.83,71.01
73.94,73.94,31.11,57.48,70.17
73.75,73.75,30.93,55.81,70.21
73.55,73.55,32.89,57.77,71.82
74.19,74.19,34.56,58.45,70.73
73.65,73.65,35.70,59.02,70.42
73.31,73.31,35.79,58.66,70.48
73.32,73.32,35.92,59.80,71.52
72.84,72.84,34.97,63.78,71.57
73.26,73.26,33.14,58.58,73.47
71.28,71.28,30.87,57.89,73.02
66.74,66.74,28.28,59.57,72.55
68.41,68.41,29.90,58.52,72.43
69.99,69.99,31.35,58.90,72.19
69.39,69.39,31.07,54.28,70.38
72.84,72.84,28.89,58.63,71.31
75.36,75.36,30.78,59.07,66.49
73.32,73.32,29.82,60.94,68.96
68.87,68.87,27.82,58.19,71.66
66.98,66.98,28.40,57.00,72.03
67.87,67.87,28.87,56.06,71.32
68.27,68.27,26.63,56.14,70.38
69.16,69.16,25.99,56.25,68.08
71.43,71.43,27.69,57.48,69.36
76.10,76.10,27.96,55.67,70.38
72.81,72.81,26.20,53.46,70.83
72.26,72.26,27.03,51.58,71.72
74.32,74.32,25.92,58.24,69.73
73.94,73.94,28.41,57.63,72.48
74.49,74.49,29.09,51.87,73.44
73.96,73.96,27.18,55.20,73.73
74.33,74.33,25.31,50.37,73.18
73.31,73.31,24.67,57.29,72.33
74.12,74.12,24.48,63.12,72.12
73.43,73.43,25.36,64.31,69.91
73.84,73.84,25.42,64.20,71.62
74.57,74.57,24.29,63.43,68.93
74.04,74.04,26.66,63.70,71.28
74.27,74.27,25.19,63.47,68.97
73.66,73.66,23.60,63.81,70.03
72.81,72.81,26.39,64.98,73.58
70.52,70.52,24.98,64.00,70.14
70.51,70.51,25.71,64.69,71.50
69.47,69.47,27.70,62.25,71.06
69.98,69.98,26.31,63.97,69.58
71.95,71.95,25.65,63.04,70.15
73.26,73.26,23.40,64.32,68.05
73.15,73.15,22.16,62.69,66.15
72.66,72.66,23.45,63.19,68.89
72.13,72.13,22.16,62.43,64.21
73.02,73.02,21.88,62.37,69.42
72.89,72.89,21.06,62.74,68.63
73.20,73.20,23.21,62.29,67.36
73.36,73.36,20.56,61.70,72.09
73.18,73.18,19.30,63.25,69.78
72.57,72.57,19.74,62.20,70.16
72.60,72.60,19.99,62.53,70.99
72.75,72.75,20.01,63.60,70.01
72.76,72.76,20.40,62.81,66.27
72.86,72.86,19.74,63.21,67.92
73.46,73.46,25.70,63.03,70.07
73.87,73.87,22.37,62.15,71.09
75.25,75.25,26.86,59.73,67.50
75.31,75.31,24.17,54.33,68.99
74.77,74.77,26.06,51.30,71.88
73.88,73.88,25.81,55.30,71.45
73.80,73.80,25.08,64.14,69.64
72.35,72.35,23.69,61.72,69.85
70.63,70.63,21.97,61.41,71.59
69.13,69.13,22.43,62.84,69.93
69.27,69.27,24.61,61.61,68.13
68.78,68.78,23.66,61.78,69.13
70.01,70.01,26.43,61.39,70.74
69.24,69.24,19.29,60.92,69.35
65.06,65.06,21.35,60.68,69.34
66.75,66.75,24.70,61.88,70.17
66.47,66.47,26.14,61.06,68.86
67.85,67.85,23.99,60.84,70.28
66.74,66.74,21.85,57.20,70.12
65.26,65.26,20.93,59.09,71.75
66.36,66.36,23.22,60.39,66.21
65.53,65.53,21.77,60.36,71.99
66.17,66.17,21.62,59.16,71.66
66.33,66.33,21.69,59.08,65.86
67.74,67.74,19.30,58.76,69.43
67.55,67.55,19.71,58.26,71.08
67.65,67.65,24.50,59.27,65.41
66.03,66.03,25.85,58.26,69.41
66.97,66.97,23.20,59.66,70.15
66.69,66.69,21.52,58.35,70.46
66.58,66.58,21.06,59.54,73.15
66.71,66.71,17.95,56.77,69.92
65.92,65.92,20.46,58.14,70.69
65.98,65.98,19.65,56.94,71.27
65.86,65.86,20.09,56.97,68.12
66.66,66.66,23.54,54.38,70.36
66.62,66.62,21.07,55.37,71.14
66.70,66.70,23.93,56.42,67.45
66.85,66.85,28.33,56.78,68.72
64.90,64.90,29.95,58.46,68.96
63.69,63.69,26.36,49.73,70.56
65.22,65.22,21.77,62.67,72.91
65.53,65.53,19.96,60.85,69.53
66.08,66.08,19.97,61.98,71.20
64.43,64.43,18.96,61.98,72.05
65.56,65.56,19.08,61.34,72.60
64.86,64.86,19.18,61.85,69.57
63.05,63.05,20.69,62.30,71.11
62.53,62.53,17.85,61.43,70.72
61.57,61.57,22.16,61.57,71.58
60.40,60.40,21.30,59.38,69.22
61.01,61.01,30.56,58.99,71.82
59.74,59.74,28.27,60.24,69.99
58.67,58.67,20.21,61.34,68.62
58.96,58.96,20.96,60.04,69.95
58.17,58.17,19.86,59.83,68.31
57.02,57.02,22.48,58.77,70.89
56.03,56.03,24.52,58.79,71.84
54.27,54.27,27.82,60.11,70.19
51.92,51.92,29.17,58.82,72.16
48.51,48.51,21.39,59.18,70.68
46.77,46.77,23.54,57.82,71.09
39.35,39.35,26.29,56.83,71.92
30.68,30.68,30.82,57.07,72.60
26.43,26.43,30.47,56.52,72.31
30.71,30.71,30.09,56.37,72.91
33.46,33.46,32.86,57.66,70.13
33.84,33.84,33.51,57.00,69.51
33.92,33.92,33.46,57.22,71.43
33.54,33.54,33.96,57.20,70.50
34.51,34.51,33.78,56.60,70.68
37.90,37.90,37.02,55.60,69.28
35.69,35.69,36.96,48.64,69.92
36.02,36.02,36.42,52.23,70.50
37.01,37.01,31.40,54.81,70.67
31.95,31.95,29.15,61.88,72.43
29.32,29.32,27.24,59.52,69.39
27.55,27.55,24.56,60.01,71.23
26.98,26.98,24.49,62.15,69.75
27.00,27.00,24.26,61.04,68.41
28.60,28.60,23.00,61.65,69.05
26.04,26.04,24.83,60.76,70.05
24.82,24.82,23.80,60.10,68.63
24.49,24.49,22.83,60.30,66.19
21.13,21.13,21.30,61.45,69.65
20.59,20.59,31.43,60.94,69.20
17.11,17.11,38.93,61.29,72.18
17.25,17.25,37.71,58.66,74.17
19.16,19.16,29.77,59.14,73.24
18.69,18.69,19.22,60.02,70.61
20.23,20.23,19.84,59.43,70.98
22.62,22.62,21.51,59.06,70.67
23.43,23.43,23.47,59.64,68.50
22.18,22.18,23.84,58.31,66.65
23.68,23.68,23.30,58.14,68.54
22.04,22.04,27.80,58.57,68.30
22.13,22.13,26.05,57.59,66.54
19.71,19.71,25.33,56.34,67.87
15.42,15.42,27.74,54.98,70.11
13.46,13.46,21.46,57.45,70.62
18.27,18.27,22.85,56.50,72.54
18.29,18.29,24.67,56.46,72.35
20.84,20.84,23.43,56.52,71.18
20.44,20.44,22.36,57.73,70.61
23.39,23.39,25.70,56.44,70.44
21.31,21.31,27.57,55.88,69.69
22.11,22.11,26.39,55.54,69.50
21.77,21.77,28.75,53.57,70.19
20.54,20.54,33.20,51.00,68.12
13.05,13.05,30.15,49.69,68.71
11.05,11.05,28.09,50.05,67.32
13.09,13.09,22.21,62.36,69.00
16.38,16.38,17.96,61.65,68.70
19.55,19.55,20.73,62.49,69.43
18.02,18.02,20.27,61.69,66.53
21.59,21.59,20.12,62.17,68.77
26.36,26.36,23.04,62.69,65.71
24.13,24.13,20.67,62.05,67.83
25.09,25.09,23.65,62.75,64.89
24.23,24.23,23.11,61.55,67.49
19.56,19.56,23.46,61.65,66.59
14.91,14.91,28.38,63.08,65.93
19.23,19.23,27.60,61.11,70.08
18.91,18.91,23.97,61.08,70.41
19.82,19.82,26.54,61.49,68.32
21.46,21.46,26.08,60.37,70.75
21.67,21.67,24.51,60.41,70.25
21.22,21.22,23.90,61.39,70.44
21.04,21.04,27.38,60.25,70.25
20.29,20.29,27.82,60.50,69.41
23.10,23.10,30.32,60.47,69.70
20.41,20.41,30.26,59.19,69.88
17.37,17.37,33.18,59.58,69.32
12.77,12.77,31.43,60.40,68.02
11.41,11.41,28.02,59.34,68.03
14.23,14.23,22.13,59.40,68.70
17.33,17.33,21.16,58.14,63.71
21.66,21.66,23.58,58.25,67.17
23.16,23.16,23.76,58.67,67.48
24.83,24.83,25.07,58.32,68.77
24.44,24.44,23.89,57.91,67.06
22.23,22.23,24.16,58.58,66.64
25.71,25.71,32.35,56.51,68.03
25.50,25.50,28.17,48.66,66.59
20.22,20.22,28.51,43.71,64.91
11.42,11.42,24.84,46.40,68.77
6.28,6.28,21.82,50.57,69.51
14.19,14.19,21.91,62.08,68.14
18.02,18.02,20.60,59.83,68.48
21.54,21.54,21.23,60.24,69.07
20.54,20.54,19.10,60.74,67.81
23.13,23.13,17.86,59.83,67.77
23.42,23.42,21.83,60.14,70.29
20.69,20.69,21.10,60.56,67.87
20.03,20.03,21.26,59.59,67.89
19.69,19.69,22.54,60.49,65.08
11.74,11.74,24.80,60.07,70.69
4.17,4.17,24.10,58.89,69.49
7.96,7.96,21.01,59.36,73.71
13.65,13.65,22.19,59.37,72.13
16.91,16.91,24.30,58.52,71.92
20.44,20.44,24.78,59.60,71.93
20.13,20.13,28.49,58.37,69.44
20.22,20.22,27.72,58.36,69.07
25.28,25.28,32.25,58.67,70.10
22.53,22.53,36.93,57.71,66.51
21.19,21.19,34.31,58.36,66.58
16.18,16.18,31.65,58.81,67.39
8.41,8.41,28.91,57.36,65.73
3.96,3.96,22.86,57.80,67.71
6.04,6.04,22.52,57.64,65.70
10.94,10.94,19.82,57.32,66.31
14.91,14.91,21.13,56.59,67.65
15.73,15.73,21.96,56.07,66.76
17.08,17.08,25.87,55.71,66.62
19.76,19.76,26.20,55.82,69.43
20.95,20.95,28.07,54.70,69.01
17.52,17.52,29.96,53.48,71.55
16.59,16.59,28.94,43.61,72.32
15.46,15.46,26.73,43.47,71.66
15.63,15.63,23.67,49.33,71.58
15.24,15.24,20.39,65.10,72.72
16.12,16.12,20.30,58.24,73.59
20.46,20.46,22.27,60.53,74.21
24.15,24.15,24.16,61.08,69.63
24.35,24.35,24.23,60.01,74.15
25.81,25.81,25.05,60.28,72.15
24.80,24.80,25.24,59.96,70.27
26.44,26.44,27.01,59.44,73.56
26.20,26.20,26.54,60.20,69.04
22.12,22.12,26.34,59.27,71.64
15.27,15.27,20.91,57.98,71.67
9.88,9.88,19.07,61.43,67.43
8.00,8.00,19.35,62.22,73.78
17.48,17.48,12.08,57.35,73.67
26.23,26.23,12.72,56.70,67.80
27.41,27.41,15.13,56.57,71.84
26.94,26.94,18.44,55.95,70.83
27.85,27.85,21.64,56.80,68.11
27.61,27.61,22.40,55.13,70.47
27.31,27.31,23.61,55.16,69.93
25.79,25.79,24.86,56.70,66.93
23.86,23.86,22.77,56.10,71.58
18.25,18.25,27.43,55.31,70.02
12.95,12.95,27.08,56.19,67.97
10.98,10.98,24.38,50.51,74.33
13.68,13.68,22.43,53.15,69.51
15.33,15.33,23.02,54.83,69.55
14.94,14.94,24.04,53.74,74.31
16.57,16.57,24.15,53.80,68.84
18.41,18.41,24.18,54.43,70.77
19.76,19.76,26.73,53.19,73.90
19.86,19.86,27.32,52.83,64.99
21.31,21.31,29.91,47.95,72.70
17.90,17.90,32.11,44.50,73.56
20.56,20.56,29.03,43.82,66.00
19.18,19.18,23.96,51.92,72.96
19.98,19.98,19.40,64.05,70.84
21.89,21.89,19.43,62.03,68.73
25.63,25.63,19.50,61.62,71.97
25.04,25.04,19.82,62.83,71.07
26.19,26.19,21.52,61.82,65.02
26.31,26.31,24.46,61.91,72.02
23.42,23.42,25.82,62.72,69.43
23.21,23.21,23.90,61.44,66.33
29.11,29.11,29.32,61.87,68.37
40.33,40.33,25.32,62.92,66.83
49.93,49.93,24.99,62.73,70.27
59.35,59.35,19.88,58.67,69.27
67.43,67.43,17.14,60.86,69.49
68.57,68.57,16.52,61.71,68.07
70.55,70.55,17.35,62.93,68.50
71.17,71.17,20.52,63.66,66.47
71.22,71.22,23.84,62.08,69.37
71.18,71.18,26.75,62.34,69.62
70.15,70.15,26.43,62.92,67.63
71.55,71.55,26.18,62.34,68.76
68.40,68.40,24.09,62.47,68.96
68.47,68.47,23.46,63.31,67.31
71.63,71.63,24.25,62.03,65.92
69.69,69.69,26.90,61.49,69.99
72.55,72.55,31.11,61.91,67.74
74.55,74.55,31.61,59.68,67.31
75.90,75.90,30.33,60.12,66.52
76.94,76.94,25.36,59.73,68.37
78.05,78.05,24.32,59.13,64.73
77.65,77.65,25.30,59.40,68.08
77.73,77.73,33.89,58.50,66.04
76.39,76.39,30.93,57.61,65.73
77.57,77.57,33.61,52.95,67.70
77.72,77.72,41.31,40.33,65.01
77.62,77.62,37.62,37.25,67.76
77.64,77.64,29.31,40.35,70.46
77.74,77.74,23.71,59.85,67.96
77.25,77.25,25.97,62.97,69.24
76.92,76.92,25.89,61.42,69.57
76.96,76.96,25.11,61.33,69.21
77.23,77.23,26.95,61.28,70.45
77.43,77.43,25.76,61.95,67.52
77.36,77.36,23.75,61.08,68.61
77.63,77.63,23.77,60.96,66.97
77.22,77.22,24.19,61.01,68.65
77.44,77.44,24.84,59.33,69.68
77.34,77.34,23.85,61.44,71.94
77.18,77.18,23.71,58.24,68.00
76.75,76.75,24.71,49.28,73.11
76.96,76.96,24.02,42.00,72.34
77.12,77.12,24.48,38.73,68.50
76.49,76.49,28.23,41.78,70.41
76.24,76.24,32.33,40.81,69.42
72.61,72.61,32.07,30.76,67.23
67.76,67.76,34.97,34.89,68.98
64.87,64.87,35.42,34.27,69.33
58.60,58.60,37.32,39.75,67.07
59.44,59.44,37.92,40.49,70.56
59.36,59.36,32.43,48.73,70.22
59.74,59.74,29.83,44.25,68.34
61.69,61.69,28.70,50.89,71.95
61.26,61.26,31.05,50.34,70.85
60.81,60.81,31.65,46.13,68.96
62.05,62.05,34.55,46.17,69.41
60.99,60.99,39.19,45.97,68.07
61.06,61.06,45.23,42.48,68.70
60.72,60.72,44.19,47.99,68.59
59.63,59.63,42.40,47.07,66.88
58.02,58.02,39.00,48.95,66.79
65.09,65.09,40.34,53.67,70.22
69.90,69.90,29.84,59.15,67.68
69.13,69.13,26.91,68.40,67.76
70.38,70.38,27.53,61.83,66.87
71.18,71.18,27.43,57.98,71.48
70.20,70.20,28.63,58.69,66.49
70.21,70.21,27.91,58.11,69.36
71.87,71.87,23.98,58.96,69.50
72.48,72.48,24.88,59.78,66.01
73.28,73.28,24.69,60.70,71.28
71.88,71.88,22.72,61.12,67.90
71.14,71.14,22.04,62.03,65.92
70.44,70.44,23.32,61.76,71.65
70.62,70.62,24.63,61.15,70.10
71.24,71.24,23.62,63.00,68.59
70.28,70.28,24.78,63.28,68.58
71.66,71.66,25.40,63.75,69.24
72.99,72.99,27.09,64.18,67.19
73.10,73.10,26.14,64.55,68.52
73.54,73.54,23.96,64.75,69.87
74.35,74.35,24.89,64.79,68.82
74.13,74.13,23.96,64.60,67.32
73.56,73.56,24.21,65.06,68.01
74.17,74.17,23.71,65.94,65.43
72.91,72.91,22.36,66.05,69.64
72.43,72.43,23.48,64.45,69.09
73.39,73.39,23.19,65.92,69.54
73.55,73.55,23.91,65.92,66.79
73.44,73.44,22.97,65.26,67.75
72.13,72.13,22.93,64.71,67.66
71.73,71.73,22.53,65.69,68.50
70.63,70.63,22.17,65.61,67.46
70.13,70.13,25.23,60.61,64.54
70.06,70.06,28.52,55.41,67.60
70.42,70.42,28.48,53.02,67.53
69.54,69.54,30.26,51.34,67.67
68.44,68.44,28.31,53.06,71.32
64.55,64.55,27.34,64.57,69.72
61.62,61.62,25.85,65.56,69.29
64.14,64.14,26.27,62.76,69.09
64.53,64.53,23.13,63.65,68.16
60.67,60.67,22.73,64.28,66.60
55.77,55.77,26.17,64.43,69.96
55.19,55.19,27.83,64.62,66.33
58.71,58.71,28.20,65.03,67.06
59.42,59.42,27.58,64.41,67.61
59.80,59.80,26.69,63.61,65.43
58.99,58.99,29.63,64.83,68.19
58.77,58.77,29.76,64.82,68.08
58.39,58.39,30.00,64.53,69.82
56.62,56.62,30.52,64.54,69.23
52.39,52.39,28.89,64.79,66.19
56.14,56.14,25.94,64.37,69.65
64.51,64.51,25.02,64.14,66.32
64.90,64.90,25.13,63.77,65.61
66.03,66.03,24.02,63.94,68.72
66.95,66.95,23.04,63.33,66.62
66.55,66.55,24.32,63.23,67.62
65.60,65.60,25.87,63.18,66.51
65.05,65.05,23.70,63.62,69.82
66.06,66.06,21.80,62.61,70.23
65.11,65.11,19.95,61.47,68.57
66.91,66.91,20.21,60.45,69.26
67.63,67.63,21.41,60.89,71.37
68.41,68.41,24.12,60.90,66.42
67.84,67.84,22.44,60.46,69.10
67.40,67.40,22.01,60.27,72.34
67.15,67.15,25.79,59.52,66.73
66.93,66.93,25.55,59.16,69.03
65.43,65.43,23.37,58.35,70.83
64.47,64.47,24.11,53.03,68.26
64.22,64.22,24.87,53.36,72.29
63.25,63.25,23.64,57.86,68.45
62.75,62.75,18.81,62.29,66.81
62.61,62.61,18.91,61.11,70.25
62.84,62.84,16.49,61.47,67.53
62.52,62.52,20.32,61.25,67.09
63.24,63.24,21.90,61.84,69.40
63.98,63.98,21.91,61.88,66.31
65.14,65.14,22.70,61.78,69.79
63.75,63.75,20.48,62.57,67.04
62.92,62.92,22.19,62.73,67.38
61.09,61.09,29.33,61.35,66.63
57.76,57.76,29.16,62.17,70.47
58.82,58.82,28.51,62.23,69.04
59.45,59.45,27.81,62.34,69.66
58.73,58.73,27.46,62.54,70.61
57.84,57.84,28.12,63.27,68.69
53.16,53.16,28.59,63.34,67.42
52.37,52.37,27.81,63.48,69.77
48.52,48.52,26.35,63.40,67.81
46.27,46.27,24.82,63.38,66.74
47.71,47.71,26.19,62.82,66.84
50.00,50.00,25.56,61.70,65.84
45.44,45.44,21.71,62.51,68.21
44.13,44.13,24.19,64.18,73.05
36.16,36.16,24.98,62.83,71.99
34.73,34.73,25.22,62.77,71.66
33.27,33.27,25.63,63.00,71.42
32.85,32.85,25.80,62.96,70.35
33.02,33.02,25.03,62.46,70.10
32.25,32.25,24.26,62.77,70.22
31.51,31.51,24.00,62.70,69.99
30.43,30.43,26.80,60.34,68.57
27.97,27.97,25.08,52.36,69.07
25.54,25.54,23.85,50.40,67.60
22.52,22.52,24.04,53.36,71.36
20.66,20.66,20.91,63.71,71.56
23.70,23.70,20.16,61.12,71.82
23.84,23.84,19.70,61.56,70.71
26.08,26.08,19.52,61.20,69.92
22.11,22.11,18.31,61.86,69.80
21.19,21.19,19.58,61.97,69.27
19.79,19.79,22.20,61.72,69.74
17.64,17.64,20.74,61.69,68.77
20.75,20.75,23.47,61.99,69.49
19.36,19.36,22.39,61.86,68.97
13.37,13.37,24.51,61.62,68.52
18.46,18.46,28.64,62.27,70.57
26.50,26.50,27.35,62.22,68.40
26.20,26.20,24.89,60.53,68.42
26.60,26.60,24.68,60.58,66.54
27.13,27.13,24.25,60.56,66.94
27.14,27.14,26.07,60.39,67.94
25.71,25.71,28.67,59.81,68.42
25.44,25.44,26.04,59.61,67.34
25.57,25.57,24.79,59.74,67.72
23.12,23.12,29.56,60.00,65.80
20.32,20.32,24.73,59.86,67.32
17.19,17.19,26.41,60.04,66.52
17.47,17.47,31.65,62.15,70.47
17.86,17.86,29.93,58.88,67.19
21.55,21.55,27.64,57.77,68.58
23.20,23.20,27.27,58.71,69.05
23.62,23.62,28.03,58.69,65.75
23.05,23.05,29.07,59.12,68.95
24.86,24.86,29.24,58.28,66.77
23.75,23.75,33.34,57.22,65.34
24.22,24.22,33.25,47.92,66.67
21.20,21.20,27.13,43.16,65.09
16.57,16.57,26.16,49.13,69.71
16.10,16.10,22.60,47.52,70.17
15.45,15.45,19.87,66.82,74.01
20.29,20.29,19.77,62.78,74.09
22.37,22.37,19.09,62.68,72.02
20.90,20.90,18.58,62.34,73.91
19.73,19.73,20.07,61.94,72.68
18.84,18.84,22.58,62.29,71.65
17.91,17.91,24.17,62.48,73.25
18.61,18.61,21.21,62.67,70.92
17.00,17.00,21.19,61.96,69.84
21.71,21.71,21.06,61.79,72.49
21.44,21.44,21.58,60.20,70.17
23.73,23.73,26.02,60.42,69.18
30.32,30.32,32.00,61.58,68.92
31.19,31.19,28.82,61.33,68.03
31.76,31.76,28.21,61.79,68.60
33.31,33.31,29.28,61.55,67.15
33.41,33.41,29.29,61.29,67.82
31.60,31.60,28.76,61.26,68.34
31.27,31.27,29.94,60.87,64.41
29.35,29.35,29.54,60.75,65.77
28.26,28.26,26.94,60.96,65.42
25.84,25.84,24.74,60.95,67.30
21.01,21.01,24.20,61.16,66.25
15.40,15.40,29.06,61.18,66.50
11.11,11.11,19.71,59.40,71.09
13.86,13.86,19.72,59.37,67.80
16.95,16.95,19.62,59.79,69.72
18.51,18.51,21.57,59.97,67.43
19.07,19.07,23.63,59.97,69.76
19.35,19.35,24.88,59.98,68.45
20.48,20.48,26.89,59.75,66.70
21.01,21.01,25.54,59.63,68.53
20.61,20.61,23.71,58.59,64.13
18.02,18.02,26.10,52.03,68.26
17.16,17.16,21.57,51.68,66.45
20.75,20.75,19.93,53.87,68.85
23.20,23.20,18.92,61.12,70.56
21.73,21.73,16.89,56.31,69.18
22.17,22.17,18.81,55.56,69.44
20.24,20.24,20.27,55.25,68.61
19.93,19.93,21.89,55.42,67.25
19.22,19.22,22.01,55.62,67.13
19.22,19.22,24.00,55.54,70.43
19.88,19.88,22.33,56.31,67.50
18.66,18.66,24.48,56.20,67.32
18.93,18.93,25.69,54.86,68.60
20.97,20.97,28.48,54.57,66.19
24.94,24.94,29.08,55.60,68.57
22.31,22.31,25.73,54.16,67.84
23.45,23.45,25.85,54.66,69.41
24.32,24.32,25.15,55.13,69.13
24.35,24.35,34.39,55.67,70.66
23.69,23.69,39.02,55.16,69.98
22.98,22.98,40.74,54.70,70.95
22.17,22.17,43.64,55.20,70.70
21.22,21.22,41.73,55.31,69.86
19.47,19.47,36.72,55.13,67.83
15.55,15.55,29.47,54.38,65.14
15.91,15.91,27.31,51.81,69.03
13.89,13.89,26.52,54.99,69.30
20.07,20.07,26.96,54.24,70.01
25.40,25.40,26.63,55.14,68.77
28.67,28.67,26.78,54.79,66.66
29.58,29.58,26.50,54.97,67.07
29.30,29.30,26.58,54.97,67.44
28.81,28.81,26.11,54.87,68.41
27.43,27.43,25.72,55.10,66.30
25.88,25.88,27.14,54.08,65.73
23.83,23.83,24.17,46.69,67.20
20.23,20.23,27.36,52.86,67.74
20.50,20.50,26.16,46.93,65.77
21.02,21.02,21.81,60.99,66.99
22.60,22.60,20.53,56.68,68.25
20.83,20.83,19.28,55.74,69.09
19.69,19.69,18.95,55.57,69.91
21.08,21.08,20.22,56.10,69.94
19.72,19.72,21.14,56.06,67.47
20.64,20.64,23.44,56.15,70.42
19.32,19.32,22.25,56.04,68.00
19.51,19.51,24.05,55.90,69.90
14.39,14.39,24.61,56.79,69.94
14.70,14.70,21.34,56.51,67.01
24.73,24.73,27.28,55.94,71.63
26.44,26.44,26.38,56.86,71.25
30.24,30.24,25.83,55.48,70.59
34.14,34.14,26.43,55.66,70.42
35.93,35.93,25.70,55.06,67.83
35.59,35.59,26.40,55.47,70.49
34.97,34.97,29.81,54.74,71.73
34.69,34.69,36.10,55.54,68.53
33.08,33.08,40.30,55.65,69.57
30.48,30.48,34.02,56.03,67.83
27.11,27.11,31.26,56.44,69.37
19.54,19.54,31.89,58.19,68.71
13.50,13.50,29.63,58.65,69.05
14.65,14.65,25.30,54.45,73.23
21.02,21.02,25.50,53.48,71.29
23.68,23.68,25.80,54.49,70.51
23.68,23.68,24.28,54.74,71.56
24.04,24.04,26.37,54.91,69.21
26.90,26.90,30.05,54.50,69.57
26.14,26.14,31.70,54.25,71.29
25.91,25.91,33.64,49.30,70.58
24.61,24.61,32.81,34.27,70.24
20.83,20.83,32.11,43.29,70.29
17.35,17.35,21.95,53.14,66.79
13.20,13.20,15.68,60.04,71.72
13.25,13.25,16.61,61.73,71.99
17.00,17.00,17.62,57.34,71.34
17.07,17.07,17.16,56.99,68.41
20.39,20.39,16.86,56.83,69.82
20.09,20.09,16.22,57.08,69.95
19.42,19.42,17.42,56.65,67.71
17.81,17.81,18.27,56.35,68.33
21.51,21.51,22.51,56.60,70.40
17.63,17.63,17.83,57.28,68.82
19.16,19.16,18.69,57.32,67.43
26.87,26.87,23.72,56.07,72.14
27.30,27.30,19.92,54.96,69.33
26.54,26.54,16.08,55.70,70.50
27.23,27.23,18.28,55.52,71.06
25.62,25.62,22.53,56.16,67.42
25.13,25.13,21.06,56.54,69.11
24.01,24.01,22.85,56.47,66.77
23.22,23.22,25.10,56.74,66.98
21.34,21.34,22.28,57.03,67.70
23.22,23.22,24.50,56.99,65.96
21.36,21.36,31.49,58.21,68.33
16.62,16.62,26.28,57.41,68.59
12.04,12.04,17.07,56.36,67.51
13.22,13.22,20.29,55.00,69.72
17.52,17.52,22.82,56.89,66.90
22.75,22.75,22.41,55.94,70.97
24.69,24.69,22.08,56.13,68.25
26.17,26.17,22.25,55.24,69.40
27.76,27.76,22.45,55.56,67.43
27.39,27.39,22.03,56.03,68.83
26.76,26.76,22.42,56.37,71.70
24.69,24.69,20.54,56.87,69.88
21.08,21.08,23.14,53.25,69.63
14.14,14.14,19.62,48.14,71.07
11.90,11.90,18.06,52.51,70.51
16.69,16.69,14.43,64.64,69.86
18.23,18.23,14.51,57.58,70.40
19.59,19.59,16.44,55.44,70.22
18.81,18.81,17.32,55.80,71.18
18.32,18.32,17.13,55.28,68.27
18.41,18.41,16.45,54.89,68.38
17.78,17.78,18.33,54.29,68.55
20.53,20.53,19.11,55.26,68.00
19.27,19.27,18.31,55.21,66.05
13.42,13.42,16.49,54.76,66.28
16.83,16.83,25.04,55.81,66.37
27.80,27.80,28.16,57.83,68.00
30.01,30.01,25.59,53.76,65.56
29.96,29.96,24.96,53.69,68.24
29.85,29.85,22.79,54.82,67.81
29.60,29.60,24.85,54.98,67.30
28.50,28.50,29.36,55.09,70.38
29.44,29.44,35.60,54.91,69.62
28.01,28.01,37.47,55.17,68.91
25.83,25.83,38.57,55.07,68.12
25.47,25.47,38.45,55.96,68.47
23.75,23.75,33.26,54.75,69.62
24.59,24.59,32.62,56.36,69.06
22.30,22.30,32.69,56.65,70.76
22.78,22.78,28.44,55.04,72.08
23.98,23.98,26.47,54.36,68.75
26.09,26.09,34.91,54.28,69.64
25.18,25.18,37.69,53.67,68.15
26.00,26.00,39.38,54.37,64.21
25.77,25.77,38.44,54.98,68.54
25.21,25.21,40.02,54.98,65.33
23.47,23.47,39.39,54.89,64.50
19.28,19.28,41.33,54.90,67.82
14.09,14.09,31.45,54.17,64.96
10.33,10.33,22.29,52.76,68.30
13.74,13.74,17.94,49.04,67.91
17.40,17.40,17.36,64.50,70.61
17.78,17.78,17.27,59.62,67.14
16.97,16.97,18.59,60.87,69.00
16.77,16.77,21.54,60.71,67.65
15.30,15.30,22.25,60.51,67.83
15.21,15.21,21.31,60.43,69.17
13.76,13.76,18.22,60.22,66.12
12.07,12.07,14.47,59.83,66.35
17.86,17.86,19.91,60.56,68.29
11.94,11.94,15.18,60.70,65.93
16.74,16.74,19.40,60.64,72.28
32.48,32.48,25.66,61.49,69.41
36.63,36.63,21.87,60.10,70.40
37.73,37.73,20.79,59.87,68.69
37.78,37.78,21.77,59.58,68.42
37.15,37.15,25.36,59.05,68.26
35.72,35.72,24.29,59.68,68.48
33.65,33.65,32.35,59.92,66.21
33.66,33.66,31.99,59.92,67.34
31.64,31.64,34.21,59.84,69.97
27.36,27.36,31.98,59.79,67.68
20.08,20.08,30.51,58.49,68.29
9.52,9.52,24.10,59.35,70.14
13.76,13.76,14.48,59.74,73.05
16.62,16.62,12.06,58.77,72.90
18.83,18.83,12.05,58.41,72.05
18.64,18.64,12.44,57.79,73.89
19.12,19.12,14.38,57.66,72.12
20.56,20.56,19.75,57.40,72.81
20.95,20.95,16.66,56.71,72.03
19.71,19.71,28.31,57.43,71.15
18.29,18.29,19.35,56.34,70.79
15.27,15.27,22.92,53.48,71.57
17.75,17.75,17.30,54.56,70.59
19.61,19.61,17.12,51.40,71.78
23.12,23.12,18.29,65.66,67.31
18.84,18.84,16.50,56.32,69.78
17.66,17.66,16.50,47.89,69.18
18.57,18.57,16.05,59.55,68.89
18.18,18.18,17.38,62.66,70.75
20.15,20.15,21.16,61.91,67.81
26.63,26.63,27.04,59.09,70.72
25.04,25.04,26.27,54.61,69.08
30.01,30.01,26.31,52.58,68.98
42.40,42.40,27.52,63.22,70.54
44.90,44.90,20.57,63.13,69.90
59.70,59.70,22.46,53.73,70.59
55.35,55.35,26.01,59.98,69.70
49.78,49.78,23.26,46.55,70.64
39.99,39.99,19.62,42.11,70.45
33.45,33.45,24.59,33.55,69.91
33.24,33.24,29.68,30.82,71.02
36.63,36.63,36.24,34.06,69.21
46.60,46.60,33.46,29.84,71.67
54.07,54.07,33.34,36.61,68.26
58.96,58.96,40.33,50.04,70.28
60.46,60.46,29.36,55.15,70.40
59.79,59.79,23.19,57.25,65.90
72.35,72.35,17.83,58.67,71.74
72.45,72.45,16.97,53.82,71.71
67.96,67.96,19.45,55.46,66.76
72.04,72.04,21.04,57.32,69.78
74.67,74.67,22.35,57.85,68.38
74.40,74.40,22.93,57.99,67.99
73.10,73.10,23.54,55.83,65.31
71.30,71.30,21.97,60.10,65.00
71.03,71.03,20.33,56.50,68.73
71.64,71.64,20.67,52.52,65.59
72.58,72.58,21.81,58.12,68.59
72.27,72.27,26.03,66.12,70.09
71.78,71.78,24.39,65.45,70.68
72.47,72.47,25.97,66.65,72.08
72.48,72.48,26.47,65.55,66.89
71.92,71.92,26.37,65.58,70.83
72.50,72.50,24.93,66.32,69.65
71.46,71.46,23.69,65.78,65.46
72.12,72.12,25.86,65.11,69.82
71.49,71.49,23.90,65.32,65.85
68.55,68.55,24.35,63.46,70.37
68.27,68.27,24.24,63.65,66.96
68.94,68.94,24.31,64.26,67.18
68.88,68.88,24.69,63.28,68.89
68.06,68.06,26.41,63.98,69.36
67.48,67.48,27.42,62.40,65.33
67.38,67.38,28.35,61.16,66.66
67.38,67.38,28.20,59.63,67.74
68.17,68.17,28.46,60.92,63.33
66.08,66.08,26.99,60.59,70.15
60.41,60.41,18.26,61.41,67.55
60.47,60.47,13.27,59.45,68.99
59.97,59.97,10.73,58.97,66.89
61.37,61.37,9.65,58.25,67.23
67.31,67.31,18.52,57.44,68.87
73.73,73.73,22.51,60.45,66.80
73.69,73.69,27.26,55.49,66.89
71.83,71.83,28.74,56.43,68.07
72.68,72.68,27.24,52.86,65.45
72.84,72.84,24.69,52.57,68.44
73.40,73.40,23.72,54.04,66.30
73.06,73.06,23.52,55.81,68.12
73.18,73.18,23.71,55.05,67.26
73.40,73.40,23.93,53.55,66.65
73.12,73.12,23.34,58.02,67.76
73.57,73.57,23.79,56.27,66.64
73.33,73.33,23.16,65.59,71.25
72.57,72.57,22.44,59.05,70.86
72.90,72.90,24.91,60.28,69.72
72.56,72.56,23.96,59.74,68.65
72.95,72.95,24.38,59.69,67.96
73.46,73.46,24.56,58.24,67.29
72.79,72.79,23.36,57.56,68.20
72.82,72.82,23.51,57.46,65.83
73.12,73.12,24.89,58.63,67.58
72.48,72.48,25.27,57.78,66.58
72.99,72.99,23.12,58.56,64.86
73.07,73.07,23.63,55.49,66.74
72.49,72.49,23.62,56.51,69.43
72.42,72.42,25.29,56.35,67.50
72.53,72.53,25.85,57.53,70.91
72.66,72.66,24.57,56.01,69.55
73.14,73.14,26.10,56.50,67.57
73.25,73.25,24.97,54.80,70.21
72.89,72.89,24.92,54.43,66.78
72.86,72.86,25.85,56.39,67.97
72.95,72.95,23.23,58.32,68.53
71.86,71.86,23.85,58.89,66.30
70.61,70.61,23.69,55.29,67.19
68.97,68.97,24.14,52.02,68.61
69.76,69.76,21.30,59.40,67.64
68.43,68.43,20.42,56.38,68.62
67.62,67.62,22.50,55.93,68.37
67.61,67.61,19.97,56.36,67.66
68.22,68.22,19.66,54.31,66.07
67.66,67.66,18.32,52.56,67.74
67.28,67.28,18.25,53.44,67.71
68.84,68.84,20.17,55.86,67.32
67.92,67.92,23.24,57.28,65.37
67.22,67.22,22.43,56.15,68.47
67.19,67.19,20.27,54.63,66.55
68.33,68.33,18.75,59.07,67.02
67.26,67.26,18.67,56.11,69.60
69.99,69.99,18.62,57.64,64.45
71.92,71.92,19.04,56.24,66.86
71.08,71.08,22.46,55.36,66.63
69.08,69.08,23.24,55.60,66.49
69.60,69.60,25.11,56.77,65.88
69.91,69.91,23.52,55.05,65.80
71.64,71.64,23.00,55.75,68.05
73.29,73.29,23.74,54.23,67.54
73.49,73.49,23.63,53.88,67.01
73.57,73.57,23.73,54.18,67.35
71.88,71.88,22.99,57.83,70.51
71.03,71.03,22.95,52.58,69.28
71.15,71.15,22.67,52.07,71.67
70.90,70.90,21.73,53.65,71.09
71.98,71.98,22.15,53.11,70.33
72.13,72.13,22.47,54.08,69.72
72.06,72.06,22.36,55.84,70.46
71.36,71.36,22.33,56.06,70.26
69.54,69.54,21.53,55.39,68.49
69.34,69.34,21.11,55.84,70.36
71.14,71.14,23.57,55.84,70.02
71.43,71.43,23.87,57.39,68.95
70.49,70.49,24.16,58.50,71.27
71.11,71.11,24.12,55.00,69.26
70.89,70.89,23.67,53.03,66.43
70.33,70.33,25.03,52.50,69.70
70.43,70.43,25.49,52.63,67.35
71.42,71.42,26.93,52.97,69.75
70.30,70.30,27.29,51.00,68.33
70.98,70.98,27.17,52.48,67.38
71.14,71.14,26.99,45.30,67.35
70.25,70.25,26.73,50.15,68.69
70.50,70.50,25.37,53.33,67.01
70.37,70.37,24.65,56.99,70.12
70.36,70.36,24.96,54.23,72.42
70.64,70.64,26.05,56.28,69.74
69.94,69.94,24.98,55.40,68.11
69.85,69.85,26.10,55.30,70.20
70.08,70.08,25.50,54.67,69.15
69.24,69.24,23.31,54.67,68.69
70.22,70.22,25.86,55.79,69.44
70.14,70.14,25.99,55.74,64.78
69.79,69.79,26.15,55.49,65.94
70.23,70.23,25.62,52.36,66.93
69.74,69.74,23.25,56.91,65.36
69.25,69.25,23.52,61.72,70.42
69.19,69.19,24.31,53.04,72.92
68.26,68.26,25.44,52.94,69.88
68.92,68.92,25.70,52.53,71.56
69.41,69.41,24.15,50.22,69.52
68.63,68.63,24.86,52.90,71.41
69.23,69.23,26.47,51.80,69.54
68.97,68.97,26.34,53.84,68.51
67.77,67.77,23.88,52.21,69.62
68.40,68.40,25.38,50.87,67.68
69.45,69.45,27.16,49.37,69.15
67.64,67.64,28.47,51.10,71.02
66.94,66.94,30.13,52.02,71.76
67.79,67.79,28.41,56.79,71.23
64.95,64.95,27.78,52.17,69.95
65.55,65.55,26.47,49.36,67.65
69.16,69.16,26.01,48.31,67.25
69.73,69.73,26.16,50.62,67.95
69.77,69.77,27.05,51.38,67.61
69.55,69.55,26.99,52.71,66.74
68.84,68.84,30.25,53.03,68.19
68.85,68.85,33.23,56.71,66.42
68.30,68.30,29.25,51.56,68.72
66.98,66.98,25.29,55.02,66.85
67.15,67.15,23.52,53.21,67.12
67.30,67.30,22.08,60.09,69.70
64.75,64.75,20.87,58.73,68.17
66.29,66.29,22.92,59.40,68.35
66.72,66.72,21.96,58.75,69.40
66.34,66.34,21.54,58.92,66.28
66.81,66.81,21.81,57.24,66.75
65.97,65.97,20.95,57.64,68.42
65.85,65.85,22.63,58.37,65.58
67.03,67.03,22.85,56.96,68.27
67.64,67.64,24.11,57.94,67.13
66.54,66.54,25.36,58.14,64.25
65.66,65.66,29.45,60.39,70.51
66.74,66.74,28.60,56.67,68.87
67.51,67.51,28.27,57.08,67.87
67.86,67.86,28.23,55.63,70.00
66.62,66.62,28.47,57.35,66.54
66.57,66.57,28.24,55.46,69.66
65.59,65.59,27.50,55.34,67.70
66.82,66.82,28.72,55.38,68.22
67.89,67.89,29.50,55.18,69.28
65.79,65.79,29.18,54.82,66.12
66.85,66.85,26.97,55.36,69.11
65.92,65.92,28.34,53.39,70.44
64.43,64.43,25.38,53.18,69.97
64.73,64.73,23.51,51.75,75.74
64.87,64.87,23.73,50.71,68.64
64.68,64.68,23.80,52.89,71.49
64.94,64.94,25.35,52.12,71.59
63.59,63.59,24.61,52.07,68.53
64.11,64.11,26.73,50.83,71.99
63.69,63.69,25.76,50.29,71.05
63.28,63.28,25.27,50.05,64.87
62.83,62.83,27.41,53.40,70.20
62.72,62.72,32.32,51.98,68.67
62.29,62.29,29.22,45.03,70.14
62.03,62.03,25.58,45.78,68.82
62.11,62.11,22.34,61.34,70.61
62.49,62.49,22.08,56.18,67.06
62.23,62.23,21.96,57.33,69.09
61.34,61.34,22.05,57.55,68.44
62.01,62.01,22.01,56.66,68.32
61.55,61.55,20.49,56.42,66.93
60.15,60.15,19.96,57.45,67.89
59.28,59.28,21.29,56.13,68.70
57.55,57.55,15.65,56.82,69.12
56.03,56.03,17.33,54.61,68.58
56.74,56.74,19.82,53.25,71.29
55.91,55.91,18.15,55.50,71.41
55.85,55.85,18.28,56.25,69.51
55.19,55.19,18.80,54.84,69.04
55.13,55.13,18.32,55.37,69.53
54.13,54.13,19.54,53.72,69.65
51.25,51.25,21.10,53.50,69.41
50.31,50.31,23.48,54.47,70.69
49.20,49.20,23.19,53.92,70.01
47.91,47.91,23.95,55.05,70.43
46.99,46.99,21.39,54.34,65.15
39.83,39.83,21.38,52.99,69.97
37.44,37.44,24.39,58.69,70.58
40.28,40.28,20.02,54.08,72.18
38.30,38.30,21.15,50.86,72.57
35.00,35.00,21.74,52.03,70.40
35.81,35.81,22.84,50.43,69.46
33.77,33.77,23.89,50.02,72.39
33.22,33.22,27.12,49.66,68.43
32.36,32.36,29.28,50.18,69.48
32.86,32.86,34.68,46.31,71.17
35.18,35.18,36.08,45.59,66.48
33.10,33.10,34.55,49.86,69.44
29.05,29.05,26.14,50.71,71.35
29.49,29.49,21.74,57.31,72.40
28.91,28.91,22.72,60.91,72.18
29.67,29.67,20.72,53.43,71.66
28.98,28.98,20.15,53.67,70.89
26.12,26.12,19.36,53.36,69.89
25.53,25.53,21.71,52.82,69.78
24.60,24.60,23.73,53.16,68.23
23.24,23.24,26.33,54.69,68.63
23.67,23.67,28.74,53.29,67.14
20.95,20.95,19.01,53.38,67.98
18.05,18.05,26.05,51.48,66.00
18.24,18.24,24.85,50.02,69.87
18.44,18.44,29.28,52.36,68.78
12.86,12.86,27.60,50.97,69.47
17.72,17.72,28.02,51.47,65.63
18.30,18.30,28.14,51.33,66.22
18.83,18.83,28.47,50.79,69.73
21.05,21.05,28.46,50.99,63.96
20.25,20.25,27.94,52.25,69.69
20.41,20.41,29.34,51.35,70.17
18.94,18.94,25.72,51.86,67.05
20.16,20.16,28.41,51.35,69.00
19.53,19.53,30.14,51.59,66.24
22.76,22.76,28.10,54.78,66.84
19.77,19.77,24.56,47.93,68.26
19.44,19.44,24.36,51.69,66.87
19.97,19.97,23.55,49.84,65.25
22.97,22.97,24.85,47.73,67.36
22.62,22.62,27.57,47.82,62.33
25.22,25.22,34.22,48.01,64.04
22.45,22.45,39.83,47.75,65.97
23.25,23.25,41.61,46.57,63.75
20.73,20.73,37.13,41.47,65.59
13.98,13.98,36.24,39.36,65.98
8.50,8.50,31.10,44.70,64.92
4.07,4.07,23.74,53.19,70.01
11.94,11.94,19.46,55.11,70.00
16.27,16.27,20.08,51.53,68.00
18.37,18.37,20.73,53.93,68.16
19.67,19.67,21.53,53.18,68.65
18.27,18.27,20.36,54.62,69.35
16.90,16.90,23.54,52.67,69.73
18.96,18.96,27.73,51.81,66.67
17.51,17.51,30.15,53.51,65.86
15.75,15.75,27.28,52.60,69.22
11.49,11.49,24.13,52.23,66.98
10.85,10.85,28.92,53.16,68.32
7.87,7.87,27.06,49.47,71.00
12.12,12.12,27.45,51.60,71.36
16.16,16.16,25.60,51.21,66.58
18.55,18.55,27.05,51.49,69.87
18.85,18.85,29.70,52.31,67.06
17.85,17.85,32.29,51.47,68.26
17.98,17.98,38.90,50.84,69.56
16.61,16.61,34.89,51.14,65.55
18.09,18.09,39.39,51.14,68.46
15.75,15.75,37.84,49.29,66.30
11.55,11.55,36.06,49.69,66.65
13.85,13.85,33.64,53.84,69.47
7.95,7.95,29.23,51.27,68.13
9.91,9.91,25.22,47.12,69.19
12.11,12.11,21.14,48.03,68.59
14.43,14.43,22.20,48.02,68.56
16.75,16.75,24.27,49.42,68.01
16.69,16.69,32.86,47.94,69.90
19.73,19.73,37.31,48.47,69.17
19.91,19.91,43.25,46.58,70.05
16.62,16.62,41.04,39.53,70.80
22.93,22.93,38.67,41.29,71.20
18.97,18.97,34.69,43.76,72.19
18.26,18.26,27.87,57.84,68.92
17.69,17.69,24.14,52.05,71.40
15.55,15.55,23.13,50.48,70.42
20.61,20.61,22.44,50.67,69.33
18.65,18.65,23.37,50.54,71.78
18.11,18.11,27.77,51.24,69.40
22.34,22.34,24.52,50.18,69.83
21.71,21.71,24.78,49.89,68.31
21.14,21.14,29.09,51.37,68.98
16.24,16.24,25.19,49.80,67.39
18.08,18.08,22.84,51.63,66.91
19.80,19.80,30.13,52.42,64.84
12.78,12.78,27.05,47.76,69.68
15.43,15.43,23.34,47.00,68.56
18.81,18.81,24.18,48.51,65.73
18.27,18.27,26.49,48.30,69.58
18.19,18.19,26.21,49.28,65.14
17.46,17.46,28.31,47.58,65.29
16.01,16.01,34.95,47.97,68.44
22.19,22.19,40.12,46.45,64.20
32.03,32.03,35.77,48.96,65.36
48.38,48.38,30.09,45.71,65.40
48.95,48.95,31.03,47.93,65.04
66.32,66.32,25.41,53.35,67.94
68.25,68.25,26.31,46.63,66.08
69.96,69.96,19.88,42.57,68.06
70.18,70.18,28.49,43.73,66.06
70.55,70.55,25.06,44.83,68.66
70.11,70.11,24.85,44.90,68.70
70.73,70.73,33.19,44.59,66.57
71.10,71.10,36.19,40.71,68.44
71.08,71.08,36.64,42.32,69.14
71.02,71.02,45.37,49.78,67.30
70.27,70.27,40.35,47.88,67.87
71.37,71.37,31.45,48.95,70.01
71.97,71.97,23.05,55.99,70.45
73.27,73.27,21.93,59.88,69.73
72.18,72.18,21.37,51.61,66.01
74.28,74.28,21.53,50.25,68.97
76.06,76.06,22.49,50.22,68.57
77.87,77.87,21.12,50.46,65.47
77.03,77.03,21.40,50.80,69.08
77.31,77.31,21.66,50.50,66.82
77.54,77.54,23.29,51.45,66.50
77.74,77.74,29.21,48.94,69.48
77.81,77.81,24.11,48.19,66.86
77.35,77.35,22.88,51.69,64.88
77.88,77.88,24.89,53.09,67.84
77.90,77.90,23.41,50.99,71.36
77.72,77.72,24.14,43.24,67.95
77.61,77.61,25.99,45.19,71.13
77.19,77.19,25.89,45.44,67.34
76.98,76.98,28.12,45.13,67.37
76.58,76.58,35.76,44.74,66.63
77.20,77.20,42.65,46.00,68.98
76.97,76.97,41.56,43.56,64.66
76.84,76.84,38.72,43.39,66.05
76.52,76.52,32.12,44.60,63.31
76.81,76.81,28.67,49.43,63.40
76.91,76.91,20.18,51.37,68.08
76.59,76.59,23.26,52.41,67.02
76.02,76.02,25.91,46.55,68.64
75.38,75.38,21.05,27.92,67.68
75.55,75.55,22.18,30.13,68.27
73.73,73.73,20.84,29.46,68.38
72.10,72.10,22.32,31.10,67.20
70.03,70.03,24.83,49.86,67.62
63.55,63.55,24.64,51.03,67.66
53.03,53.03,21.89,53.10,66.88
55.18,55.18,24.75,49.47,68.09
56.76,56.76,25.62,51.95,68.14
59.99,59.99,20.16,52.71,68.39
60.34,60.34,21.93,61.40,67.53
58.06,58.06,21.73,60.54,66.23
58.31,58.31,23.19,50.56,65.89
56.73,56.73,26.19,46.12,67.43
55.79,55.79,26.13,42.05,66.53
58.27,58.27,27.88,41.11,67.24
60.51,60.51,24.60,45.55,66.63
60.02,60.02,23.73,43.94,66.02
59.22,59.22,21.02,50.55,69.81
61.65,61.65,25.96,58.05,66.21
68.25,68.25,25.60,53.19,69.52
69.04,69.04,21.47,54.46,68.84
69.46,69.46,21.08,56.17,67.06
70.68,70.68,21.44,55.48,71.26
72.91,72.91,24.49,53.41,68.22
73.47,73.47,23.20,52.98,67.12
74.81,74.81,24.30,52.65,67.06
75.40,75.40,25.09,53.56,66.12
76.08,76.08,25.03,52.78,67.24
76.78,76.78,24.26,50.62,66.52
76.71,76.71,28.29,50.97,68.19
76.61,76.61,26.99,52.57,63.59
76.12,76.12,29.06,51.97,68.16
76.74,76.74,30.62,53.63,70.88
76.15,76.15,29.18,55.21,68.55
76.01,76.01,30.94,53.44,68.77
76.29,76.29,33.03,49.24,68.13
75.88,75.88,34.26,51.18,68.82
75.64,75.64,38.82,49.43,68.32
75.93,75.93,36.19,46.40,65.82
76.02,76.02,39.24,47.31,67.61
75.72,75.72,43.39,46.69,66.52
75.92,75.92,37.05,48.88,67.29
75.56,75.56,28.36,48.16,69.42
75.24,75.24,23.85,51.33,69.06
75.49,75.49,22.52,63.87,71.20
75.40,75.40,23.25,63.67,69.81
75.13,75.13,23.18,61.62,70.70
75.19,75.19,23.04,62.06,69.38
74.39,74.39,23.70,62.34,69.18
72.76,72.76,22.97,62.29,70.60
70.86,70.86,23.41,62.79,66.60
70.48,70.48,23.29,62.72,67.10
70.03,70.03,23.12,62.53,65.09
67.30,67.30,26.26,61.80,64.09
65.09,65.09,27.94,60.19,67.58
62.77,62.77,30.03,60.58,72.18
64.87,64.87,28.80,60.68,71.75
62.89,62.89,24.79,61.34,72.21
58.68,58.68,21.89,60.93,71.01
56.13,56.13,24.41,60.27,72.67
54.21,54.21,27.32,59.10,70.62
56.95,56.95,28.04,58.88,68.21
57.61,57.61,28.95,59.49,68.38
58.95,58.95,28.68,58.12,67.71
58.39,58.39,31.41,58.34,67.21
58.66,58.66,31.92,61.53,66.45
57.40,57.40,32.90,59.43,67.07
54.58,54.58,33.65,56.71,72.59
52.73,52.73,29.76,53.30,69.39
55.30,55.30,27.59,53.23,70.64
64.90,64.90,29.94,51.84,69.10
65.87,65.87,27.07,52.32,67.40
67.34,67.34,25.89,51.41,71.32
67.75,67.75,30.54,50.64,69.96
66.93,66.93,33.65,50.52,67.44
66.54,66.54,27.87,48.86,70.95
66.77,66.77,32.15,53.26,68.42
66.65,66.65,31.19,57.05,70.62
65.63,65.63,25.23,63.17,70.43
65.78,65.78,27.52,55.00,72.56
66.76,66.76,26.57,52.07,73.21
67.00,67.00,25.99,52.78,70.49
66.47,66.47,29.08,50.72,71.49
65.63,65.63,27.44,51.81,71.34
65.85,65.85,28.85,52.07,70.57
66.36,66.36,25.86,52.90,69.85
64.04,64.04,26.75,51.69,68.83
65.15,65.15,28.04,53.87,68.10
65.49,65.49,29.50,51.75,67.32
67.10,67.10,28.35,51.41,66.99
65.64,65.64,28.25,47.34,69.88
64.18,64.18,29.04,52.27,70.82
64.23,64.23,31.30,50.69,66.48
64.00,64.00,32.97,49.12,69.00
64.13,64.13,35.16,49.50,65.20
64.64,64.64,36.55,47.69,66.30
63.02,63.02,45.78,46.13,66.61
62.17,62.17,42.24,43.42,62.86
61.99,61.99,38.17,42.70,67.54
58.18,58.18,37.63,44.82,64.09
62.81,62.81,33.73,50.55,66.06
63.18,63.18,27.32,54.90,69.55
61.37,61.37,19.56,51.66,73.67
59.09,59.09,18.64,46.35,71.71
60.58,60.58,20.61,47.22,72.47
60.26,60.26,20.89,44.59,71.27
56.99,56.99,27.19,45.10,71.35
57.56,57.56,31.90,43.88,69.41
56.64,56.64,41.87,42.37,68.67
56.48,56.48,37.63,36.92,72.28
59.48,59.48,39.76,45.90,67.86
58.39,58.39,22.95,40.72,70.19
58.40,58.40,20.42,56.83,72.09
54.18,54.18,16.58,65.92,70.04
41.06,41.06,14.28,61.96,72.31
37.46,37.46,13.88,61.54,69.43
38.36,38.36,16.62,60.96,69.87
36.09,36.09,16.64,59.89,69.13
38.51,38.51,18.24,58.84,69.56
38.02,38.02,18.51,56.30,70.91
40.06,40.06,18.28,54.22,71.54
39.31,39.31,17.90,50.52,72.78
39.97,39.97,17.65,51.17,71.46
36.10,36.10,21.44,50.96,69.17
32.29,32.29,23.68,51.33,69.08
32.65,32.65,27.75,44.33,72.38
25.08,25.08,28.74,51.76,73.18
25.54,25.54,26.84,44.81,72.14
28.25,28.25,28.26,45.58,70.47
30.98,30.98,29.07,44.89,69.08
31.36,31.36,30.26,48.04,70.16
28.56,28.56,31.50,49.59,70.96
25.23,25.23,31.93,48.07,68.16
25.14,25.14,37.36,46.79,71.29
23.98,23.98,38.80,47.41,69.94
24.33,24.33,38.95,47.16,69.44
19.39,19.39,25.96,45.38,67.07
17.00,17.00,26.14,49.03,73.53
14.28,14.28,18.92,51.91,72.91
14.87,14.87,21.30,48.22,68.26
19.25,19.25,22.45,48.36,70.45
19.50,19.50,27.20,47.30,71.02
21.35,21.35,27.76,45.04,70.62
18.07,18.07,31.20,46.85,71.18
16.21,16.21,41.45,48.46,73.50
18.12,18.12,41.43,43.36,72.30
22.32,22.32,40.48,35.92,67.65
24.29,24.29,39.13,43.72,69.96
19.35,19.35,26.18,47.40,71.88
14.92,14.92,19.86,52.06,72.23
10.01,10.01,14.25,69.46,70.76
13.09,13.09,12.55,67.18,69.53
16.01,16.01,13.79,67.39,70.91
21.28,21.28,17.02,66.82,69.62
19.53,19.53,17.30,67.19,69.66
15.83,15.83,15.04,67.44,72.01
14.31,14.31,16.13,67.50,72.79
18.36,18.36,18.16,67.77,68.62
23.73,23.73,19.65,67.63,70.31
23.29,23.29,18.82,67.29,68.64
24.59,24.59,22.29,66.93,70.14
26.90,26.90,27.62,65.91,68.25
24.18,24.18,24.81,67.01,71.60
25.49,25.49,24.34,66.56,71.65
28.69,28.69,26.05,66.53,68.43
30.59,30.59,26.01,66.72,67.69
29.90,29.90,25.41,66.41,71.62
31.92,31.92,25.16,65.84,67.56
30.68,30.68,23.63,66.43,66.40
31.00,31.00,22.80,66.84,70.29
27.15,27.15,22.09,66.93,66.65
22.56,22.56,20.47,67.43,70.42
20.48,20.48,20.26,68.10,70.25
19.36,19.36,22.16,64.48,72.51
21.32,21.32,14.15,62.94,70.01
21.39,21.39,15.06,64.32,68.95
25.38,25.38,18.44,64.67,71.78
25.97,25.97,17.38,64.83,71.28
26.13,26.13,23.32,64.83,70.74
27.18,27.18,15.13,64.83,70.71
27.92,27.92,17.60,64.68,70.90
28.24,28.24,18.98,58.32,71.52
25.31,25.31,18.71,51.64,69.79
20.87,20.87,17.59,51.85,70.72
21.16,21.16,15.90,46.10,70.64
19.99,19.99,14.49,63.44,71.15
22.44,22.44,13.83,59.92,70.45
24.77,24.77,14.70,59.47,69.86
26.18,26.18,13.60,61.16,71.57
24.96,24.96,13.11,60.77,68.47
26.19,26.19,16.86,61.89,69.71
25.92,25.92,17.23,61.48,68.69
29.84,29.84,19.84,62.35,66.13
29.92,29.92,21.92,61.20,70.72
25.45,25.45,23.46,61.85,70.89
21.76,21.76,20.98,61.90,69.91
21.69,21.69,22.37,63.47,72.17
20.94,20.94,20.51,61.01,71.55
22.47,22.47,23.49,61.24,70.65
23.77,23.77,25.67,61.12,68.85
24.76,24.76,26.27,60.04,70.53
26.10,26.10,23.73,61.24,71.74
26.94,26.94,23.08,61.55,68.80
27.19,27.19,26.51,61.87,69.88
26.52,26.52,24.01,61.82,65.43
23.13,23.13,23.60,61.81,69.75
20.47,20.47,22.32,60.20,70.21
18.03,18.03,21.81,60.41,68.40
16.82,16.82,22.41,61.06,73.12
17.56,17.56,21.55,61.40,72.45
19.36,19.36,21.65,61.03,69.64
20.92,20.92,21.13,61.06,71.68
21.29,21.29,19.93,60.91,72.08
21.17,21.17,19.25,61.06,69.35
22.64,22.64,21.52,60.93,69.97
22.91,22.91,23.15,60.39,69.64
22.14,22.14,21.20,60.23,70.16
21.65,21.65,21.01,51.77,70.51
22.98,22.98,17.01,50.90,72.12
23.60,23.60,17.79,60.41,71.92
21.64,21.64,15.28,63.68,71.74
21.48,21.48,14.98,60.85,71.83
25.07,25.07,17.84,61.88,72.32
26.72,26.72,17.01,61.38,70.13
26.27,26.27,17.82,61.78,70.44
27.30,27.30,19.23,61.51,71.04
26.01,26.01,19.59,61.70,70.63
27.42,27.42,22.30,61.45,71.48
26.76,26.76,20.18,62.38,69.32
23.00,23.00,22.78,61.54,68.98
23.51,23.51,26.53,59.95,69.13
17.13,17.13,23.55,61.47,70.39
18.17,18.17,24.62,60.33,68.17
21.75,21.75,24.87,60.36,72.19
22.23,22.23,24.04,59.71,69.05
24.71,24.71,24.29,60.22,69.81
26.13,26.13,25.01,59.62,71.48
26.35,26.35,23.98,60.51,69.06
28.05,28.05,24.75,60.64,68.20
27.97,27.97,24.81,61.42,71.69
26.14,26.14,26.23,60.23,70.35
22.15,22.15,23.36,59.58,69.53
18.49,18.49,26.05,52.66,70.93
16.15,16.15,22.96,59.28,69.92
17.02,17.02,20.38,59.15,69.71
20.47,20.47,22.09,58.97,72.14
23.84,23.84,24.27,58.67,67.18
25.31,25.31,24.46,58.72,70.34
26.44,26.44,25.77,58.82,66.34
28.50,28.50,26.02,57.29,66.34
31.12,31.12,26.93,58.05,69.76
29.50,29.50,28.15,52.64,68.16
28.34,28.34,27.34,41.86,68.51
24.06,24.06,21.60,51.01,69.37
20.55,20.55,20.99,61.05,68.59
19.46,19.46,19.31,62.08,69.61
24.97,24.97,18.96,60.19,72.03
25.60,25.60,16.72,59.92,69.41
24.01,24.01,15.54,60.75,69.30
21.25,21.25,17.37,60.94,70.67
22.41,22.41,14.13,61.22,67.92
24.01,24.01,16.91,61.03,72.81
22.90,22.90,13.77,60.84,70.05
20.53,20.53,11.81,60.52,71.62
22.48,22.48,18.72,61.43,71.07
25.05,25.05,23.08,62.22,71.82
28.31,28.31,25.03,60.92,70.59
27.34,27.34,22.77,60.01,71.70
28.49,28.49,23.80,60.28,69.90
27.74,27.74,23.73,60.40,71.67
27.71,27.71,25.19,59.87,71.30
28.18,28.18,26.53,59.82,71.01
27.91,27.91,26.87,60.46,67.65
29.49,29.49,27.24,60.57,69.40
30.57,30.57,25.86,60.78,67.92
26.06,26.06,25.11,60.34,66.32
21.55,21.55,26.20,59.91,65.56
18.12,18.12,23.91,50.66,68.35
13.17,13.17,21.20,58.12,72.44
13.27,13.27,24.88,58.43,70.92
13.90,13.90,19.33,57.43,69.88
14.65,14.65,21.59,58.60,71.15
17.37,17.37,21.62,58.24,71.52
18.19,18.19,21.27,58.39,71.70
20.18,20.18,24.16,58.51,73.11
20.04,20.04,27.21,58.28,69.19
22.12,22.12,28.91,53.25,70.62
22.90,22.90,26.96,52.43,70.48
22.63,22.63,23.85,41.28,68.60
24.16,24.16,23.29,52.11,71.63
24.25,24.25,21.55,63.22,71.15
23.38,23.38,22.88,56.21,72.29
26.07,26.07,24.70,48.94,71.33
25.70,25.70,23.34,48.69,71.37
28.05,28.05,23.52,46.37,72.50
26.32,26.32,27.03,45.93,68.80
26.29,26.29,34.60,45.56,67.13
25.79,25.79,39.09,44.76,71.08
25.80,25.80,33.90,43.42,69.11
23.86,23.86,41.12,42.62,70.09
22.53,22.53,39.15,42.82,68.21
16.42,16.42,40.02,49.58,70.79
11.53,11.53,30.46,51.94,73.86
10.35,10.35,28.15,49.40,74.17
14.09,14.09,25.33,42.29,72.96
16.80,16.80,24.97,46.04,73.78
17.67,17.67,24.38,41.87,73.33
19.09,19.09,32.78,44.98,71.21
19.70,19.70,37.06,42.64,71.76
22.99,22.99,43.67,41.25,72.44
23.92,23.92,42.39,43.71,70.01
20.78,20.78,40.37,41.74,71.40
16.31,16.31,39.21,40.93,70.31
14.48,14.48,20.40,44.55,70.51
15.54,15.54,19.02,54.53,75.04
15.98,15.98,17.09,42.89,72.87
18.60,18.60,16.66,43.42,70.15
21.62,21.62,20.98,41.36,74.77
21.30,21.30,21.76,43.90,70.55
22.52,22.52,34.01,44.19,69.89
22.36,22.36,41.11,42.40,71.95
24.85,24.85,39.11,39.89,70.51
26.39,26.39,37.81,36.02,66.34
25.49,25.49,40.55,38.21,67.91
24.22,24.22,26.28,42.16,68.44
23.29,23.29,20.97,53.37,69.70
23.63,23.63,18.41,63.00,71.04
22.49,22.49,17.76,58.39,71.31
23.93,23.93,17.59,58.56,71.07
25.74,25.74,17.07,58.31,70.15
25.50,25.50,19.31,57.70,71.47
26.95,26.95,19.68,58.57,69.16
26.04,26.04,20.23,58.64,71.77
27.40,27.40,21.72,59.26,70.48
23.63,23.63,19.98,59.34,68.53
22.33,22.33,18.77,59.03,72.37
19.91,19.91,21.69,58.16,68.91
20.14,20.14,22.97,58.79,72.11
23.01,23.01,24.39,58.60,73.41
22.13,22.13,20.48,57.81,68.72
26.34,26.34,21.26,58.61,73.17
27.48,27.48,23.21,58.35,72.40
25.87,25.87,27.24,58.83,66.34
30.89,30.89,26.47,58.42,72.49
36.14,36.14,28.16,59.60,68.47
46.43,46.43,29.31,56.16,69.81
48.15,48.15,27.93,57.87,68.49
58.07,58.07,25.11,53.37,70.56
61.08,61.08,20.21,59.44,70.09
69.61,69.61,17.46,62.26,72.07
68.53,68.53,15.01,52.19,70.60
71.45,71.45,16.64,50.82,70.22
70.22,70.22,18.52,55.49,71.12
68.50,68.50,21.38,56.77,68.82
66.90,66.90,26.49,58.06,72.42
69.08,69.08,22.89,58.26,70.15
70.39,70.39,25.82,56.76,70.11
67.72,67.72,26.99,56.97,70.23
66.97,66.97,30.84,53.93,69.76
66.89,66.89,30.82,43.44,71.11
66.96,66.96,26.11,44.00,67.81
69.35,69.35,27.24,46.25,73.05
71.14,71.14,26.49,62.37,70.20
71.01,71.01,25.67,60.23,70.25
69.85,69.85,25.02,59.21,70.24
68.92,68.92,24.60,58.99,70.03
68.11,68.11,27.31,59.40,71.07
68.75,68.75,25.79,58.27,69.37
69.83,69.83,24.86,57.47,70.67
71.72,71.72,24.76,59.22,68.13
71.54,71.54,26.32,59.63,70.80
70.48,70.48,25.49,59.53,67.15
68.49,68.49,24.56,59.86,70.60
66.57,66.57,26.04,62.48,69.16
69.36,69.36,26.16,59.80,70.57
71.39,71.39,24.12,57.09,71.31
71.74,71.74,24.54,56.56,68.19
70.49,70.49,24.80,54.50,69.52
70.89,70.89,30.78,52.56,69.67
70.40,70.40,38.36,44.60,70.01
70.59,70.59,43.99,36.97,68.84
70.60,70.60,38.93,36.82,68.58
69.97,69.97,40.96,36.44,67.05
68.53,68.53,34.20,47.88,70.68
61.26,61.26,32.20,54.83,71.43
51.61,51.61,33.98,55.60,71.05
45.43,45.43,32.08,63.16,72.12
46.58,46.58,33.59,60.58,71.11
50.06,50.06,35.34,57.79,72.73
48.43,48.43,35.21,56.92,67.81
50.51,50.51,36.35,52.46,68.58
46.35,46.35,36.06,52.72,69.48
46.80,46.80,36.71,52.60,71.64
48.57,48.57,38.45,48.62,70.96
50.78,50.78,37.47,44.81,67.28
54.29,54.29,35.71,53.01,67.78
60.11,60.11,29.39,57.46,69.51
69.56,69.56,26.63,65.74,69.22
71.45,71.45,25.43,68.80,69.10
70.70,70.70,25.67,68.52,68.34
70.45,70.45,26.50,69.15,65.68
69.50,69.50,26.71,68.03,65.07
69.37,69.37,27.69,67.48,68.65
69.89,69.89,26.85,68.53,66.92
69.81,69.81,28.20,68.44,64.37
69.86,69.86,27.16,67.09,68.78
70.75,70.75,25.70,67.46,67.00
72.34,72.34,25.36,66.34,65.73
71.84,71.84,27.49,64.89,65.27
71.39,71.39,26.57,66.45,69.73
69.86,69.86,25.14,66.28,70.22
69.96,69.96,25.32,66.60,65.84
70.99,70.99,25.82,67.24,65.20
69.57,69.57,26.57,66.89,69.73
69.32,69.32,26.08,66.51,70.60
69.10,69.10,25.98,67.01,64.68
69.52,69.52,24.35,66.57,64.04
70.09,70.09,24.71,65.56,71.77
70.39,70.39,23.04,63.16,69.94
69.64,69.64,25.80,59.63,66.97
69.94,69.94,25.91,64.00,72.09
70.49,70.49,24.90,65.34,72.04
70.59,70.59,23.54,64.04,69.10
70.54,70.54,23.66,64.54,70.03
72.00,72.00,20.61,66.10,71.43
69.67,69.67,20.65,64.64,67.04
70.80,70.80,21.12,63.60,69.70
68.99,68.99,22.19,64.16,71.62
71.09,71.09,21.00,62.74,68.87
71.03,71.03,24.90,57.71,67.99
70.16,70.16,20.67,51.82,68.64
68.26,68.26,21.20,65.29,67.72
69.57,69.57,20.02,71.99,69.15
70.09,70.09,18.91,69.80,65.71
69.02,69.02,18.57,69.65,67.67
71.07,71.07,19.40,70.88,69.44
70.83,70.83,20.02,69.80,66.79
69.26,69.26,18.93,69.39,67.85
69.08,69.08,19.05,70.53,65.98
68.89,68.89,18.37,69.97,66.44
67.45,67.45,18.51,68.84,70.76
67.70,67.70,20.64,70.62,69.03
67.72,67.72,24.59,70.05,70.43
66.46,66.46,25.53,70.56,68.89
66.51,66.51,22.19,69.65,71.48
66.04,66.04,20.37,68.57,68.82
67.17,67.17,18.80,67.48,71.76
68.03,68.03,19.14,68.16,71.70
69.66,69.66,19.99,69.03,68.13
67.39,67.39,19.18,67.81,66.68
64.10,64.10,21.91,67.73,69.04
67.88,67.88,23.38,68.08,68.57
65.53,65.53,24.02,67.32,68.52
64.70,64.70,23.53,68.04,69.37
66.61,66.61,25.23,68.82,68.77
61.97,61.97,23.94,66.96,73.80
60.20,60.20,20.26,68.31,72.38
61.66,61.66,19.11,65.65,74.43
53.17,53.17,20.23,64.97,71.25
47.77,47.77,25.01,65.98,72.27
53.31,53.31,27.94,65.30,71.28
54.25,54.25,27.33,64.53,71.34
55.83,55.83,28.33,65.05,69.13
56.22,56.22,27.93,64.78,67.80
56.67,56.67,29.93,65.66,69.57
56.99,56.99,30.20,67.41,66.11
50.91,50.91,28.46,59.98,71.46
56.95,56.95,23.57,70.48,72.10
67.21,67.21,26.17,71.43,70.94
72.96,72.96,25.98,72.45,71.03
71.69,71.69,25.75,72.39,71.11
71.66,71.66,27.24,71.71,70.73
72.51,72.51,26.83,71.85,71.14
71.08,71.08,27.38,72.71,71.08
71.36,71.36,25.70,71.50,68.94
70.50,70.50,24.50,71.76,70.36
69.23,69.23,27.81,72.04,68.56
69.43,69.43,27.34,71.09,66.37
71.36,71.36,26.79,70.78,71.08
70.17,70.17,27.43,72.58,70.21
68.71,68.71,27.91,71.75,70.52
69.33,69.33,27.96,70.62,72.56
68.97,68.97,25.33,71.88,70.40
70.29,70.29,26.60,70.98,72.68
69.03,69.03,25.04,71.35,72.43
67.08,67.08,27.59,72.00,72.60
69.52,69.52,27.43,70.58,68.83
67.64,67.64,28.42,70.43,71.14
68.80,68.80,30.62,71.47,69.51
69.76,69.76,32.12,70.18,64.93
67.95,67.95,31.28,70.20,70.93
65.67,65.67,29.31,71.76,71.55
67.30,67.30,29.64,70.40,72.50
66.77,66.77,31.60,69.24,71.03
67.28,67.28,28.03,70.60,71.63
65.19,65.19,28.40,69.37,73.46
62.51,62.51,28.45,69.31,70.10
62.73,62.73,28.27,70.78,72.67
63.23,63.23,25.93,69.58,70.67
62.68,62.68,27.77,68.97,70.52
64.00,64.00,27.74,70.42,67.65
65.18,65.18,28.80,66.67,72.12
64.89,64.89,26.27,55.85,71.26
65.22,65.22,26.45,62.11,70.85
62.36,62.36,29.82,69.63,69.78
61.50,61.50,30.88,72.95,70.51
64.26,64.26,28.39,71.54,68.57
62.64,62.64,26.05,72.19,69.18
61.14,61.14,24.09,71.45,71.19
58.46,58.46,25.00,70.88,70.55
62.46,62.46,24.29,71.95,68.57
63.65,63.65,25.08,70.94,69.58
62.47,62.47,24.69,70.70,68.02
59.81,59.81,27.20,72.35,68.93
54.52,54.52,25.29,70.55,72.19
47.15,47.15,23.32,70.05,68.46
48.10,48.10,26.83,70.33,68.07
50.60,50.60,31.88,71.44,67.80
51.67,51.67,31.20,68.87,70.12
48.63,48.63,29.03,69.62,69.98
49.26,49.26,29.78,69.84,69.16
48.37,48.37,30.43,68.71,66.86
48.17,48.17,29.72,69.46,68.15
48.96,48.96,28.40,69.13,67.08
46.41,46.41,29.12,68.04,66.23
45.42,45.42,29.41,67.19,68.63
45.01,45.01,27.60,66.79,68.54
44.75,44.75,27.36,66.18,67.08
32.23,32.23,26.94,67.52,70.31
36.52,36.52,24.91,65.55,69.73
37.32,37.32,25.71,66.44,71.01
38.14,38.14,25.33,65.75,70.98
36.54,36.54,25.14,66.67,68.65
33.08,33.08,25.41,65.50,70.90
32.14,32.14,23.93,65.77,71.63
31.62,31.62,23.26,63.36,71.76
29.13,29.13,25.03,61.18,70.90
26.28,26.28,26.40,60.74,73.45
28.13,28.13,22.24,57.97,74.98
29.49,29.49,23.94,62.78,71.86
27.40,27.40,25.38,74.44,73.81
27.64,27.64,20.92,73.11,71.27
28.68,28.68,19.27,73.26,71.97
29.10,29.10,21.95,73.06,72.34
29.58,29.58,22.14,72.47,67.67
29.83,29.83,23.57,73.69,72.31
30.02,30.02,24.49,72.70,69.15
27.90,27.90,26.62,72.53,68.16
25.61,25.61,29.87,73.84,69.65
24.69,24.69,28.93,73.60,71.66
25.23,25.23,30.36,72.52,68.70
26.78,26.78,28.45,72.59,71.99
28.16,28.16,27.95,72.94,70.89
26.84,26.84,25.73,72.68,71.16
24.90,24.90,26.72,73.04,69.92
29.29,29.29,28.13,72.93,71.19
29.40,29.40,28.59,72.29,66.38
31.52,31.52,28.18,73.35,71.43
28.95,28.95,26.18,72.35,67.81
25.63,25.63,25.71,71.95,68.76
24.42,24.42,26.82,72.05,69.21
22.11,22.11,26.93,71.50,71.06
24.65,24.65,27.00,71.32,69.41
26.54,26.54,26.13,72.04,71.96
26.78,26.78,25.23,73.09,71.76
28.48,28.48,24.80,71.31,68.83
28.24,28.24,23.75,71.86,70.75
29.85,29.85,24.84,72.37,68.56
31.04,31.04,25.63,71.08,70.28
28.90,28.90,23.86,71.64,68.99
26.32,26.32,22.50,68.90,68.38
22.84,22.84,22.94,62.97,70.42
20.14,20.14,24.57,59.40,69.36
20.87,20.87,26.14,66.89,72.71
24.78,24.78,26.67,74.06,68.55
30.78,30.78,24.53,71.57,72.70
29.54,29.54,24.56,71.25,68.83
31.24,31.24,25.56,72.92,72.39
31.98,31.98,23.97,71.38,70.85
30.16,30.16,23.92,71.56,71.50
30.95,30.95,26.30,72.15,69.69
22.99,22.99,25.60,71.53,71.25
21.20,21.20,26.46,71.22,71.56
15.73,15.73,24.22,72.26,70.93
19.54,19.54,30.87,71.09,69.74
21.26,21.26,32.29,70.36,71.74
22.89,22.89,31.73,70.83,66.72
23.68,23.68,29.83,70.31,70.07
25.20,25.20,30.02,69.31,69.48
25.89,25.89,29.92,69.93,68.67
28.05,28.05,28.51,69.85,65.56
28.20,28.20,28.49,68.47,69.11
27.14,27.14,26.18,69.99,69.30
27.53,27.53,27.06,69.25,68.31
21.83,21.83,26.46,68.91,69.83
15.50,15.50,25.52,70.23,71.09
13.10,13.10,23.98,66.77,71.34
21.45,21.45,25.85,66.69,74.47
24.98,24.98,25.18,67.43,72.10
20.51,20.51,23.36,67.57,70.69
20.64,20.64,23.16,67.06,73.19
22.05,22.05,22.68,66.29,70.71
21.65,21.65,22.94,67.11,71.29
23.02,23.02,22.84,65.24,70.85
24.63,24.63,24.54,65.94,70.25
23.85,23.85,25.85,66.10,71.83
21.62,21.62,26.21,68.48,70.66
18.42,18.42,26.93,68.76,73.08
16.85,16.85,26.67,66.61,73.00
19.39,19.39,26.43,73.61,73.45
20.53,20.53,25.88,71.98,72.79
22.21,22.21,24.03,70.02,71.73
25.76,25.76,28.31,70.92,72.87
26.78,26.78,25.35,70.40,72.30
27.36,27.36,25.87,69.78,69.90
26.40,26.40,27.81,69.69,71.16
26.53,26.53,27.52,70.12,70.78
25.74,25.74,24.32,69.38,70.04
24.20,24.20,25.87,69.40,67.97
21.02,21.02,27.46,68.07,70.12
19.47,19.47,27.95,66.91,71.36
22.01,22.01,27.22,67.63,64.81
24.00,24.00,25.35,67.39,69.81
25.60,25.60,26.64,67.13,69.59
26.42,26.42,26.12,67.90,68.25
27.74,27.74,27.47,68.27,72.75
29.51,29.51,24.61,66.38,69.79
28.62,28.62,24.45,66.65,67.86
27.14,27.14,24.00,67.35,71.35
28.38,28.38,24.65,66.33,70.73
21.00,21.00,24.49,65.61,68.22
19.13,19.13,27.87,66.41,71.81
20.28,20.28,29.24,62.81,70.46
21.31,21.31,27.45,66.13,71.19
24.47,24.47,24.56,63.09,73.37
26.53,26.53,25.32,62.47,70.25
28.27,28.27,23.01,61.23,70.39
31.60,31.60,21.99,63.21,70.67
32.28,32.28,21.69,61.13,69.80
30.72,30.72,22.54,59.59,69.49
31.21,31.21,23.31,63.26,67.62
31.16,31.16,23.26,66.44,65.98
27.59,27.59,23.61,67.43,68.91
27.28,27.28,22.85,62.73,70.09
26.05,26.05,20.36,65.83,69.74
26.47,26.47,19.22,75.28,71.28
25.95,25.95,21.40,74.24,68.98
24.19,24.19,21.75,73.37,71.88
25.80,25.80,22.81,73.33,70.06
26.46,26.46,20.14,74.19,69.45
27.18,27.18,19.88,73.06,70.78
29.01,29.01,19.54,73.79,70.53
26.29,26.29,20.90,73.63,70.15
24.08,24.08,23.60,72.53,71.84
21.93,21.93,25.37,72.62,68.49
20.97,20.97,25.16,73.82,67.02
25.27,25.27,29.28,71.82,65.55
26.68,26.68,28.42,71.00,67.75
26.15,26.15,29.49,72.68,66.51
26.48,26.48,30.52,71.78,69.37
27.83,27.83,30.16,71.20,69.16
28.03,28.03,27.91,72.92,69.99
27.60,27.60,24.12,71.54,69.20
29.15,29.15,23.29,71.59,70.83
25.95,25.95,24.82,72.24,69.94
22.55,22.55,26.22,70.72,70.84
24.92,24.92,28.19,70.16,70.97
23.26,23.26,27.26,70.34,72.05
23.02,23.02,25.58,69.26,70.62
24.93,24.93,23.29,69.13,70.68
26.23,26.23,24.48,69.87,71.93
26.31,26.31,24.72,70.09,68.10
28.46,28.46,25.34,69.17,71.55
27.42,27.42,23.10,69.75,73.23
28.21,28.21,23.32,68.89,70.50
29.49,29.49,25.90,69.20,70.09
28.91,28.91,26.39,68.64,71.10
28.68,28.68,27.72,66.71,72.97
26.37,26.37,29.79,66.51,71.35
24.34,24.34,25.35,60.05,72.84
24.95,24.95,24.15,70.32,70.38
24.94,24.94,24.01,70.85,70.04
29.72,29.72,22.92,71.61,69.90
35.05,35.05,24.03,71.44,72.30
34.26,34.26,22.39,70.45,71.38
33.68,33.68,24.55,70.84,69.10
33.64,33.64,22.79,71.87,71.11
32.59,32.59,22.13,70.65,71.15
27.18,27.18,22.34,71.47,68.73
22.06,22.06,25.57,71.89,67.95
14.38,14.38,24.58,71.24,71.31
17.94,17.94,28.03,71.02,69.31
17.41,17.41,29.82,71.63,70.77
19.80,19.80,28.96,69.72,69.48
21.98,21.98,29.22,70.46,70.28
23.13,23.13,29.16,71.05,72.47
25.56,25.56,28.62,70.15,73.77
25.80,25.80,27.71,70.12,70.27
30.71,30.71,27.65,71.46,72.09
30.24,30.24,26.24,69.23,68.62
28.10,28.10,26.43,70.52,68.30
24.26,24.26,28.19,69.63,73.04
18.59,18.59,28.02,69.55,72.69
19.97,19.97,30.51,68.38,71.27
22.97,22.97,27.93,68.90,71.27
26.03,26.03,26.89,67.33,69.45
29.34,29.34,28.27,68.18,70.27
30.77,30.77,28.09,68.73,68.62
31.19,31.19,27.30,67.12,67.44
30.68,30.68,24.82,67.27,69.48
30.00,30.00,24.11,68.45,65.85
30.28,30.28,26.12,66.19,68.45
29.65,29.65,26.89,61.52,68.98
28.32,28.32,28.51,60.41,67.17
28.06,28.06,26.44,61.41,71.13
29.71,29.71,24.91,68.11,68.40
28.70,28.70,22.86,71.97,68.62
29.82,29.82,21.96,69.55,68.72
30.78,30.78,25.94,69.93,67.87
30.92,30.92,24.22,70.60,69.70
31.46,31.46,23.65,69.49,72.62
31.49,31.49,25.33,70.39,71.75
34.24,34.24,24.40,69.61,70.53
42.03,42.03,23.58,68.58,71.23
53.79,53.79,27.54,68.07,70.98
55.19,55.19,27.79,64.74,71.20
65.26,65.26,29.81,65.79,71.32
67.27,67.27,22.05,69.35,70.01
64.72,64.72,20.28,69.59,70.06
67.95,67.95,19.58,68.95,72.55
66.62,66.62,21.24,69.19,71.70
68.89,68.89,14.40,69.39,68.21
67.57,67.57,15.91,69.06,71.05
66.16,66.16,17.48,70.25,71.60
65.49,65.49,20.34,67.83,66.47
69.07,69.07,24.49,68.38,70.26
70.07,70.07,31.75,67.90,68.48
70.65,70.65,29.31,69.81,70.12
69.37,69.37,34.78,69.35,72.91
68.80,68.80,33.73,68.15,72.00
67.20,67.20,31.96,69.31,70.82
65.50,65.50,28.59,68.06,69.40
64.19,64.19,22.37,68.96,71.95
67.42,67.42,23.78,69.13,68.39
69.54,69.54,25.34,67.73,69.50
71.83,71.83,29.18,69.38,69.65
71.97,71.97,30.80,67.42,69.55
71.32,71.32,27.44,67.75,67.47
71.19,71.19,31.75,68.75,68.52
70.66,70.66,24.21,66.32,71.22
71.32,71.32,22.83,57.70,71.46
71.84,71.84,25.46,56.91,70.51
69.24,69.24,23.76,69.14,69.19
69.78,69.78,24.51,69.89,71.90
69.61,69.61,24.36,67.65,71.16
70.16,70.16,24.95,69.32,67.52
70.73,70.73,24.38,68.07,69.97
69.12,69.12,25.26,68.36,68.33
66.46,66.46,23.14,68.53,69.06
54.98,54.98,21.29,67.27,67.33
55.01,55.01,28.29,66.48,68.80
57.49,57.49,32.38,67.87,69.48
56.69,56.69,33.70,70.64,71.77
51.55,51.55,32.95,68.02,72.42
49.64,49.64,33.11,66.72,68.95
46.52,46.52,34.83,67.83,70.43
43.49,43.49,34.78,68.43,68.94
44.26,44.26,33.90,68.86,69.84
50.62,50.62,32.84,67.77,70.64
48.96,48.96,32.70,68.39,71.07
48.98,48.98,34.26,69.73,67.80
51.85,51.85,32.72,67.87,69.38
52.36,52.36,35.67,67.73,68.45
60.11,60.11,33.30,67.96,72.45
70.94,70.94,33.19,67.96,73.69
68.24,68.24,36.17,66.42,73.40
67.98,67.98,22.66,68.42,70.46
66.27,66.27,21.70,68.81,71.61
67.84,67.84,23.18,68.05,71.95
67.84,67.84,23.75,67.20,71.59
68.54,68.54,25.89,69.24,73.46
70.63,70.63,25.83,67.58,70.46
70.45,70.45,26.41,67.88,71.99
69.31,69.31,27.23,67.17,69.60
70.43,70.43,26.22,67.26,73.19
70.68,70.68,27.27,67.46,72.97
68.80,68.80,27.53,60.63,71.50
69.37,69.37,27.44,55.64,74.59
69.24,69.24,27.39,60.22,73.08
69.44,69.44,28.46,72.55,72.24
70.31,70.31,27.06,73.96,72.04
70.74,70.74,29.82,72.33,71.84
69.75,69.75,29.14,70.92,70.66
68.93,68.93,27.19,73.27,70.70
67.20,67.20,29.57,71.90,72.22
68.58,68.58,33.37,70.69,69.54
72.08,72.08,34.47,70.44,70.13
71.26,71.26,29.48,72.14,71.41
68.22,68.22,25.66,70.58,70.32
68.39,68.39,25.29,68.70,72.22
70.77,70.77,27.57,70.35,68.54
69.40,69.40,27.76,69.50,72.75
69.03,69.03,27.39,68.08,69.91
70.76,70.76,27.28,67.30,71.01
69.46,69.46,26.28,69.06,72.52
70.78,70.78,27.11,67.86,68.50
69.62,69.62,30.31,66.77,67.65
69.20,69.20,32.72,64.27,70.71
69.33,69.33,31.86,67.53,69.62
66.48,66.48,28.68,68.72,71.61
69.70,69.70,27.84,63.90,73.00
69.11,69.11,25.69,64.81,70.30
68.14,68.14,24.26,65.36,71.52
70.34,70.34,24.42,63.22,71.92
68.99,68.99,24.12,62.40,72.45
68.69,68.69,21.82,62.47,68.71
70.16,70.16,18.90,63.99,68.80
68.90,68.90,19.63,60.71,72.71
69.92,69.92,18.82,58.06,70.31
69.38,69.38,26.25,58.79,72.37
67.09,67.09,23.94,61.65,71.59
70.32,70.32,18.48,60.93,71.60
69.56,69.56,18.31,61.58,71.31
69.90,69.90,18.60,71.45,70.25
71.01,71.01,18.21,74.04,69.88
69.13,69.13,16.91,73.66,68.82
66.22,66.22,16.86,71.54,69.01
64.90,64.90,17.06,72.43,67.95
63.85,63.85,17.68,72.47,70.17
65.80,65.80,19.17,72.15,71.24
57.37,57.37,19.20,71.07,66.21
60.88,60.88,30.21,70.04,72.22
63.20,63.20,30.86,71.36,67.16
56.49,56.49,31.70,71.01,71.18
60.91,60.91,14.36,70.01,67.31
54.49,54.49,17.44,69.36,69.91
55.64,55.64,20.55,70.09,68.12
57.81,57.81,20.22,69.77,69.90
58.95,58.95,19.57,68.61,67.01
57.09,57.09,20.77,67.97,69.07
57.65,57.65,20.98,68.00,67.96
57.27,57.27,22.41,68.11,68.24
56.63,56.63,27.52,65.88,67.84
51.92,51.92,29.83,68.49,71.37
54.51,54.51,25.05,67.27,71.01
51.87,51.87,18.63,66.93,72.54
67.91,67.91,21.57,65.47,71.61
69.84,69.84,21.82,65.44,69.67
69.13,69.13,23.27,66.02,70.46
70.37,70.37,16.93,64.26,70.83
69.86,69.86,16.91,64.05,65.55
68.89,68.89,17.70,63.61,69.89
70.02,70.02,20.31,63.74,68.46
69.06,69.06,21.27,61.46,70.34
68.97,68.97,29.00,63.24,69.89
71.06,71.06,25.08,66.71,71.77
71.80,71.80,24.36,67.30,71.16
72.06,72.06,20.08,65.90,68.51
69.57,69.57,22.20,71.59,71.08
71.65,71.65,22.83,75.58,71.31
69.84,69.84,20.25,75.02,69.58
70.43,70.43,25.07,73.29,71.94
69.05,69.05,23.80,73.35,70.83
68.01,68.01,22.47,73.26,68.66
68.97,68.97,20.67,73.98,69.66
67.61,67.61,21.95,73.87,69.89
68.78,68.78,24.29,72.88,71.08
67.60,67.60,28.19,73.20,71.66
68.57,68.57,27.36,71.77,70.84
68.63,68.63,25.52,72.92,69.75
67.49,67.49,21.39,71.32,69.97
68.65,68.65,20.61,72.29,69.98
67.35,67.35,21.46,71.27,70.13
68.16,68.16,22.27,70.82,69.10
66.98,66.98,20.63,70.69,71.08
64.71,64.71,19.31,70.04,69.39
63.29,63.29,27.11,70.95,69.57
66.29,66.29,23.25,70.92,71.40
66.98,66.98,25.46,70.69,69.94
67.31,67.31,27.75,67.57,74.46
66.17,66.17,25.22,68.21,72.79
67.41,67.41,20.02,67.59,71.84
68.28,68.28,18.56,67.17,72.14
66.24,66.24,18.94,67.87,71.40
66.11,66.11,17.35,66.64,72.97
63.65,63.65,15.29,67.00,68.44
63.65,63.65,13.44,65.30,72.52
65.04,65.04,14.12,66.84,70.87
63.15,63.15,20.02,66.34,72.76
63.94,63.94,17.39,65.93,71.77
61.70,61.70,17.88,65.12,71.19
57.66,57.66,11.65,64.65,72.20
55.49,55.49,14.35,56.37,72.28
53.48,53.48,11.24,70.97,70.06
51.92,51.92,13.30,74.14,73.55
55.18,55.18,13.50,73.74,70.64
56.29,56.29,17.48,73.32,72.77
57.15,57.15,18.67,71.36,71.26
55.18,55.18,19.14,71.84,71.62
55.74,55.74,20.81,72.25,71.59
54.13,54.13,22.11,72.55,70.62
50.38,50.38,23.21,69.42,71.29
43.59,43.59,19.69,70.28,70.75
41.02,41.02,15.65,71.42,71.55
50.25,50.25,16.71,71.26,70.21
41.10,41.10,18.56,69.20,70.88
50.32,50.32,19.00,70.05,69.87
51.01,51.01,24.05,70.42,70.14
51.08,51.08,23.89,68.38,70.40
50.77,50.77,21.22,68.04,70.36
50.23,50.23,21.93,68.48,70.78
47.82,47.82,25.36,68.78,69.09
47.77,47.77,33.58,67.18,70.35
45.24,45.24,38.87,70.09,71.04
43.48,43.48,40.18,69.03,75.33
44.60,44.60,26.64,67.04,72.01
38.88,38.88,29.83,66.24,76.11
42.97,42.97,29.61,64.28,70.78
40.42,40.42,24.44,65.99,72.26
38.08,38.08,28.56,65.70,76.29
42.86,42.86,28.89,65.23,70.11
41.73,41.73,27.41,63.79,73.67
32.40,32.40,20.00,64.40,71.36
29.30,29.30,21.04,64.40,71.30
31.00,31.00,25.38,63.27,73.77
31.70,31.70,24.15,66.99,66.45
27.34,27.34,16.39,62.31,73.06
32.49,32.49,16.95,71.25,71.47
29.37,29.37,17.29,75.22,71.95
32.19,32.19,20.28,74.17,71.95
36.67,36.67,21.96,72.70,72.81
33.75,33.75,19.89,72.35,72.46
32.08,32.08,13.28,72.99,68.20
26.83,26.83,15.70,73.97,70.59
30.55,30.55,18.94,72.85,71.02
25.11,25.11,18.40,72.75,71.17
22.90,22.90,21.84,72.57,69.90
25.25,25.25,23.31,73.11,72.22
26.40,26.40,20.02,71.92,71.98
29.23,29.23,18.17,70.57,73.39
28.88,28.88,18.55,71.88,74.42
27.88,27.88,18.03,70.85,71.49
26.24,26.24,17.36,71.19,74.53
27.62,27.62,16.03,69.40,71.42
27.76,27.76,17.08,70.10,72.59
26.96,26.96,17.84,70.15,71.92
24.41,24.41,18.33,68.83,70.95
21.35,21.35,27.28,68.50,69.92
17.07,17.07,32.03,68.90,73.14
15.58,15.58,31.10,68.41,72.28
16.73,16.73,24.44,66.37,71.97
17.69,17.69,23.53,68.24,72.86
17.59,17.59,27.19,68.11,72.43
18.84,18.84,24.70,68.12,67.92
19.30,19.30,24.48,66.63,73.15
19.56,19.56,23.94,66.08,73.53
22.14,22.14,18.65,66.54,70.57
22.55,22.55,19.62,66.34,69.89
21.64,21.64,14.80,65.48,70.82
15.85,15.85,16.30,63.69,71.03
13.59,13.59,18.47,59.68,70.79
12.72,12.72,19.62,70.86,71.60
14.63,14.63,19.57,73.32,71.08
20.17,20.17,21.08,72.26,71.52
22.47,22.47,18.61,71.80,72.25
25.32,25.32,18.94,70.60,72.03
25.04,25.04,20.52,70.73,69.02
23.99,23.99,19.07,70.63,70.73
25.74,25.74,17.12,70.45,71.03
24.31,24.31,16.06,68.78,69.85
22.07,22.07,21.92,70.37,71.59
16.35,16.35,26.71,68.52,69.79
20.28,20.28,28.94,70.20,70.41
25.26,25.26,20.08,68.03,70.19
25.88,25.88,12.44,68.22,70.22
22.51,22.51,15.79,68.60,72.81
25.32,25.32,19.03,66.61,71.43
21.51,21.51,15.86,67.43,73.26
21.95,21.95,19.94,65.63,71.96
25.55,25.55,15.65,65.69,71.13
24.77,24.77,17.33,64.28,71.75
21.53,21.53,17.96,64.85,71.06
20.78,20.78,30.24,63.92,70.74
17.89,17.89,32.15,66.30,72.82
15.05,15.05,33.99,62.12,72.01
14.62,14.62,20.68,61.93,73.23
15.82,15.82,24.93,63.16,72.17
18.05,18.05,25.43,62.99,72.30
19.92,19.92,31.44,63.81,69.24
21.03,21.03,25.63,59.94,72.11
22.57,22.57,28.40,59.32,68.58
25.98,25.98,20.20,61.16,71.47
25.39,25.39,19.95,59.68,69.86
24.32,24.32,21.24,59.91,69.06
23.26,23.26,31.31,57.28,70.63
19.53,19.53,38.44,63.01,69.38
18.39,18.39,31.56,58.89,73.18
21.35,21.35,24.12,70.39,70.28
22.19,22.19,19.72,75.30,71.73
24.68,24.68,20.51,74.29,71.60
26.61,26.61,19.08,72.03,73.74
27.14,27.14,18.65,72.48,69.71
26.80,26.80,18.32,72.62,73.05
28.37,28.37,22.09,72.78,73.38
27.38,27.38,22.62,71.13,70.96
26.39,26.39,17.03,72.23,73.24
22.08,22.08,26.41,71.51,70.20
17.62,17.62,27.05,71.71,71.73
14.06,14.06,21.90,70.85,73.11
19.41,19.41,21.78,70.56,71.03
22.60,22.60,15.07,70.95,74.06
24.66,24.66,21.48,70.01,70.20
28.53,28.53,18.04,69.19,71.35
28.04,28.04,18.35,68.14,70.02
25.88,25.88,15.91,68.35,71.58
25.34,25.34,21.23,67.96,69.19
23.66,23.66,17.26,67.75,69.28
19.68,19.68,26.33,67.70,72.50
20.71,20.71,28.72,65.73,70.66
18.30,18.30,26.94,66.08,75.91
17.66,17.66,29.37,65.17,74.63
17.05,17.05,27.21,65.40,71.19
19.00,19.00,25.28,64.74,75.30
18.13,18.13,28.73,66.53,72.98
19.43,19.43,28.67,62.63,74.84
22.95,22.95,29.63,62.07,74.47
25.95,25.95,23.49,63.91,72.14
25.07,25.07,22.97,64.22,72.12
24.79,24.79,22.69,61.63,74.27
22.86,22.86,20.56,62.37,72.57
18.04,18.04,20.42,64.57,71.74
16.53,16.53,17.70,67.01,71.56
12.31,12.31,18.32,75.35,74.75
19.22,19.22,14.39,74.91,74.66
21.25,21.25,20.62,72.80,68.64
20.99,20.99,21.22,73.95,73.78
22.12,22.12,20.59,72.33,73.45
23.40,23.40,17.30,73.26,71.43
25.80,25.80,14.89,72.55,72.24
27.15,27.15,14.68,72.47,72.74
25.61,25.61,21.93,72.48,72.65
22.49,22.49,18.97,71.83,68.86
19.45,19.45,22.90,72.76,69.61
20.45,20.45,20.11,71.58,72.59
17.14,17.14,19.61,71.46,71.35
20.57,20.57,15.62,70.64,69.83
23.34,23.34,17.58,71.06,71.92
24.81,24.81,15.44,70.43,68.72
23.95,23.95,15.00,70.00,70.46
27.20,27.20,15.83,69.90,70.46
26.63,26.63,13.99,70.23,70.56
27.55,27.55,18.85,69.65,71.42
25.45,25.45,22.10,67.03,69.49
21.37,21.37,27.44,69.18,70.41
23.72,23.72,36.24,68.72,71.96
28.75,28.75,33.56,70.08,73.47
27.73,27.73,35.60,64.52,72.21
29.86,29.86,32.59,65.97,72.60
31.71,31.71,26.72,67.23,73.28
31.21,31.21,23.40,66.77,70.70
30.21,30.21,20.22,67.03,72.80
31.53,31.53,26.79,65.68,71.94
32.51,32.51,25.49,66.65,72.41
32.77,32.77,18.58,64.57,72.52
31.15,31.15,18.12,66.11,71.63
26.46,26.46,17.88,68.53,71.24
18.38,18.38,16.60,65.92,72.46
14.24,14.24,15.76,74.64,73.13
16.44,16.44,21.43,76.07,73.75
18.98,18.98,23.27,73.96,69.60
19.58,19.58,17.32,75.01,71.38
25.46,25.46,14.96,73.84,73.20
24.53,24.53,18.12,73.92,71.90
26.42,26.42,20.09,73.02,70.20
27.99,27.99,19.51,74.23,67.73
24.16,24.16,19.82,73.74,69.88
26.07,26.07,20.59,72.76,70.93
22.02,22.02,25.62,73.04,71.48
17.87,17.87,26.29,72.09,70.77
22.07,22.07,31.48,71.36,72.39
26.22,26.22,29.17,71.28,72.56
25.66,25.66,25.04,73.18,73.02
25.69,25.69,27.73,72.53,71.01
27.97,27.97,25.41,71.86,71.69
26.45,26.45,33.96,70.13,74.89
23.36,23.36,22.53,70.96,71.63
25.38,25.38,27.95,71.27,73.93
26.46,26.46,22.84,69.63,70.00
24.92,24.92,22.97,69.84,71.12
20.52,20.52,21.70,69.83,69.88
17.72,17.72,26.60,69.55,73.34
21.27,21.27,28.48,67.79,71.02
24.85,24.85,30.50,67.48,73.57
26.54,26.54,27.22,69.59,70.41
25.92,25.92,34.92,67.65,71.99
26.73,26.73,26.67,66.47,71.94
28.06,28.06,27.31,66.58,71.62
28.54,28.54,22.23,66.81,72.01
28.98,28.98,24.35,66.46,70.92
28.93,28.93,23.25,65.91,69.47
25.48,25.48,18.96,68.27,69.94
19.91,19.91,15.94,69.62,71.49
16.53,16.53,17.70,74.65,73.93
15.59,15.59,20.77,75.71,72.00
18.43,18.43,19.21,75.21,72.56
20.41,20.41,20.39,73.74,71.00
21.67,21.67,22.47,74.55,72.23
24.52,24.52,20.19,74.10,73.06
25.67,25.67,23.19,74.57,72.59
25.75,25.75,21.34,73.23,68.23
25.58,25.58,20.48,74.15,70.64
26.93,26.93,22.52,73.80,71.70
23.31,23.31,23.59,73.26,68.93
18.38,18.38,28.89,72.40,70.56
14.52,14.52,30.15,73.88,70.58
17.20,17.20,27.55,73.51,70.56
22.72,22.72,22.61,71.90,71.44
26.07,26.07,22.39,73.10,68.86
26.93,26.93,14.83,72.03,70.51
27.62,27.62,15.69,71.78,70.50
28.90,28.90,17.75,70.62,70.30
25.95,25.95,20.11,71.64,67.58
20.52,20.52,20.24,71.38,70.68
17.82,17.82,22.70,70.63,67.93
14.05,14.05,28.84,69.98,68.85
11.57,11.57,27.94,69.84,70.55
15.90,15.90,27.17,71.40,74.85
14.00,14.00,23.71,68.98,72.59
16.44,16.44,22.66,69.76,72.19
17.57,17.57,18.57,68.28,72.55
23.65,23.65,18.71,68.42,72.82
26.78,26.78,17.70,67.21,72.86
25.50,25.50,14.29,67.03,73.68
26.92,26.92,15.22,67.10,72.39
28.02,28.02,10.43,67.38,72.57
23.50,23.50,17.35,67.42,71.79
16.90,16.90,19.88,66.90,70.90
16.42,16.42,25.57,71.11,72.20
18.39,18.39,27.69,75.22,71.50
23.15,23.15,20.36,75.20,70.45
25.10,25.10,24.63,73.92,72.49
26.44,26.44,27.00,73.03,70.89
27.45,27.45,28.61,75.27,70.62
28.25,28.25,25.26,75.87,73.20
29.11,29.11,28.87,73.38,68.15
25.23,25.23,42.85,73.31,68.21
16.88,16.88,63.30,66.93,64.58
17.31,17.31,71.82,60.82,59.34
16.92,16.92,84.87,63.23,61.79
11.89,11.89,83.82,70.26,69.62
17.19,17.19,71.93,69.92,72.76
19.51,19.51,71.50,72.35,74.27
16.82,16.82,71.64,71.94,74.60
16.46,16.46,68.39,71.57,73.37
16.38,16.38,67.26,68.07,73.61
17.98,17.98,66.38,66.61,73.28
20.45,20.45,65.46,57.36,73.22
20.28,20.28,65.04,52.04,73.25
17.70,17.70,63.65,49.85,72.50
17.28,17.28,65.03,36.14,72.74
19.25,19.25,62.70,39.78,72.54
17.57,17.57,64.43,37.06,72.83
21.22,21.22,64.93,38.64,72.65
23.45,23.45,63.76,35.30,72.07
18.86,18.86,64.44,49.53,71.98
22.93,22.93,63.78,48.17,70.20
19.28,19.28,65.52,36.97,71.50
21.46,21.46,64.30,40.27,71.80
18.53,18.53,65.28,37.28,71.22
19.39,19.39,64.96,30.84,62.79
14.82,14.82,67.23,42.01,67.44
16.56,16.56,77.53,41.78,68.15
21.15,21.15,81.42,36.43,73.33
18.18,18.18,72.66,32.28,75.91
19.34,19.34,69.01,30.07,77.16
21.13,21.13,65.96,24.32,76.34
20.90,20.90,65.54,21.34,75.23
22.84,22.84,63.48,27.79,71.78
20.43,20.43,63.54,33.79,67.46
23.20,23.20,62.68,34.08,63.67
23.11,23.11,62.05,35.75,61.24
28.19,28.19,63.57,43.61,65.19
27.84,27.84,62.98,39.71,65.43
33.25,33.25,62.41,35.24,68.38
34.18,34.18,61.51,34.12,71.54
28.33,28.33,61.78,27.25,69.66
24.80,24.80,60.95,26.22,68.03
21.10,21.10,61.79,14.84,62.54
16.39,16.39,73.93,10.16,51.79
15.86,15.86,74.43,9.25,56.93
19.71,19.71,67.42,17.99,64.23
20.75,20.75,64.00,17.22,67.66
24.79,24.79,61.88,11.73,69.35
20.81,20.81,63.05,4.31,72.37
21.75,21.75,82.86,7.32,72.68
27.47,27.47,81.86,12.59,72.30
27.16,27.16,75.87,12.57,72.42
34.40,34.40,75.07,8.12,70.07
33.07,33.07,64.21,12.04,70.77
30.98,30.98,63.66,9.69,72.04
31.64,31.64,63.59,14.28,74.35
33.72,33.72,63.28,13.78,77.48
34.19,34.19,58.88,20.15,77.76
36.51,36.51,56.46,20.16,78.61
31.63,31.63,55.94,10.89,76.63
35.14,35.14,56.61,5.88,76.39
28.54,28.54,59.25,0.05,73.78
34.15,34.15,76.43,-0.00,70.41
36.65,36.65,83.24,-0.00,66.88
35.00,35.00,78.83,-0.00,70.60
37.78,37.78,76.57,0.30,69.51
36.39,36.39,71.50,10.81,68.25
38.74,38.74,66.41,12.43,65.84
37.30,37.30,64.30,18.26,63.22
35.07,35.07,60.72,23.67,63.28
36.49,36.49,56.80,15.93,62.32
30.86,30.86,58.73,11.49,61.66
20.90,20.90,61.60,3.27,58.14
20.86,20.86,80.10,0.06,58.16
24.58,24.58,77.95,3.03,53.49
31.25,31.25,70.62,11.00,60.08
32.69,32.69,65.64,21.81,69.42
32.73,32.73,63.00,15.78,71.87
35.15,35.15,58.86,23.31,74.99
36.96,36.96,55.27,22.63,74.78
38.39,38.39,53.33,14.77,75.35
39.03,39.03,50.37,20.46,73.08
44.18,44.18,51.10,15.43,73.29
43.64,43.64,51.31,6.15,74.97
42.80,42.80,52.78,1.46,75.64
37.44,37.44,59.69,-0.00,75.84
33.54,33.54,81.47,-0.00,75.77
39.17,39.17,81.56,-0.00,76.50
36.59,36.59,78.81,-0.00,78.51
33.34,33.34,73.58,1.35,78.12
39.77,39.77,68.33,8.76,78.40
42.68,42.68,66.36,14.58,78.59
39.49,39.49,61.61,10.41,79.22
39.46,39.46,57.36,20.29,78.48
39.77,39.77,53.33,23.36,78.20
38.86,38.86,52.41,19.08,77.18
33.05,33.05,53.63,22.00,77.50
36.55,36.55,56.15,25.82,77.28
38.29,38.29,55.53,25.25,78.39
38.84,38.84,52.09,22.83,79.62
40.19,40.19,49.62,25.27,79.17
41.25,41.25,48.51,23.59,77.93
41.92,41.92,49.26,22.38,77.06
41.73,41.73,50.23,18.99,74.66
40.61,40.61,48.21,16.98,75.94
40.37,40.37,48.25,15.80,74.38
38.79,38.79,49.25,9.23,73.18
37.16,37.16,52.71,3.00,71.74
36.00,36.00,59.97,-0.00,70.28
30.59,30.59,80.70,-0.00,64.98
31.12,31.12,82.20,6.05,62.82
32.15,32.15,78.97,15.12,61.62
35.57,35.57,75.50,17.72,67.38
34.49,34.49,73.10,20.82,74.64
38.08,38.08,66.27,23.68,77.91
40.56,40.56,62.19,28.24,79.53
42.18,42.18,63.22,17.04,77.98
42.22,42.22,51.81,22.48,74.11
42.21,42.21,55.04,18.62,67.87
41.74,41.74,58.06,14.21,62.09
40.85,40.85,62.37,6.17,69.79
42.27,42.27,82.34,3.43,73.53
46.42,46.42,76.20,8.91,76.20
49.27,49.27,70.00,13.30,78.57
49.31,49.31,64.92,16.82,76.58
48.50,48.50,61.20,20.84,67.61
46.80,46.80,56.21,21.16,71.34
43.26,43.26,53.20,17.88,79.24
43.67,43.67,52.06,28.49,78.33
43.33,43.33,50.80,27.58,72.74
41.37,41.37,50.37,20.81,66.67
37.60,37.60,51.24,25.33,64.33
38.83,38.83,56.82,28.31,66.68
38.96,38.96,55.46,28.88,69.72
39.82,39.82,51.29,34.94,70.36
38.65,38.65,49.81,33.89,68.24
41.39,41.39,55.08,29.35,73.17
48.00,48.00,64.38,21.29,78.52
53.34,53.34,78.42,19.98,76.60
53.77,53.77,75.19,18.42,70.01
50.42,50.42,66.89,10.47,79.10
51.20,51.20,61.12,1.69,73.81
46.68,46.68,57.01,-0.00,69.36
49.64,49.64,60.08,-0.00,75.32
42.96,42.96,82.58,-0.00,71.75
44.07,44.07,81.21,-0.00,71.48
41.32,41.32,77.38,-0.00,69.16
40.66,40.66,72.41,0.14,65.25
41.34,41.34,69.52,5.70,70.35
42.45,42.45,65.81,11.19,75.91
43.12,43.12,60.35,12.58,79.72
43.92,43.92,58.06,14.47,76.77
45.13,45.13,51.50,15.46,71.36
43.87,43.87,51.43,12.63,78.94
44.82,44.82,48.92,2.19,77.48
39.23,39.23,53.13,0.27,68.65
36.46,36.46,56.61,-0.00,68.77
39.19,39.19,71.66,-0.00,71.57
39.60,39.60,83.75,-0.00,71.77
38.66,38.66,82.23,-0.00,76.01
38.71,38.71,74.31,-0.00,79.24
40.74,40.74,72.15,0.02,78.98
42.05,42.05,66.94,3.02,75.73
42.62,42.62,65.01,2.91,70.35
42.59,42.59,65.94,7.77,77.22
43.12,43.12,53.59,13.28,80.16
45.10,45.10,60.24,9.94,79.21
43.85,43.85,61.38,4.84,76.20
40.69,40.69,60.66,0.17,68.81
41.55,41.55,82.75,-0.00,67.20
41.50,41.50,75.93,-0.00,72.47
42.91,42.91,70.00,4.88,77.01
44.60,44.60,64.95,8.90,78.96
48.06,48.06,60.10,13.74,78.31
48.56,48.56,54.86,20.07,75.65
46.44,46.44,52.59,24.47,71.72
42.57,42.57,50.78,28.90,67.31
42.13,42.13,48.89,27.78,72.20
42.22,42.22,47.84,35.14,73.34
40.82,40.82,48.44,30.47,76.07
39.75,39.75,54.97,36.16,78.14
39.92,39.92,50.40,27.89,80.05
41.44,41.44,49.38,29.55,80.00
43.05,43.05,48.75,31.15,78.92
42.60,42.60,46.30,34.71,78.29
41.59,41.59,46.55,31.72,76.19
39.42,39.42,46.48,32.88,75.70
36.54,36.54,43.23,29.54,69.93
36.02,36.02,43.24,30.61,69.65
40.74,40.74,46.82,21.53,71.40
39.88,39.88,54.05,11.65,74.54
37.26,37.26,58.61,-0.00,77.49
33.94,33.94,81.51,-0.00,74.62
35.23,35.23,82.11,-0.00,77.64
37.43,37.43,73.27,0.28,79.06
39.65,39.65,65.16,7.78,79.68
41.00,41.00,70.77,13.93,79.39
41.24,41.24,64.84,16.60,77.62
42.08,42.08,62.02,18.15,77.35
45.44,45.44,58.46,12.65,74.62
48.48,48.48,56.73,11.04,76.07
49.46,49.46,62.24,20.77,73.84
46.07,46.07,57.56,18.38,74.51
40.14,40.14,57.00,19.85,72.44
35.46,35.46,54.74,24.79,70.55
38.66,38.66,53.52,24.29,70.60
44.23,44.23,51.31,19.72,72.12
45.22,45.22,49.45,32.27,76.78
42.43,42.43,45.66,27.43,79.04
39.89,39.89,43.37,32.45,80.42
40.65,40.65,42.05,22.86,81.75
41.28,41.28,44.14,37.13,81.36
40.59,40.59,47.50,39.43,81.18
41.50,41.50,45.82,38.15,80.21
41.97,41.97,56.54,36.77,80.62
43.87,43.87,65.83,39.35,79.52
47.43,47.43,82.64,39.82,78.24
51.06,51.06,72.10,38.95,78.72
53.90,53.90,68.53,44.30,78.22
53.11,53.11,62.37,35.27,77.82
49.42,49.42,58.93,33.39,76.41
46.85,46.85,55.34,37.68,75.79
44.75,44.75,52.81,39.12,72.92
42.61,42.61,49.95,30.03,72.73
45.41,45.41,48.36,23.29,71.10
48.73,48.73,49.13,31.36,70.83
50.14,50.14,49.52,38.51,69.47
52.53,52.53,55.03,30.65,70.27
51.97,51.97,52.66,31.60,71.64
49.48,49.48,52.19,39.35,71.92
47.09,47.09,55.74,42.26,73.20
47.69,47.69,59.51,36.06,73.81
47.74,47.74,72.53,35.65,74.32
46.91,46.91,76.44,38.73,75.44
46.12,46.12,68.31,37.79,78.50
41.92,41.92,63.49,35.28,80.14
39.99,39.99,57.92,26.55,79.90
40.26,40.26,57.38,16.53,80.86
41.67,41.67,72.00,2.83,79.77
43.34,43.34,83.33,0.17,78.47
47.68,47.68,77.84,1.50,79.24
51.52,51.52,73.51,0.42,77.26
53.22,53.22,69.90,0.24,78.17
53.20,53.20,64.43,3.13,78.51
52.54,52.54,60.35,5.41,77.65
50.79,50.79,62.09,8.74,80.20
47.56,47.56,56.21,12.39,79.55
45.23,45.23,56.31,14.79,80.43
43.64,43.64,49.95,15.29,80.62
44.30,44.30,52.04,9.55,80.72
45.45,45.45,57.94,0.11,79.55
41.99,41.99,65.80,-0.00,76.49
36.57,36.57,83.07,-0.00,68.85
43.07,43.07,82.93,-0.00,71.07
46.42,46.42,76.92,-0.00,74.89
48.93,48.93,74.05,-0.00,76.57
50.65,50.65,67.69,0.00,76.64
51.14,51.14,71.46,5.29,72.49
48.63,48.63,64.88,10.74,72.37
41.86,41.86,64.43,15.68,72.93
34.37,34.37,64.26,12.00,71.31
27.73,27.73,64.74,21.99,68.11
28.37,28.37,79.47,31.66,66.34
28.80,28.80,76.16,21.91,73.23
34.74,34.74,70.69,31.01,78.01
38.58,38.58,64.80,25.56,75.82
36.91,36.91,63.32,37.03,70.81
40.02,40.02,58.74,42.72,73.38
36.02,36.02,53.90,43.54,79.83
35.78,35.78,52.80,41.98,82.07
39.26,39.26,50.77,27.58,81.65
41.33,41.33,51.73,34.87,80.35
39.99,39.99,51.47,34.67,78.90
36.81,36.81,51.75,25.90,78.84
34.85,34.85,59.28,10.75,76.25
29.88,29.88,75.68,-0.00,71.75
34.06,34.06,83.36,-0.00,67.10
38.61,38.61,78.50,0.19,71.04
39.28,39.28,75.26,7.44,74.28
36.95,36.95,70.38,18.96,77.12
39.05,39.05,65.95,21.97,78.75
37.99,37.99,64.91,19.24,80.93
37.89,37.89,61.07,26.18,78.36
42.71,42.71,51.38,29.46,76.27
42.22,42.22,51.22,34.34,74.13
39.06,39.06,54.95,28.61,71.76
38.07,38.07,57.58,34.61,73.89
38.87,38.87,55.43,38.85,73.79
36.44,36.44,51.70,41.93,77.26
32.43,32.43,51.85,38.28,79.18
29.56,29.56,48.11,41.95,79.96
33.17,33.17,45.66,43.60,79.89
35.52,35.52,47.31,44.93,78.71
36.67,36.67,43.81,40.49,78.56
36.11,36.11,44.44,38.90,77.52
33.88,33.88,49.85,32.97,77.44
32.83,32.83,56.14,14.70,76.10
34.97,34.97,62.47,0.22,68.34
36.32,36.32,82.30,0.00,69.06
38.82,38.82,83.33,4.30,76.74
35.25,35.25,73.96,13.67,80.49
38.68,38.68,72.08,19.00,78.82
42.95,42.95,74.59,18.43,78.48
44.87,44.87,64.35,29.27,76.87
44.79,44.79,67.63,33.06,78.11
42.87,42.87,57.49,37.71,77.43
37.14,37.14,58.32,40.05,77.03
33.77,33.77,57.87,39.30,75.36
32.13,32.13,64.61,29.54,69.65
32.18,32.18,68.29,37.16,67.92
31.51,31.51,81.54,41.67,66.32
32.16,32.16,72.52,39.71,73.66
36.65,36.65,68.74,30.86,78.17
42.83,42.83,61.73,38.13,76.76
44.54,44.54,61.68,45.40,74.03
43.40,43.40,56.59,45.65,71.81
39.82,39.82,52.55,45.62,70.53
36.71,36.71,53.88,50.06,72.44
36.97,36.97,51.66,49.93,76.16
38.38,38.38,52.60,48.84,76.11
39.72,39.72,55.52,49.10,76.26
38.24,38.24,56.32,47.92,76.38
38.28,38.28,54.20,48.85,75.28
39.78,39.78,53.63,49.38,73.64
39.41,39.41,55.26,46.10,68.24
38.80,38.80,60.57,39.60,70.99
33.06,33.06,65.45,29.72,75.02
33.75,33.75,77.68,35.18,76.99
38.10,38.10,67.30,35.26,77.61
39.68,39.68,63.71,37.04,77.66
39.91,39.91,58.73,35.67,78.63
41.82,41.82,59.08,32.12,79.10
43.99,43.99,60.81,22.51,78.25
44.60,44.60,81.85,6.92,76.47
41.11,41.11,80.79,12.84,76.00
39.32,39.32,77.56,15.67,76.37
37.91,37.91,76.17,23.65,74.18
35.02,35.02,72.65,32.92,71.73
37.97,37.97,69.05,36.54,70.97
43.10,43.10,62.19,41.80,74.41
42.59,42.59,63.10,43.15,77.78
40.20,40.20,57.68,44.30,80.58
39.04,39.04,49.04,44.04,81.77
41.21,41.21,49.82,40.75,81.13
44.38,44.38,56.23,32.92,80.38
45.63,45.63,60.50,13.34,79.54
44.82,44.82,81.34,1.34,76.75
44.61,44.61,80.81,3.59,78.77
48.17,48.17,77.34,4.98,78.46
47.53,47.53,72.59,15.13,78.82
45.59,45.59,68.37,29.49,77.20
43.64,43.64,59.57,35.62,75.07
39.92,39.92,64.95,40.31,73.99
40.37,40.37,56.43,42.09,74.20
41.38,41.38,56.54,39.83,75.06
43.49,43.49,62.26,31.20,75.33
41.12,41.12,65.16,34.47,74.42
40.01,40.01,78.23,38.65,73.01
41.76,41.76,77.84,34.99,73.67
41.40,41.40,70.08,31.85,75.09
44.85,44.85,65.53,31.70,75.31
48.48,48.48,60.58,42.74,74.75
45.72,45.72,57.51,45.41,75.71
41.99,41.99,52.89,40.37,74.05
40.48,40.48,51.52,45.65,73.65
41.61,41.61,52.35,48.02,72.19
40.65,40.65,53.62,44.64,72.75
45.72,45.72,49.44,44.77,69.85
50.44,50.44,53.47,45.96,73.04
50.30,50.30,53.46,48.82,76.52
45.60,45.60,50.10,48.69,80.59
47.74,47.74,46.88,46.44,82.13
48.61,48.61,48.95,43.79,78.54
45.79,45.79,46.75,44.40,72.96
51.59,51.59,47.49,45.87,77.51
43.29,43.29,45.38,47.91,81.30
50.25,50.25,47.26,48.70,80.99
52.28,52.28,46.80,41.98,78.04
52.63,52.63,46.37,38.49,78.05
53.00,53.00,47.20,29.58,77.83
54.71,54.71,54.66,9.72,78.09
55.49,55.49,76.38,2.44,78.29
55.34,55.34,82.11,4.30,79.19
57.88,57.88,71.71,6.28,81.17
58.76,58.76,64.77,5.87,80.27
60.21,60.21,65.09,9.69,78.42
56.77,56.77,61.09,15.12,76.93
56.65,56.65,65.35,18.48,76.08
56.47,56.47,70.43,27.75,75.40
56.98,56.98,57.82,30.82,76.22
55.70,55.70,54.18,35.22,77.60
56.67,56.67,49.61,33.62,77.62
57.26,57.26,54.48,38.57,78.78
58.73,58.73,50.55,36.68,78.06
59.28,59.28,50.44,43.54,78.66
59.74,59.74,49.49,46.54,78.83
59.11,59.11,47.88,41.37,78.44
58.52,58.52,50.16,41.14,78.28
55.03,55.03,50.79,44.11,75.14
55.31,55.31,47.56,44.32,74.15
54.52,54.52,46.25,44.09,73.68
51.69,51.69,48.46,41.69,72.59
51.14,51.14,53.41,41.70,70.56
49.30,49.30,58.98,41.94,70.83
46.17,46.17,83.15,44.70,72.47
49.17,49.17,73.58,38.97,73.79
53.41,53.41,70.90,35.99,75.06
54.81,54.81,63.26,38.99,75.14
57.01,57.01,60.33,34.21,75.88
55.18,55.18,55.44,37.28,74.05
54.62,54.62,53.08,43.42,73.35
55.42,55.42,50.33,43.13,74.16
55.01,55.01,50.03,42.62,75.20
57.15,57.15,49.81,45.67,76.32
58.36,58.36,51.97,44.62,75.99
58.36,58.36,58.88,41.44,75.27
57.60,57.60,55.46,48.86,75.31
58.58,58.58,53.15,44.54,74.10
59.77,59.77,53.33,45.80,73.34
63.10,63.10,57.70,45.30,75.71
63.42,63.42,66.56,41.26,76.16
64.35,64.35,79.02,39.95,77.58
65.23,65.23,68.22,43.03,79.68
63.21,63.21,64.06,38.22,80.92
62.32,62.32,59.23,34.03,81.77
59.97,59.97,56.72,29.54,81.51
62.70,62.70,59.51,12.53,80.55
62.93,62.93,74.97,1.50,77.00
62.60,62.60,82.20,3.00,76.46
61.33,61.33,79.97,5.35,77.38
64.17,64.17,76.83,15.84,77.50
63.03,63.03,69.04,25.48,77.38
65.62,65.62,61.35,27.58,76.08
66.77,66.77,64.92,25.86,75.19
64.70,64.70,59.28,23.93,71.72
63.92,63.92,59.74,30.87,68.26
60.91,60.91,55.85,30.88,67.94
61.44,61.44,53.15,29.38,70.99
62.82,62.82,57.56,32.17,70.09
63.98,63.98,57.80,14.16,72.08
63.97,63.97,65.82,3.30,74.18
60.12,60.12,83.30,1.63,67.01
60.86,60.86,82.50,6.31,68.80
64.28,64.28,76.83,15.65,71.79
66.04,66.04,73.52,18.53,75.37
68.53,68.53,65.38,22.89,79.38
68.77,68.77,64.67,28.27,79.87
68.12,68.12,66.64,32.15,81.22
68.08,68.08,56.16,37.88,81.07
69.18,69.18,58.87,34.58,80.47
68.55,68.55,60.90,36.69,78.47
66.35,66.35,82.35,33.56,76.29
66.43,66.43,75.15,37.55,76.08
67.06,67.06,68.82,36.04,78.08
70.59,70.59,63.55,43.36,79.53
68.24,68.24,59.07,48.86,81.21
66.60,66.60,56.43,48.99,81.40
66.64,66.64,53.51,46.72,80.85
65.75,65.75,50.24,47.86,81.83
68.18,68.18,50.84,48.76,79.18
69.18,69.18,49.39,42.31,77.73
69.75,69.75,50.03,44.56,74.90
66.20,66.20,54.91,39.41,71.26
63.47,63.47,61.76,25.56,67.46
61.01,61.01,78.67,24.68,67.26
59.89,59.89,81.12,28.96,68.91
64.28,64.28,77.75,29.78,71.31
67.48,67.48,74.93,33.77,74.50
69.20,69.20,67.81,43.70,78.98
66.95,66.95,65.93,41.51,80.90
66.00,66.00,61.84,38.14,82.00
68.65,68.65,62.54,38.42,79.49
68.87,68.87,51.97,39.97,76.92
69.02,69.02,53.46,42.78,72.61
65.07,65.07,56.44,47.30,70.44
62.74,62.74,56.95,48.28,69.60
63.74,63.74,54.51,46.69,67.83
67.18,67.18,54.51,48.07,70.40
69.62,69.62,50.71,48.73,72.66
68.62,68.62,49.91,52.17,76.86
69.01,69.01,49.47,53.59,79.84
66.80,66.80,48.84,51.09,81.20
67.33,67.33,46.19,51.73,81.20
70.15,70.15,50.70,49.85,78.74
68.62,68.62,54.88,44.96,76.93
67.82,67.82,58.47,34.22,72.35
64.55,64.55,75.26,26.04,69.84
66.07,66.07,82.75,25.36,70.70
67.23,67.23,77.50,23.85,73.80
67.18,67.18,75.06,30.28,71.90
67.32,67.32,72.40,37.41,70.53
64.10,64.10,68.24,40.69,70.90
59.98,59.98,58.65,40.64,69.48
60.33,60.33,68.30,41.22,70.84
60.20,60.20,56.77,45.75,65.13
60.43,60.43,61.42,44.85,66.31
61.99,61.99,56.36,43.65,66.84
62.50,62.50,58.89,44.38,69.06
62.12,62.12,77.78,45.22,68.37
58.80,58.80,77.52,48.23,66.34
60.71,60.71,69.65,50.55,67.79
65.30,65.30,65.02,49.80,73.70
68.09,68.09,59.61,50.13,77.41
65.73,65.73,55.71,50.16,79.34
64.93,64.93,53.69,48.57,79.35
67.73,67.73,49.63,46.22,74.78
62.08,62.08,48.65,52.15,69.62
69.28,69.28,49.25,53.40,76.73
71.28,71.28,49.89,53.65,78.39
69.06,69.06,55.48,49.59,79.96
65.88,65.88,53.62,52.86,80.65
66.64,66.64,51.33,54.99,80.77
66.86,66.86,51.02,52.53,79.68
69.31,69.31,53.10,50.91,72.97
66.31,66.31,56.72,48.71,66.98
68.48,68.48,73.31,49.23,76.37
66.57,66.57,72.96,49.45,78.62
68.37,68.37,63.91,54.07,71.60
64.94,64.94,60.92,48.04,68.96
70.37,70.37,58.64,39.13,76.85
70.64,70.64,60.69,26.32,79.36
68.64,68.64,80.74,8.26,78.08
66.80,66.80,80.68,12.46,77.51
67.23,67.23,75.41,20.44,78.87
65.54,65.54,75.20,24.97,77.76
69.08,69.08,67.20,24.15,74.83
66.96,66.96,66.30,34.23,69.53
65.57,65.57,59.72,33.74,67.76
69.57,69.57,63.22,39.08,72.18
69.14,69.14,57.73,41.72,77.12
70.16,70.16,51.59,45.10,77.52
69.55,69.55,53.44,45.02,78.08
68.32,68.32,56.16,35.98,79.17
66.70,66.70,60.31,11.95,79.12
59.97,59.97,81.28,1.43,75.87
65.56,65.56,81.05,12.66,75.14
68.38,68.38,76.38,23.45,71.11
64.75,64.75,71.49,34.04,65.14
65.92,65.92,67.91,40.18,68.34
67.57,67.57,61.41,41.29,74.01
68.70,68.70,66.47,44.92,78.63
66.38,66.38,56.89,46.67,79.65
67.75,67.75,54.17,46.19,77.71
67.03,67.03,61.80,46.88,72.67
61.32,61.32,60.05,46.98,64.89
62.32,62.32,75.29,43.57,68.62
64.07,64.07,79.27,42.36,73.53
66.69,66.69,69.50,46.14,76.55
65.87,65.87,64.98,49.15,78.71
63.30,63.30,59.67,49.70,78.69
65.80,65.80,56.83,52.50,75.27
65.77,65.77,52.25,52.21,67.27
62.75,62.75,49.50,51.65,65.33
65.54,65.54,47.12,51.82,75.59
63.48,63.48,46.77,53.51,79.07
64.70,64.70,47.24,55.08,72.58
60.92,60.92,53.70,56.96,66.10
62.55,62.55,51.98,53.05,74.30
62.06,62.06,50.98,55.15,76.53
64.20,64.20,48.37,57.09,78.77
59.19,59.19,46.67,56.46,78.15
61.35,61.35,45.65,56.24,70.93
61.49,61.49,42.90,56.57,70.94
61.23,61.23,42.56,55.20,77.88
59.04,59.04,42.13,56.22,78.99
63.75,63.75,39.32,55.09,72.68
59.53,59.53,44.80,52.87,65.37
63.88,63.88,53.68,45.56,71.94
64.57,64.57,55.21,32.99,77.72
62.79,62.79,65.29,17.88,78.17
55.93,55.93,83.67,5.02,75.25
61.36,61.36,80.32,21.30,67.86
59.84,59.84,68.33,34.28,70.20
60.81,60.81,63.74,39.53,77.16
60.96,60.96,62.37,40.73,74.15
60.39,60.39,65.51,40.76,66.20
61.32,61.32,57.77,42.29,71.59
64.95,64.95,59.12,42.96,77.61
61.65,61.65,58.69,45.68,77.83
56.46,56.46,54.91,47.06,78.50
60.80,60.80,54.91,50.18,77.46
62.87,62.87,55.16,53.06,74.51
61.65,61.65,52.16,52.92,68.88
57.87,57.87,50.98,54.40,66.43
59.90,59.90,47.93,55.49,69.68
64.89,64.89,45.17,57.83,74.06
64.87,64.87,45.88,54.24,77.70
62.30,62.30,44.17,54.43,78.97
55.80,55.80,46.72,50.32,79.09
56.29,56.29,48.77,45.22,78.23
60.28,60.28,56.85,39.10,77.44
60.18,60.18,64.81,21.86,77.27
59.70,59.70,77.51,32.37,75.24
61.28,61.28,76.09,38.45,74.20
64.56,64.56,67.48,44.25,75.68
63.03,63.03,63.71,44.90,75.72
59.06,59.06,60.63,47.35,76.70
58.08,58.08,58.50,51.24,76.97
58.78,58.78,54.36,46.09,76.45
60.89,60.89,51.22,47.49,77.47
62.12,62.12,49.81,54.38,76.12
63.28,63.28,50.23,51.56,76.10
62.86,62.86,48.99,50.70,75.35
63.13,63.13,54.54,55.71,73.75
63.02,63.02,51.46,50.03,72.97
64.12,64.12,50.14,49.82,75.20
65.02,65.02,50.42,54.75,74.65
63.02,63.02,52.23,51.48,76.05
61.30,61.30,59.59,46.44,77.47
57.78,57.78,76.07,46.62,77.15
60.00,60.00,70.15,45.32,77.75
63.96,63.96,63.33,49.04,78.35
67.57,67.57,58.61,48.42,77.57
66.54,66.54,56.92,37.31,77.78
64.43,64.43,55.35,18.43,78.16
61.50,61.50,80.12,28.02,77.84
59.84,59.84,81.32,35.83,75.38
64.53,64.53,77.97,39.27,72.87
63.47,63.47,73.86,41.52,68.28
61.99,61.99,67.40,40.53,68.41
62.15,62.15,68.40,32.55,68.47
65.03,65.03,60.62,28.77,71.84
64.65,64.65,62.07,34.00,76.60
61.21,61.21,54.70,34.32,79.53
65.83,65.83,54.70,43.70,77.21
60.05,60.05,56.58,46.58,73.10
55.44,55.44,55.32,40.03,67.05
53.51,53.51,59.67,33.81,65.40
54.61,54.61,71.55,28.71,70.88
55.71,55.71,82.10,31.71,68.95
56.49,56.49,82.01,36.33,68.50
54.14,54.14,76.11,42.54,70.00
61.32,61.32,73.48,48.71,70.20
63.85,63.85,66.84,45.81,76.21
59.56,59.56,69.74,40.71,78.70
64.63,64.63,65.95,41.69,78.66
63.04,63.04,61.93,41.41,74.91
57.84,57.84,61.72,36.63,71.29
55.11,55.11,58.14,35.28,68.32
53.48,53.48,79.16,39.94,65.34
54.89,54.89,74.85,42.23,65.63
56.79,56.79,68.72,44.14,66.62
55.91,55.91,64.18,45.33,65.99
56.79,56.79,58.48,49.60,66.79
59.96,59.96,55.66,44.36,69.96
64.07,64.07,54.32,47.97,72.74
64.04,64.04,50.13,50.30,75.72
64.75,64.75,49.92,50.31,77.00
66.69,66.69,49.87,50.12,77.90
70.08,70.08,53.13,46.38,77.91
69.73,69.73,60.50,44.33,76.37
68.55,68.55,75.83,55.15,75.11
68.43,68.43,80.90,50.36,74.50
70.06,70.06,76.81,42.21,75.17
70.40,70.40,73.35,46.45,74.20
69.29,69.29,71.02,51.25,74.90
66.39,66.39,65.00,52.52,72.80
60.88,60.88,64.03,53.22,68.57
63.90,63.90,63.98,47.76,68.50
70.12,70.12,49.68,52.84,73.91
72.64,72.64,48.03,55.28,75.38
68.93,68.93,53.79,51.30,73.40
63.65,63.65,56.97,48.65,67.76
58.99,58.99,53.89,52.84,66.18
65.76,65.76,56.19,53.32,69.17
67.57,67.57,48.85,51.95,67.97
67.93,67.93,49.13,49.67,67.59
69.70,69.70,53.43,50.61,70.00
71.64,71.64,48.30,50.95,72.99
72.96,72.96,48.65,50.82,73.56
69.42,69.42,52.20,47.92,65.89
66.38,66.38,49.16,51.08,64.41
71.44,71.44,50.97,49.50,67.15
73.15,73.15,58.42,53.02,69.49
73.48,73.48,70.12,54.19,69.77
71.70,71.70,83.81,47.60,70.03
73.31,73.31,75.62,52.36,68.61
72.50,72.50,76.45,52.67,66.32
71.26,71.26,72.66,51.18,65.81
69.54,69.54,66.76,55.59,66.31
70.56,70.56,60.94,57.60,68.46
69.21,69.21,62.49,55.87,68.05
69.18,69.18,58.16,54.20,66.21
69.44,69.44,57.92,55.20,65.44
70.29,70.29,59.01,58.42,70.09
69.11,69.11,66.42,53.68,67.06
67.67,67.67,76.05,45.09,67.65
62.59,62.59,79.06,48.02,68.36
60.89,60.89,68.89,49.75,70.60
61.07,61.07,65.35,51.07,67.67
64.33,64.33,60.30,44.76,66.63
61.84,61.84,55.97,47.31,65.51
60.07,60.07,55.29,55.43,68.78
62.96,62.96,51.24,54.21,71.71
57.09,57.09,51.00,50.04,71.05
59.99,59.99,52.74,49.63,72.31
63.34,63.34,53.22,48.82,72.65
62.85,62.85,57.37,45.66,73.33
57.47,57.47,55.70,43.14,71.40
59.87,59.87,53.72,40.78,69.38
56.47,56.47,55.61,42.20,72.52
59.37,59.37,57.31,37.38,71.98
54.30,54.30,59.16,38.84,68.41
51.24,51.24,77.03,38.37,65.25
49.94,49.94,72.44,41.61,66.24
48.80,48.80,65.31,45.70,67.73
50.95,50.95,63.19,38.23,71.68
46.81,46.81,59.89,28.45,73.47
47.27,47.27,72.07,32.95,73.85
45.96,45.96,82.84,38.28,71.86
44.66,44.66,77.96,51.47,68.15
47.19,47.19,74.92,57.58,66.75
50.08,50.08,70.87,70.47,74.37
48.09,48.09,69.61,70.40,73.54
49.77,49.77,63.32,71.88,76.04
48.22,48.22,57.34,71.37,77.37
49.83,49.83,52.36,70.03,75.56
49.77,49.77,51.42,70.58,72.84
48.07,48.07,54.61,70.85,68.61
47.37,47.37,56.14,69.39,69.56
47.36,47.36,62.00,67.00,73.87
45.96,45.96,65.93,64.16,72.11
44.33,44.33,79.00,66.06,69.82
42.04,42.04,79.35,58.79,69.93
42.21,42.21,76.99,67.35,70.32
43.01,43.01,71.36,72.62,66.95
43.61,43.61,67.34,73.70,65.33
44.98,44.98,60.93,74.29,65.72
44.95,44.95,62.25,74.77,68.41
46.09,46.09,61.59,74.71,71.91
45.56,45.56,58.24,75.15,71.31
43.78,43.78,60.81,74.21,68.40
44.50,44.50,63.65,69.67,66.08
51.61,51.61,72.62,61.59,67.59
57.25,57.25,78.32,64.74,65.48
56.71,56.71,70.16,72.34,68.38
56.74,56.74,64.51,73.54,71.64
56.34,56.34,58.89,73.83,72.65
56.20,56.20,55.97,74.12,70.29
54.70,54.70,54.63,73.87,71.97
52.08,52.08,51.89,73.82,74.82
50.78,50.78,49.07,73.24,72.26
49.67,49.67,48.72,73.58,73.94
50.40,50.40,52.84,72.18,69.99
52.12,52.12,58.03,58.14,71.20
50.68,50.68,55.07,62.81,70.62
54.65,54.65,52.68,74.69,71.77
56.65,56.65,51.22,74.02,70.29
56.10,56.10,49.96,73.53,70.87
50.32,50.32,48.26,72.58,77.98
50.96,50.96,46.60,72.90,74.74
48.48,48.48,45.32,73.17,72.39
46.18,46.18,44.60,73.94,75.03
46.10,46.10,42.48,74.18,73.22
45.39,45.39,45.97,74.81,70.94
43.43,43.43,50.78,74.89,74.52
44.56,44.56,57.05,74.24,74.75
46.52,46.52,68.35,71.96,71.23
42.13,42.13,81.88,66.43,73.33
42.64,42.64,77.81,71.58,69.96
46.38,46.38,68.15,69.22,73.53
46.65,46.65,68.61,69.29,74.19
47.92,47.92,61.84,72.86,72.26
45.99,45.99,64.14,73.56,76.85
46.85,46.85,62.75,74.29,70.19
46.62,46.62,62.42,74.49,68.85
47.04,47.04,61.61,74.04,72.36
44.85,44.85,56.97,74.16,75.07
44.08,44.08,56.62,74.19,75.77
42.68,42.68,53.89,73.85,70.85
42.53,42.53,52.00,73.91,68.47
43.23,43.23,48.96,73.38,66.94
44.46,44.46,47.67,73.66,66.91
48.52,48.52,48.70,73.50,67.42
50.62,50.62,43.88,73.11,67.96
49.24,49.24,40.10,71.62,70.64
46.35,46.35,41.68,72.19,68.18
43.28,43.28,44.66,70.37,68.11
40.68,40.68,53.50,71.14,69.42
39.98,39.98,60.67,69.58,71.78
39.50,39.50,74.41,70.34,72.46
38.73,38.73,76.83,68.26,71.73
37.36,37.36,68.10,69.48,73.46
35.94,35.94,63.92,67.70,72.64
41.57,41.57,57.34,69.87,70.82
43.71,43.71,54.17,68.27,73.18
45.89,45.89,51.15,68.43,73.81
41.53,41.53,47.89,69.91,74.09
40.49,40.49,45.02,69.58,73.10
41.87,41.87,44.05,69.00,73.87
41.26,41.26,47.34,68.54,74.92
45.63,45.63,53.16,68.93,74.44
42.46,42.46,55.74,68.51,73.60
43.55,43.55,51.59,70.70,72.78
40.12,40.12,49.74,69.21,72.44
43.30,43.30,51.79,68.01,68.86
41.90,41.90,57.29,67.96,70.03
42.91,42.91,68.71,70.08,73.04
43.06,43.06,77.55,70.74,75.24
41.71,41.71,67.86,68.77,73.01
39.97,39.97,62.49,68.32,72.61
39.73,39.73,56.84,67.57,73.41
39.66,39.66,57.24,64.19,73.93
41.95,41.95,67.08,66.97,71.83
37.68,37.68,81.27,66.07,73.01
39.79,39.79,79.64,64.16,72.26
41.79,41.79,72.70,68.59,72.70
43.90,43.90,66.32,70.08,70.71
43.55,43.55,64.31,69.07,73.43
43.28,43.28,65.53,68.04,67.95
44.44,44.44,63.30,68.55,71.95
47.34,47.34,59.23,64.80,71.54
46.16,46.16,55.28,65.82,72.96
45.71,45.71,56.21,69.01,73.50
43.54,43.54,54.18,66.11,71.98
41.11,41.11,58.31,53.07,72.62
42.04,42.04,61.02,66.63,72.08
38.73,38.73,81.21,69.37,68.06
38.45,38.45,81.90,69.01,70.89
38.99,38.99,75.47,65.72,69.42
39.30,39.30,71.43,64.40,71.47
43.67,43.67,68.01,66.03,71.75
45.64,45.64,68.37,66.33,72.24
43.24,43.24,57.75,64.88,73.87
42.91,42.91,55.75,63.10,73.21
42.16,42.16,56.95,64.35,75.39
43.35,43.35,60.96,67.24,75.38
43.25,43.25,68.34,68.21,75.91
42.42,42.42,80.72,65.95,76.03
40.88,40.88,72.01,66.51,73.01
41.88,41.88,67.90,68.71,74.05
41.41,41.41,60.99,68.29,75.54
44.15,44.15,56.89,68.99,73.89
44.76,44.76,53.08,70.00,74.23
42.67,42.67,49.00,69.10,74.67
42.87,42.87,46.71,68.09,73.25
42.40,42.40,43.05,69.49,70.03
42.26,42.26,44.60,65.10,73.21
41.22,41.22,50.03,62.22,71.64
41.20,41.20,64.49,68.72,73.24
39.55,39.55,77.13,64.55,68.81
36.52,36.52,79.83,67.10,69.88
38.08,38.08,78.79,66.79,69.08
42.33,42.33,72.89,64.08,66.30
42.06,42.06,66.59,66.27,65.21
42.70,42.70,66.05,69.20,70.31
43.61,43.61,62.57,67.16,70.62
45.72,45.72,59.01,67.35,72.42
46.01,46.01,51.74,67.27,72.52
45.38,45.38,53.45,70.08,72.87
46.70,46.70,50.16,67.20,73.78
46.68,46.68,53.77,67.91,77.37
47.72,47.72,52.40,68.30,73.09
49.55,49.55,54.00,69.05,73.89
44.87,44.87,48.62,66.34,75.71
45.47,45.47,46.34,67.49,74.27
46.03,46.03,43.78,65.83,75.08
45.99,45.99,43.27,65.22,74.16
45.29,45.29,41.15,68.36,72.53
44.47,44.47,41.03,67.69,74.80
44.19,44.19,43.72,65.91,73.08
43.78,43.78,54.95,65.70,71.91
43.79,43.79,65.45,64.83,68.98
40.71,40.71,79.93,65.64,65.73
37.03,37.03,80.50,59.06,68.77
37.98,37.98,75.22,67.26,74.82
40.69,40.69,69.79,69.66,74.97
44.29,44.29,71.57,70.23,74.96
44.75,44.75,61.38,70.83,74.92
46.05,46.05,58.38,70.13,76.09
45.14,45.14,60.54,71.15,77.39
48.36,48.36,53.15,70.41,73.75
44.80,44.80,55.37,70.00,74.41
44.03,44.03,56.46,68.93,78.14
38.94,38.94,64.71,67.88,75.19
42.78,42.78,74.62,64.25,75.09
40.08,40.08,74.75,67.30,71.76
40.75,40.75,65.44,70.02,73.07
38.43,38.43,60.56,72.16,74.48
36.93,36.93,58.25,71.52,74.97
40.88,40.88,54.56,70.64,72.10
40.34,40.34,50.13,72.17,76.22
42.82,42.82,47.33,71.78,75.36
42.11,42.11,44.38,70.89,73.29
41.40,41.40,43.11,71.73,73.74
41.31,41.31,46.00,71.02,73.51
40.35,40.35,51.70,71.35,71.61
40.79,40.79,51.65,60.39,71.41
41.81,41.81,49.61,69.37,72.52
41.14,41.14,56.08,69.23,71.30
39.38,39.38,62.36,68.76,70.88
38.35,38.35,70.98,67.28,71.58
39.46,39.46,73.58,67.81,70.33
40.23,40.23,65.73,69.05,71.88
37.45,37.45,61.42,68.12,67.61
35.53,35.53,58.28,68.78,71.09
37.29,37.29,54.98,69.90,71.72
37.77,37.77,55.59,67.75,72.88
37.13,37.13,64.83,66.96,73.82
34.35,34.35,81.44,65.97,71.69
34.65,34.65,82.48,61.51,72.16
35.91,35.91,74.62,65.45,71.82
36.39,36.39,67.63,67.32,73.15
39.01,39.01,64.21,69.49,73.13
38.61,38.61,62.29,69.97,76.15
38.98,38.98,60.94,69.45,75.11
42.65,42.65,57.16,70.51,74.31
42.48,42.48,53.95,70.43,74.14
39.51,39.51,51.90,70.17,69.79
40.11,40.11,55.15,68.42,72.55
38.99,38.99,58.33,63.32,72.70
38.53,38.53,68.84,62.84,72.49
37.06,37.06,80.78,72.43,70.58
34.86,34.86,80.92,73.16,69.39
35.70,35.70,74.72,73.30,71.45
37.64,37.64,72.40,69.45,72.82
38.51,38.51,68.01,68.89,73.00
37.89,37.89,71.60,67.73,72.67
39.99,39.99,62.00,63.14,76.05
38.68,38.68,64.23,58.94,74.59
38.61,38.61,63.08,58.90,74.52
36.54,36.54,64.16,59.71,73.05
38.60,38.60,67.59,64.77,75.25
37.37,37.37,79.01,67.77,72.87
43.46,43.46,65.81,70.26,73.88
54.07,54.07,62.94,70.10,70.42
57.00,57.00,60.89,71.47,70.24
57.31,57.31,57.36,72.03,72.41
57.63,57.63,53.59,72.03,73.72
58.42,58.42,50.77,71.57,73.21
59.18,59.18,48.83,71.52,70.00
59.02,59.02,43.80,70.37,73.67
57.72,57.72,44.98,71.49,73.85
56.08,56.08,50.33,71.13,70.15
57.18,57.18,53.51,62.61,73.39
57.59,57.59,50.05,61.41,72.42
55.78,55.78,45.29,73.67,71.57
55.15,55.15,43.47,72.97,72.30
57.32,57.32,43.08,73.08,72.92
56.47,56.47,42.86,72.67,69.38
57.04,57.04,43.05,72.80,72.38
56.90,56.90,42.40,72.00,72.44
58.46,58.46,43.97,72.82,69.83
61.22,61.22,49.61,73.25,73.42
62.23,62.23,48.69,74.03,71.82
61.46,61.46,57.42,73.58,70.53
60.04,60.04,79.55,63.48,71.93
60.99,60.99,80.70,69.40,70.73
61.93,61.93,68.24,72.70,69.60
60.61,60.61,65.89,72.12,69.21
58.05,58.05,65.65,72.63,71.65
56.18,56.18,62.70,73.01,70.06
54.54,54.54,64.52,72.66,71.55
55.23,55.23,61.74,72.92,73.17
55.50,55.50,57.50,72.49,74.00
55.68,55.68,58.80,72.92,71.49
56.53,56.53,53.56,73.89,71.55
57.55,57.55,53.85,74.03,71.32
57.07,57.07,51.57,73.46,73.13
58.54,58.54,50.99,73.48,73.95
59.81,59.81,45.26,75.02,73.11
60.22,60.22,44.01,73.09,73.08
57.90,57.90,44.39,72.65,73.03
62.18,62.18,42.80,72.38,73.59
62.27,62.27,40.67,72.57,71.41
57.30,57.30,37.42,71.70,69.60
68.02,68.02,41.58,70.06,73.36
69.79,69.79,52.00,68.27,73.93
67.66,67.66,59.14,65.69,72.92
63.70,63.70,73.74,70.21,70.33
54.03,54.03,77.58,65.31,66.97
57.31,57.31,67.56,65.14,69.84
58.86,58.86,60.69,67.86,71.82
61.85,61.85,57.31,67.33,70.15
68.09,68.09,54.82,68.32,68.69
69.53,69.53,52.69,68.16,72.35
69.09,69.09,49.21,67.65,69.82
67.95,67.95,47.29,69.89,71.91
65.95,65.95,45.49,70.77,69.96
64.24,64.24,45.27,67.94,74.10
65.92,65.92,48.47,67.16,72.89
66.67,66.67,49.52,64.79,73.95
67.88,67.88,46.70,66.81,72.42
69.11,69.11,45.28,68.20,73.80
69.36,69.36,55.88,65.36,71.84
68.51,68.51,63.63,68.24,73.55
68.08,68.08,75.25,67.80,72.04
65.63,65.63,70.81,69.23,71.96
54.76,54.76,62.16,71.40,68.32
57.13,57.13,56.65,70.27,69.04
62.83,62.83,55.60,66.47,71.76
63.52,63.52,62.37,66.46,67.06
62.44,62.44,80.93,66.47,70.92
58.22,58.22,81.51,65.24,70.07
56.60,56.60,74.17,68.99,67.59
63.37,63.37,70.24,67.81,69.33
66.45,66.45,61.21,69.33,73.30
65.47,65.47,61.06,68.48,71.92
56.87,56.87,60.67,68.10,73.23
55.62,55.62,59.37,69.74,72.07
61.52,61.52,60.49,69.07,72.75
62.69,62.69,56.55,70.63,74.47
63.30,63.30,48.75,69.90,73.58
63.30,63.30,59.47,64.48,75.09
62.02,62.02,62.38,64.77,72.67
57.38,57.38,78.98,68.29,73.66
52.34,52.34,79.98,66.42,67.71
59.53,59.53,74.04,66.70,74.19
59.50,59.50,71.95,64.03,74.83
58.51,58.51,61.48,65.19,74.35
57.39,57.39,72.19,69.36,73.54
57.36,57.36,70.28,68.20,74.01
52.41,52.41,68.51,69.61,73.38
48.37,48.37,62.32,68.68,69.71
57.67,57.67,62.17,68.68,69.52
61.33,61.33,65.56,68.52,75.75
61.82,61.82,78.64,67.94,73.17
61.34,61.34,71.10,66.36,72.97
60.14,60.14,66.96,68.74,73.81
59.18,59.18,62.08,66.04,74.21
55.22,55.22,56.98,70.28,70.74
44.54,44.54,53.67,70.43,68.86
48.64,48.64,51.99,70.07,70.43
53.91,53.91,51.02,71.29,75.32
53.13,53.13,47.41,69.65,76.61
49.12,49.12,46.06,69.44,74.05
44.25,44.25,53.95,66.42,73.91
48.25,48.25,55.63,63.78,75.14
49.87,49.87,71.88,66.38,76.02
50.21,50.21,80.88,68.78,72.32
50.33,50.33,78.10,67.42,73.67
48.20,48.20,73.61,67.02,73.45
44.39,44.39,68.88,69.41,74.96
43.02,43.02,67.13,67.47,74.43
45.94,45.94,66.28,67.34,76.40
45.03,45.03,60.09,68.77,75.19
42.04,42.04,52.99,66.11,76.87
41.95,41.95,47.33,67.91,75.02
42.56,42.56,47.66,69.32,75.05
41.36,41.36,52.54,67.89,74.77
40.96,40.96,52.38,70.94,74.45
38.32,38.32,49.91,69.30,75.16
41.10,41.10,49.88,68.98,73.93
44.13,44.13,46.18,70.38,75.23
42.25,42.25,46.49,71.32,74.30
41.00,41.00,47.74,69.87,73.34
41.89,41.89,43.66,69.10,76.49
41.87,41.87,42.56,69.89,74.05
40.42,40.42,46.44,70.70,74.35
40.17,40.17,57.64,67.42,74.21
41.50,41.50,65.00,64.01,72.23
40.94,40.94,77.63,57.52,75.18
39.26,39.26,78.44,57.99,73.95
41.33,41.33,69.81,61.51,73.88
40.15,40.15,71.24,60.33,71.74
40.70,40.70,68.54,65.52,74.74
42.05,42.05,58.99,65.06,70.42
45.48,45.48,54.81,66.59,75.45
43.18,43.18,59.07,70.34,76.23
39.88,39.88,50.00,68.20,74.13
40.45,40.45,51.35,68.43,73.41
38.15,38.15,57.87,71.08,74.74
41.40,41.40,63.82,69.85,74.84
45.57,45.57,73.97,69.47,73.73
42.33,42.33,77.94,66.69,74.91
33.67,33.67,70.45,68.18,72.34
31.96,31.96,65.24,68.33,70.09
30.47,30.47,61.23,69.19,72.46
33.15,33.15,56.65,68.44,73.58
35.27,35.27,54.02,69.45,75.24
37.04,37.04,51.82,70.50,77.04
36.14,36.14,49.75,69.50,76.76
35.33,35.33,50.43,69.29,77.31
37.48,37.48,47.73,69.25,77.39
39.66,39.66,52.47,72.18,72.58
34.54,34.54,50.42,65.73,70.91
34.98,34.98,47.99,66.41,72.70
35.21,35.21,46.22,66.14,69.74
35.61,35.61,47.58,65.48,72.32
34.32,34.32,57.50,64.81,72.35
34.63,34.63,73.85,66.32,75.62
33.74,33.74,74.90,65.47,76.06
33.45,33.45,67.46,66.77,75.15
34.44,34.44,61.30,68.78,75.03
32.80,32.80,62.72,64.70,75.90
33.31,33.31,67.61,66.50,76.82
30.58,30.58,81.90,66.53,73.90
31.63,31.63,81.92,65.87,71.81
30.68,30.68,75.08,67.96,72.94
32.49,32.49,67.98,69.52,75.23
35.16,35.16,59.15,69.17,76.52
36.91,36.91,62.81,70.23,75.74
37.33,37.33,54.48,69.13,72.41
37.46,37.46,60.41,69.61,73.60
36.51,36.51,60.56,71.56,74.85
34.61,34.61,57.89,69.88,70.84
31.23,31.23,57.65,69.64,72.48
30.48,30.48,55.28,67.82,74.46
30.31,30.31,61.70,66.18,72.37
28.42,28.42,79.16,65.65,70.96
29.51,29.51,81.86,66.73,69.28
32.82,32.82,73.12,66.80,71.09
34.36,34.36,70.28,67.99,72.77
36.22,36.22,69.26,69.24,72.19
39.17,39.17,67.47,64.77,72.77
37.21,37.21,60.05,64.65,71.69
36.64,36.64,55.16,67.83,70.16
36.85,36.85,53.70,67.20,75.57
36.43,36.43,56.94,69.10,76.18
31.15,31.15,60.43,65.35,70.57
29.55,29.55,73.22,65.81,69.93
26.90,26.90,78.62,66.77,70.31
26.52,26.52,70.05,63.85,69.53
25.40,25.40,64.38,66.57,67.45
27.43,27.43,58.92,68.28,69.85
31.24,31.24,53.90,67.70,72.79
31.19,31.19,52.05,68.44,75.43
35.38,35.38,51.32,68.13,76.28
34.27,34.27,45.41,67.64,72.97
28.38,28.38,43.89,68.33,72.45
29.56,29.56,49.61,69.26,74.70
30.45,30.45,54.50,65.55,71.57
31.88,31.88,53.84,65.85,73.80
35.87,35.87,49.99,66.22,72.51
33.13,33.13,48.83,69.35,69.07
34.27,34.27,45.79,66.12,74.70
34.20,34.20,44.00,68.29,72.45
37.44,37.44,42.53,68.67,73.64
36.86,36.86,42.16,67.69,73.52
36.55,36.55,40.59,68.86,74.72
36.67,36.67,42.39,69.14,73.96
35.03,35.03,46.01,66.24,74.98
33.99,33.99,55.52,62.01,71.57
30.86,30.86,69.48,62.21,70.81
27.75,27.75,82.11,64.45,69.66
28.97,28.97,79.16,66.30,70.02
31.24,31.24,68.81,67.36,70.88
31.29,31.29,60.77,68.33,70.54
34.72,34.72,66.39,69.00,70.43
36.14,36.14,66.28,69.28,70.15
36.48,36.48,58.95,68.29,74.47
37.41,37.41,62.48,67.19,73.95
34.90,34.90,60.63,67.63,73.36
34.36,34.36,57.52,66.67,69.17
32.48,32.48,51.22,67.69,72.83
34.65,34.65,55.34,67.71,75.34
34.15,34.15,51.31,67.78,76.15
32.44,32.44,49.03,65.25,76.56
33.36,33.36,46.80,64.90,75.26
34.68,34.68,46.91,68.15,73.77
35.45,35.45,44.08,65.88,70.62
35.14,35.14,42.20,65.26,71.74
34.34,34.34,41.02,69.53,70.05
35.58,35.58,42.22,66.04,72.91
35.13,35.13,47.57,68.66,73.25
32.20,32.20,58.80,66.98,72.74
26.93,26.93,61.86,64.63,70.29
27.67,27.67,77.08,65.88,73.06
26.21,26.21,76.50,67.29,73.89
26.60,26.60,68.50,63.61,76.22
27.73,27.73,62.65,67.62,74.37
27.08,27.08,58.46,66.34,71.25
27.41,27.41,51.87,66.01,72.07
28.12,28.12,49.45,68.54,70.81
29.66,29.66,47.10,67.55,72.58
30.53,30.53,46.17,67.73,72.41
30.93,30.93,45.19,69.89,75.57
28.55,28.55,46.77,67.71,73.79
30.63,30.63,54.46,67.79,71.68
31.74,31.74,51.02,70.34,70.40
30.59,30.59,49.81,68.42,70.01
31.62,31.62,48.46,69.13,73.37
31.89,31.89,54.00,70.14,74.29
24.93,24.93,56.45,66.45,72.98
19.57,19.57,74.21,67.69,74.84
18.76,18.76,71.95,68.03,71.98
19.41,19.41,62.99,65.93,72.91
19.80,19.80,59.06,67.74,73.80
24.61,24.61,54.00,69.11,73.08
24.40,24.40,52.57,69.12,72.68
24.59,24.59,65.55,71.39,73.52
26.94,26.94,80.54,70.73,71.16
28.25,28.25,80.43,69.39,70.76
28.49,28.49,73.35,68.61,72.59
30.78,30.78,70.83,69.69,72.78
29.37,29.37,63.38,69.70,74.62
29.16,29.16,62.69,67.68,71.42
29.56,29.56,58.29,66.78,72.89
29.30,29.30,60.96,69.37,72.24
30.47,30.47,56.35,68.13,73.67
27.39,27.39,51.93,68.35,71.14
22.62,22.62,50.96,62.48,70.80
22.39,22.39,62.73,63.65,75.04
25.93,25.93,67.79,66.01,74.55
26.35,26.35,81.49,62.85,73.11
23.99,23.99,81.55,64.05,73.30
25.24,25.24,72.72,62.75,75.31
28.09,28.09,69.91,64.45,73.18
29.50,29.50,66.66,63.35,72.05
29.72,29.72,65.33,65.89,74.30
30.36,30.36,63.52,64.96,71.79
32.16,32.16,56.02,61.90,71.90
27.67,27.67,54.80,65.75,72.34
20.94,20.94,56.44,66.41,73.57
16.82,16.82,73.10,66.15,75.55
19.13,19.13,77.52,68.74,73.37
27.19,27.19,69.78,65.73,72.80
27.44,27.44,65.18,66.74,74.53
23.50,23.50,56.78,69.24,73.74
23.49,23.49,52.30,66.17,74.66
24.76,24.76,48.88,66.43,74.44
24.79,24.79,46.51,69.06,72.63
25.87,25.87,45.03,66.15,70.31
23.76,23.76,44.91,68.16,70.50
22.80,22.80,51.00,67.60,69.55
20.28,20.28,54.71,64.21,71.04
21.35,21.35,66.78,64.91,73.34
18.45,18.45,81.97,63.46,71.19
21.66,21.66,77.28,63.66,69.38
24.66,24.66,70.19,61.21,69.67
27.20,27.20,67.52,62.38,72.10
27.81,27.81,62.49,66.93,69.62
26.32,26.32,61.12,66.26,73.61
26.17,26.17,60.16,68.29,70.81
26.40,26.40,53.76,68.75,70.20
26.19,26.19,50.18,68.12,71.86
23.52,23.52,46.94,67.22,72.31
19.64,19.64,51.01,68.25,72.97
19.94,19.94,53.89,66.93,73.42
22.67,22.67,50.15,68.83,71.73
24.75,24.75,50.04,67.62,72.41
30.63,30.63,48.36,69.28,72.28
31.23,31.23,45.16,70.46,71.57
26.36,26.36,42.82,68.63,70.85
25.06,25.06,41.75,69.26,70.34
24.66,24.66,40.78,70.60,71.79
24.05,24.05,42.97,69.48,70.77
21.67,21.67,47.99,68.98,73.29
22.30,22.30,59.16,64.32,70.44
19.54,19.54,68.65,61.39,68.32
20.07,20.07,82.31,57.99,68.76
23.27,23.27,78.53,62.73,68.63
28.89,28.89,71.03,66.39,74.29
27.90,27.90,71.87,67.52,71.10
30.85,30.85,66.00,68.20,71.07
29.75,29.75,60.46,68.58,69.82
29.69,29.69,63.73,69.65,72.73
30.06,30.06,58.56,69.24,69.75
30.10,30.10,52.96,68.38,70.48
27.19,27.19,50.36,68.08,69.05
19.81,19.81,53.52,67.17,70.17
17.67,17.67,66.12,65.81,68.48
21.94,21.94,79.68,64.31,68.50
21.33,21.33,72.10,63.81,68.07
18.92,18.92,65.38,68.13,66.52
19.28,19.28,60.51,68.75,70.89
20.62,20.62,56.53,67.25,68.91
22.46,22.46,51.06,68.15,67.98
23.77,23.77,47.02,66.72,69.04
23.50,23.50,45.21,66.67,69.47
22.98,22.98,44.63,69.43,67.14
19.88,19.88,49.54,66.31,68.68
20.39,20.39,54.48,67.15,66.51
21.01,21.01,52.29,65.61,65.63
22.30,22.30,48.69,69.42,68.42
23.43,23.43,46.43,67.90,70.17
20.93,20.93,50.12,67.43,68.52
17.56,17.56,61.49,68.13,67.76
21.01,21.01,74.85,67.95,70.47
20.47,20.47,72.70,67.81,66.11
17.86,17.86,65.73,67.47,69.07
24.04,24.04,59.66,66.11,70.87
28.05,28.05,54.36,68.28,67.45
23.91,23.91,59.55,68.52,67.46
20.95,20.95,74.95,69.65,67.95
14.80,14.80,80.59,67.56,65.51
18.57,18.57,74.62,67.66,67.60
21.69,21.69,76.33,68.96,70.02
22.38,22.38,72.22,70.54,69.62
22.08,22.08,62.28,69.38,67.51
23.06,23.06,62.02,68.92,67.35
23.32,23.32,65.01,68.93,66.06
23.74,23.74,60.32,68.34,68.55
23.94,23.94,58.51,69.02,69.99
21.09,21.09,51.24,69.08,69.21
15.15,15.15,46.71,69.59,63.28
14.68,14.68,57.68,66.70,68.99
16.65,16.65,71.18,63.83,68.22
22.79,22.79,80.35,68.30,67.55
22.70,22.70,73.25,68.13,69.79
21.57,21.57,73.07,66.73,66.26
18.75,18.75,76.67,66.59,66.13
18.84,18.84,70.31,69.24,63.58
20.97,20.97,61.41,68.43,65.87
21.64,21.64,61.00,66.85,65.65
20.89,20.89,65.75,66.16,67.98
19.83,19.83,57.97,67.35,68.23
14.31,14.31,58.16,65.48,66.14
12.95,12.95,73.35,63.27,68.87
12.36,12.36,77.96,63.20,73.17
19.58,19.58,68.70,66.23,71.64
22.68,22.68,64.26,65.45,71.94
21.19,21.19,59.37,65.54,70.46
18.96,18.96,54.89,65.68,71.22
17.57,17.57,52.61,64.12,69.35
18.37,18.37,49.57,65.16,71.64
22.02,22.02,45.35,68.49,68.02
21.94,21.94,43.76,68.70,67.57
17.87,17.87,53.72,69.31,65.06
12.69,12.69,62.19,53.30,66.65
8.64,8.64,70.39,59.77,70.68
5.28,5.28,77.40,67.95,69.15
7.51,7.51,66.51,69.84,68.41
10.42,10.42,63.18,70.12,63.79
13.04,13.04,58.72,71.36,70.80
17.19,17.19,54.11,69.35,66.41
20.47,20.47,48.15,70.05,69.10
25.26,25.26,47.39,70.69,70.85
23.69,23.69,43.90,71.52,65.57
23.25,23.25,41.52,69.85,69.97
20.94,20.94,45.90,69.90,69.55
13.82,13.82,56.37,68.94,66.39
12.23,12.23,68.98,64.40,66.00
9.52,9.52,81.32,67.87,67.17
11.84,11.84,77.36,66.00,72.92
16.09,16.09,69.67,66.88,69.13
19.58,19.58,73.88,65.35,70.13
22.03,22.03,70.56,65.85,73.51
24.43,24.43,65.11,67.22,72.81
25.20,25.20,63.76,67.47,72.18
26.65,26.65,61.41,66.79,69.47
24.11,24.11,50.47,66.76,71.59
18.98,18.98,43.71,67.41,70.91
18.90,18.90,46.84,67.65,73.66
22.76,22.76,52.75,68.65,74.86
24.75,24.75,48.62,68.46,75.66
25.16,25.16,47.62,66.48,74.82
25.26,25.26,44.49,65.01,72.85
26.30,26.30,44.81,66.29,73.15
27.81,27.81,43.77,65.76,71.58
26.63,26.63,42.00,67.08,68.18
25.95,25.95,41.72,67.08,68.71
25.88,25.88,43.06,66.88,71.47
23.89,23.89,48.27,66.17,75.46
21.02,21.02,57.16,64.95,78.09
9.61,9.61,61.67,65.16,78.39
8.94,8.94,75.27,66.36,76.87
5.76,5.76,75.18,67.11,77.20
10.77,10.77,71.27,66.40,77.43
9.74,9.74,63.45,66.17,77.74
6.75,6.75,60.61,67.51,77.56
9.19,9.19,58.98,67.16,74.74
9.95,9.95,55.89,66.12,77.89
11.20,11.20,53.20,65.40,78.51
14.49,14.49,51.21,65.65,76.84
15.04,15.04,51.19,64.79,76.46
13.81,13.81,51.29,63.86,79.04
14.64,14.64,52.07,64.28,78.80
15.38,15.38,52.67,66.40,78.25
16.88,16.88,51.25,67.06,77.02
18.63,18.63,50.61,66.59,76.03
16.20,16.20,59.61,65.65,78.56
13.70,13.70,64.23,65.96,76.01
9.17,9.17,75.61,66.10,75.20
8.91,8.91,66.75,65.92,75.19
8.53,8.53,60.02,65.57,74.76
12.09,12.09,53.92,63.13,73.46
15.49,15.49,55.81,64.80,70.52
11.22,11.22,60.30,68.91,69.89
11.01,11.01,80.20,70.38,70.20
12.19,12.19,81.66,68.08,71.81
15.60,15.60,74.89,66.15,75.81
17.62,17.62,68.19,65.20,76.77
18.21,18.21,60.49,65.38,75.82
20.65,20.65,61.36,65.91,80.34
21.24,21.24,58.10,64.96,79.10
24.89,24.89,58.30,63.39,75.64
25.69,25.69,52.39,63.57,72.84
23.19,23.19,49.65,65.95,71.91
19.20,19.20,52.47,65.81,73.32
19.55,19.55,55.47,62.01,75.05
15.49,15.49,78.14,66.64,76.57
14.67,14.67,78.66,64.89,75.98
17.65,17.65,74.19,61.86,75.93
18.84,18.84,66.08,64.60,77.69
19.66,19.66,59.93,66.03,76.26
21.82,21.82,64.43,66.26,73.79
22.50,22.50,60.07,65.68,72.60
21.68,21.68,55.31,65.55,73.27
20.74,20.74,48.90,67.20,73.19
18.64,18.64,55.06,66.45,73.57
14.40,14.40,60.91,65.68,77.11
11.11,11.11,65.04,65.18,77.23
4.91,4.91,79.90,64.87,74.55
3.46,3.46,71.84,64.84,77.96
4.54,4.54,66.71,66.40,75.20
7.73,7.73,61.41,65.98,71.44
12.79,12.79,57.03,65.51,72.55
16.59,16.59,51.21,63.97,75.13
20.83,20.83,47.02,64.98,77.14
24.77,24.77,45.44,66.22,77.01
23.14,23.14,43.04,66.04,78.08
20.09,20.09,46.23,64.63,75.36
16.44,16.44,58.99,64.26,71.27
14.71,14.71,63.16,64.69,70.89
13.75,13.75,81.31,65.69,71.94
16.33,16.33,79.70,64.13,75.05
19.92,19.92,71.37,62.00,78.28
23.07,23.07,70.09,60.58,75.68
24.58,24.58,63.56,63.25,72.39
25.51,25.51,62.73,65.82,70.96
27.13,27.13,63.12,65.24,73.94
28.57,28.57,54.35,63.95,76.88
26.26,26.26,48.62,64.05,77.84
25.43,25.43,48.30,64.76,75.72
22.86,22.86,48.62,65.12,73.77
21.45,21.45,52.03,64.93,69.13
20.97,20.97,49.21,64.43,74.45
22.99,22.99,48.64,63.18,77.71
21.55,21.55,44.40,62.52,77.90
22.78,22.78,44.19,62.52,73.70
21.51,21.51,41.86,61.26,69.17
20.55,20.55,40.65,62.67,71.35
19.00,19.00,39.50,64.16,76.14
19.92,19.92,41.59,64.21,77.96
18.43,18.43,47.58,65.18,75.06
18.71,18.71,57.85,64.42,73.49
20.55,20.55,68.20,60.25,73.97
17.47,17.47,82.57,60.39,75.60
17.43,17.43,78.54,45.66,78.76
21.89,21.89,72.81,62.09,75.18
21.44,21.44,68.35,65.36,72.49
24.24,24.24,67.04,66.04,70.95
25.77,25.77,61.36,67.34,73.93
24.85,24.85,50.53,66.67,75.41
25.26,25.26,50.01,66.79,76.45
26.93,26.93,48.52,67.31,76.14
23.13,23.13,47.87,65.96,74.34
15.75,15.75,56.37,65.13,71.27
12.66,12.66,64.00,65.23,70.91
11.19,11.19,78.22,64.01,75.05
8.07,8.07,72.59,65.17,76.13
12.08,12.08,64.19,66.35,72.19
15.29,15.29,62.43,66.25,72.79
16.55,16.55,56.08,66.33,72.85
18.67,18.67,53.97,66.80,72.93
20.47,20.47,53.81,65.80,76.82
18.29,18.29,51.26,66.57,78.68
21.61,21.61,48.77,66.37,74.82
23.08,23.08,48.79,67.50,73.16
19.91,19.91,49.33,66.43,70.45
21.30,21.30,51.10,66.48,74.61
22.15,22.15,48.30,61.42,76.04
24.80,24.80,47.12,67.89,78.14
24.69,24.69,49.63,67.64,75.41
18.58,18.58,60.99,67.70,73.40
13.25,13.25,74.60,67.80,71.61
11.33,11.33,68.33,68.11,70.60
11.11,11.11,63.14,67.66,74.20
17.06,17.06,57.25,66.09,76.35
19.29,19.29,54.03,65.91,75.93
17.07,17.07,53.37,65.62,73.52
15.10,15.10,66.01,68.79,73.26
13.49,13.49,79.43,65.87,73.26
15.80,15.80,79.54,59.44,75.67
17.91,17.91,72.80,66.07,75.15
19.24,19.24,69.34,68.59,73.52
21.10,21.10,63.22,68.43,71.69
22.95,22.95,56.73,67.08,74.96
24.84,24.84,55.16,66.16,73.91
25.55,25.55,57.73,66.10,77.46
25.19,25.19,54.65,66.97,77.59
24.85,24.85,51.43,68.16,75.67
23.61,23.61,49.87,67.89,72.26
21.82,21.82,60.61,66.53,74.38
18.24,18.24,70.48,67.01,75.09
16.78,16.78,77.70,67.67,75.03
17.99,17.99,73.68,63.64,69.37
19.92,19.92,71.74,69.00,69.72
21.00,21.00,74.12,69.37,74.14
23.71,23.71,69.71,71.63,76.92
25.02,25.02,63.66,70.64,73.73
24.73,24.73,65.99,70.74,70.95
25.31,25.31,62.53,71.38,73.21
23.29,23.29,61.21,71.13,74.84
16.12,16.12,59.18,68.93,75.83
11.36,11.36,70.32,62.51,75.30
16.06,16.06,76.59,61.20,72.84
23.02,23.02,68.31,66.16,72.14
25.53,25.53,60.77,68.28,75.66
29.48,29.48,56.97,68.47,74.70
32.10,32.10,55.56,69.33,75.20
31.30,31.30,50.84,68.42,72.54
26.94,26.94,46.66,69.71,75.12
23.74,23.74,46.19,69.09,76.34
22.29,22.29,45.41,69.47,74.99
23.58,23.58,45.55,69.01,72.02
22.56,22.56,51.89,68.93,72.68
21.56,21.56,51.75,48.90,74.86
20.75,20.75,48.25,60.33,78.37
23.27,23.27,46.13,67.01,71.95
26.10,26.10,44.25,68.08,73.10
23.51,23.51,43.52,68.15,73.18
23.88,23.88,42.96,67.28,73.07
23.70,23.70,40.98,66.98,78.24
23.42,23.42,40.11,68.56,74.84
22.98,22.98,39.06,68.49,77.31
21.22,21.22,44.33,69.32,78.63
19.06,19.06,53.40,68.14,77.21
18.65,18.65,70.78,62.24,73.58
18.99,18.99,80.16,68.09,70.66
19.03,19.03,69.46,69.29,71.09
21.77,21.77,74.86,69.22,73.26
24.92,24.92,64.82,69.95,72.72
26.80,26.80,67.77,70.09,72.25
22.79,22.79,56.61,68.66,74.02
23.14,23.14,59.65,69.86,74.15
21.38,21.38,51.95,70.21,74.27
21.05,21.05,47.84,69.87,74.59
19.33,19.33,48.78,69.53,75.75
24.93,24.93,50.71,69.24,74.64
21.61,21.61,50.26,68.98,76.30
18.25,18.25,48.94,69.76,75.07
16.94,16.94,43.85,70.10,72.61
18.93,18.93,42.03,69.90,74.47
22.49,22.49,41.41,70.13,75.56
25.49,25.49,39.63,68.66,76.35
24.46,24.46,46.56,69.31,76.66
24.00,24.00,53.57,70.56,76.19
21.58,21.58,53.50,69.91,72.61
20.14,20.14,48.87,68.69,71.73
13.24,13.24,52.29,66.56,71.81
7.63,7.63,62.04,63.72,73.28
7.69,7.69,75.07,60.27,73.80
4.00,4.00,73.27,66.49,72.13
6.30,6.30,66.37,65.04,73.81
11.01,11.01,60.22,63.88,74.69
13.17,13.17,55.24,65.21,75.12
13.85,13.85,52.39,64.70,72.74
19.94,19.94,49.60,64.63,71.48
22.24,22.24,47.44,65.75,73.14
21.33,21.33,46.19,65.78,75.16
20.83,20.83,45.24,65.76,73.87
22.38,22.38,46.36,65.30,74.61
22.26,22.26,52.43,65.88,73.26
20.80,20.80,50.36,66.06,72.57
24.43,24.43,48.77,66.08,72.09
24.60,24.60,48.97,65.75,72.64
20.93,20.93,54.12,65.51,75.81
17.33,17.33,61.67,66.30,76.71
14.99,14.99,75.71,64.93,75.71
12.94,12.94,65.58,64.68,74.54
16.16,16.16,61.19,65.19,77.52
18.46,18.46,54.58,64.94,78.03
16.98,16.98,56.99,61.64,79.58
15.05,15.05,63.10,53.99,77.02
21.69,21.69,79.75,56.69,76.37
26.51,26.51,79.36,59.51,75.64
28.50,28.50,71.70,60.94,72.70
29.76,29.76,71.41,65.57,70.34
31.45,31.45,64.45,66.44,74.20
27.90,27.90,61.06,64.75,73.64
23.05,23.05,58.37,64.72,74.75
22.65,22.65,56.74,66.75,75.53
22.38,22.38,46.15,66.34,74.80
22.41,22.41,46.86,64.63,76.30
21.72,21.72,47.43,57.71,74.67
16.45,16.45,52.41,54.54,75.43
10.07,10.07,60.73,67.12,74.94
10.54,10.54,79.00,70.26,73.83
14.73,14.73,79.43,67.62,74.13
16.64,16.64,67.46,65.05,70.93
18.94,18.94,69.77,61.08,71.07
20.79,20.79,66.37,62.93,71.78
23.14,23.14,58.99,64.15,72.30
23.36,23.36,55.58,63.76,72.67
25.45,25.45,49.75,64.58,75.02
25.77,25.77,50.25,65.75,75.35
20.13,20.13,55.04,64.57,74.21
10.48,10.48,63.36,64.75,74.99
7.42,7.42,70.75,65.29,74.31
5.92,5.92,77.14,65.74,72.66
11.98,11.98,66.81,66.38,71.18
12.88,12.88,64.16,66.31,72.81
17.39,17.39,57.50,66.61,74.02
17.08,17.08,54.12,66.95,76.63
18.13,18.13,50.75,66.81,74.92
19.80,19.80,48.95,68.19,74.86
20.36,20.36,48.75,67.69,75.68
21.62,21.62,45.78,66.00,73.51
20.64,20.64,48.49,55.90,75.15
14.48,14.48,56.82,61.28,73.52
13.71,13.71,64.87,65.20,71.16
22.33,22.33,78.93,66.99,69.45
26.43,26.43,78.17,67.20,73.26
25.23,25.23,71.75,64.84,75.66
19.15,19.15,67.00,62.28,74.47
20.28,20.28,65.75,64.63,75.33
19.84,19.84,63.10,64.76,76.01
21.56,21.56,60.05,65.38,75.41
20.21,20.21,54.57,66.19,73.91
18.89,18.89,48.91,66.42,71.95
16.46,16.46,46.43,66.36,72.57
15.33,15.33,48.49,65.99,72.82
14.31,14.31,53.41,66.25,74.68
16.23,16.23,50.78,65.65,73.14
19.40,19.40,47.51,65.94,72.33
19.49,19.49,47.96,66.83,75.05
20.98,20.98,47.54,67.05,75.55
21.67,21.67,45.44,68.91,74.73
21.01,21.01,44.80,68.85,75.82
25.36,25.36,44.24,67.03,74.06
24.17,24.17,43.95,66.50,74.61
24.56,24.56,48.73,65.89,75.78
23.42,23.42,51.07,66.82,74.01
16.90,16.90,69.32,69.29,73.84
13.83,13.83,79.15,67.87,72.81
18.50,18.50,74.18,66.62,75.19
21.71,21.71,73.47,65.77,75.18
22.07,22.07,67.80,63.80,74.33
22.60,22.60,62.64,65.33,73.85
23.66,23.66,61.71,67.41,72.33
23.78,23.78,49.46,67.44,71.38
22.34,22.34,45.88,67.44,71.76
22.74,22.74,49.50,68.95,70.85
20.76,20.76,55.59,68.40,71.12
11.20,11.20,55.62,68.67,72.67
8.70,8.70,64.66,68.39,73.51
4.21,4.21,78.05,67.50,70.03
7.53,7.53,67.72,68.32,69.46
15.18,15.18,61.80,67.45,72.51
16.01,16.01,58.97,68.61,73.32
15.92,15.92,53.17,69.65,74.24
24.73,24.73,51.48,69.30,74.87
30.44,30.44,47.76,69.50,72.65
28.91,28.91,44.69,69.21,71.89
22.70,22.70,45.49,69.54,72.51
18.49,18.49,47.19,69.45,68.92
13.83,13.83,51.80,68.67,73.00
11.24,11.24,51.59,66.77,71.98
17.40,17.40,50.03,67.77,72.22
21.56,21.56,47.55,66.43,73.14
22.40,22.40,49.51,68.37,72.21
18.17,18.17,58.23,68.10,71.91
10.64,10.64,68.53,68.12,74.66
7.52,7.52,70.58,67.62,75.19
9.48,9.48,65.64,67.03,75.40
16.15,16.15,58.38,66.90,76.03
22.29,22.29,57.14,65.34,76.23
29.18,29.18,64.76,64.74,75.59
30.17,30.17,80.29,62.98,73.41
26.75,26.75,82.20,63.13,70.06
28.08,28.08,76.22,65.83,70.23
22.49,22.49,68.87,69.08,75.13
19.42,19.42,61.98,68.97,74.65
21.90,21.90,60.49,66.13,72.89
22.81,22.81,62.28,65.63,73.21
23.95,23.95,58.30,68.03,73.40
23.04,23.04,54.48,67.77,71.85
21.60,21.60,51.72,67.69,69.87
19.34,19.34,51.46,66.00,73.13
13.68,13.68,48.69,66.38,71.61
12.72,12.72,67.59,67.72,70.99
10.52,10.52,79.34,67.08,69.62
12.86,12.86,78.32,67.97,69.84
17.66,17.66,69.37,66.27,73.43
20.62,20.62,59.57,67.50,73.45
18.72,18.72,65.71,68.97,76.36
20.55,20.55,64.93,69.43,73.28
20.43,20.43,65.17,70.19,74.36
20.47,20.47,60.35,70.45,73.96
20.80,20.80,59.72,70.95,72.49
18.19,18.19,55.40,70.44,73.53
15.26,15.26,57.94,68.02,71.51
5.67,5.67,61.69,62.06,73.39
7.11,7.11,74.11,65.94,72.36
12.83,12.83,76.71,67.45,72.05
17.19,17.19,66.16,67.82,74.82
17.24,17.24,63.51,69.44,73.30
20.81,20.81,60.06,69.81,73.78
23.83,23.83,58.53,70.87,73.32
23.56,23.56,58.18,69.47,76.12
21.40,21.40,56.03,71.18,70.26
21.99,21.99,56.17,70.66,74.17
25.82,25.82,56.03,69.49,71.69
23.96,23.96,57.32,59.35,70.74
20.16,20.16,72.23,70.53,75.39
21.97,21.97,75.16,68.41,73.14
18.74,18.74,64.65,66.28,75.77
17.48,17.48,59.72,68.74,71.51
13.73,13.73,56.98,69.08,73.09
10.81,10.81,62.74,66.85,74.21
11.67,11.67,74.24,64.27,75.49
14.07,14.07,73.34,67.96,72.16
19.77,19.77,65.26,69.92,74.31
24.89,24.89,60.92,70.26,70.94
25.48,25.48,58.01,69.82,77.10
24.78,24.78,57.35,67.13,75.81
21.11,21.11,68.08,65.40,72.82
13.46,13.46,81.18,60.23,72.37
17.83,17.83,74.59,63.90,71.72
24.69,24.69,74.89,68.07,77.42
28.01,28.01,65.97,67.68,74.27
26.52,26.52,69.11,67.36,71.84
22.00,22.00,57.84,66.80,74.95
19.71,19.71,62.64,68.05,76.52
22.68,22.68,55.08,65.90,76.73
23.21,23.21,51.98,65.44,74.02
22.97,22.97,49.89,64.01,74.18
20.23,20.23,51.01,64.61,74.57
20.65,20.65,54.62,66.04,74.12
24.20,24.20,52.51,66.68,74.53
24.25,24.25,50.13,65.44,74.40
26.25,26.25,49.55,65.13,77.34
27.17,27.17,50.52,66.14,73.27
25.77,25.77,49.82,65.92,72.22
22.17,22.17,55.74,67.36,73.20
22.50,22.50,54.97,67.56,73.66
24.38,24.38,48.46,64.66,76.04
25.93,25.93,46.67,63.59,74.72
21.73,21.73,52.36,61.73,75.13
16.68,16.68,58.96,59.05,73.80
13.14,13.14,72.50,61.48,73.79
16.79,16.79,75.94,64.98,72.22
16.47,16.47,66.21,65.38,70.80
15.36,15.36,63.18,64.17,73.66
12.73,12.73,57.90,60.82,73.75
14.37,14.37,53.99,63.80,73.84
18.32,18.32,52.23,68.74,73.36
19.02,19.02,50.32,68.31,71.95
19.38,19.38,49.39,70.18,72.72
16.29,16.29,48.58,69.72,73.23
16.49,16.49,50.06,67.68,74.81
18.72,18.72,53.59,68.65,75.34
21.68,21.68,53.04,69.06,75.24
23.68,23.68,50.61,68.06,75.00
22.54,22.54,48.31,68.22,74.29
20.26,20.26,49.00,66.75,74.71
18.16,18.16,56.37,64.22,74.04
12.42,12.42,69.06,64.59,75.57
8.56,8.56,73.12,65.74,75.94
8.46,8.46,64.04,66.73,76.32
11.41,11.41,59.47,67.83,75.27
13.45,13.45,57.07,66.86,75.56
16.27,16.27,56.50,65.10,72.21
16.01,16.01,74.41,68.01,70.57
18.83,18.83,77.93,65.04,71.09
21.51,21.51,77.19,66.08,73.97
20.44,20.44,74.97,70.47,73.39
20.91,20.91,67.58,70.77,75.94
20.67,20.67,57.31,67.48,76.04
19.72,19.72,57.93,66.49,75.74
20.33,20.33,60.02,67.59,76.03
18.92,18.92,52.47,66.04,77.22
20.76,20.76,55.71,66.73,76.63
22.40,22.40,49.47,68.86,76.23
22.00,22.00,57.26,67.41,77.85
17.85,17.85,63.15,63.38,76.64
16.01,16.01,80.33,67.29,74.96
16.23,16.23,80.97,61.22,73.31
17.40,17.40,74.21,64.18,73.81
19.44,19.44,68.88,66.90,74.74
24.23,24.23,61.79,67.83,75.32
28.55,28.55,56.23,65.62,76.02
30.06,30.06,60.06,65.98,75.01
29.27,29.27,58.17,65.48,75.93
27.44,27.44,58.22,64.10,74.78
23.79,23.79,57.48,61.78,76.55
15.46,15.46,62.94,63.40,71.92
14.18,14.18,78.03,65.20,73.21
14.65,14.65,73.60,65.99,74.34
11.11,11.11,67.15,68.11,74.28
5.97,5.97,62.32,68.36,73.47
8.81,8.81,57.42,67.17,75.53
14.39,14.39,52.75,66.75,75.43
17.12,17.12,50.14,66.54,76.39
18.89,18.89,49.07,67.58,75.77
18.82,18.82,48.70,70.33,73.79
17.74,17.74,49.24,70.40,73.37
15.58,15.58,56.99,69.05,71.70
18.57,18.57,60.80,62.64,75.74
16.18,16.18,78.25,65.28,72.68
11.54,11.54,81.27,64.22,75.29
18.84,18.84,74.73,63.71,75.14
21.54,21.54,69.71,60.37,72.58
23.36,23.36,65.49,57.52,71.73
22.30,22.30,65.10,62.13,71.60
20.78,20.78,63.47,64.69,72.63
19.44,19.44,50.57,64.03,71.99
19.77,19.77,50.35,62.98,72.09
18.62,18.62,49.71,62.83,72.82
28.24,28.24,48.84,61.92,72.52
31.74,31.74,52.60,66.12,73.32
25.47,25.47,51.52,68.96,73.49
16.54,16.54,49.03,67.66,74.08
15.36,15.36,48.51,68.38,74.18
16.12,16.12,47.01,69.08,74.76
17.18,17.18,46.21,68.60,75.52
19.33,19.33,45.92,71.06,73.91
19.55,19.55,45.39,71.87,74.21
20.38,20.38,46.10,71.20,73.22
19.96,19.96,47.75,71.14,73.49
22.14,22.14,58.59,67.56,73.84
25.42,25.42,67.84,61.12,73.58
26.47,26.47,81.33,60.15,72.54
22.64,22.64,77.60,60.09,71.43
19.98,19.98,68.49,66.29,74.58
22.34,22.34,70.69,66.26,75.32
21.26,21.26,66.32,67.38,74.53
19.71,19.71,59.24,67.46,75.05
18.58,18.58,54.26,69.45,76.14
21.42,21.42,58.17,69.74,74.91
19.77,19.77,44.73,67.61,75.16
16.64,16.64,50.70,68.71,74.10
12.21,12.21,60.50,69.43,74.64
12.86,12.86,74.09,68.72,75.30
13.61,13.61,76.09,69.37,75.43
11.44,11.44,69.71,70.35,75.66
15.31,15.31,62.90,70.03,74.18
19.38,19.38,58.88,71.07,74.82
19.57,19.57,54.26,70.76,75.22
21.19,21.19,50.96,68.19,75.24
21.36,21.36,48.24,67.37,74.45
18.84,18.84,47.12,66.07,75.36
16.10,16.10,45.08,65.42,74.42
13.35,13.35,45.67,63.98,74.59
14.44,14.44,49.86,63.22,74.48
13.01,13.01,48.88,63.46,76.23
15.74,15.74,47.92,63.37,75.54
18.89,18.89,46.38,62.04,75.44
17.88,17.88,48.09,67.23,76.31
16.63,16.63,53.83,64.28,74.84
19.97,19.97,65.65,66.39,74.04
20.93,20.93,74.84,66.57,74.10
16.56,16.56,64.64,66.30,74.19
14.66,14.66,59.34,66.51,74.86
16.49,16.49,55.89,67.72,74.35
15.33,15.33,55.36,65.70,75.77
15.86,15.86,64.55,65.24,73.45
12.77,12.77,78.34,64.67,72.79
11.64,11.64,81.98,62.52,71.85
13.72,13.72,76.40,57.35,73.53
19.82,19.82,75.53,69.45,74.94
20.91,20.91,69.65,67.55,73.83
21.01,21.01,66.78,67.28,75.03
24.51,24.51,63.44,67.95,76.95
25.94,25.94,62.59,68.33,76.17
21.81,21.81,55.62,66.84,75.36
16.70,16.70,48.54,66.91,76.25
14.82,14.82,50.84,64.51,76.44
9.58,9.58,58.10,65.83,74.08
7.88,7.88,70.73,69.80,72.01
13.27,13.27,77.98,64.66,71.76
17.91,17.91,74.59,65.43,70.57
16.69,16.69,67.92,68.16,74.00
19.76,19.76,68.02,70.13,74.57
19.79,19.79,66.55,70.42,75.83
19.49,19.49,59.94,69.82,73.43
23.44,23.44,56.89,68.44,71.78
21.94,21.94,45.55,68.31,74.92
15.96,15.96,53.34,66.85,74.61
10.69,10.69,53.89,62.86,74.40
2.80,2.80,64.05,61.43,75.67
4.40,4.40,78.47,54.80,73.02
12.64,12.64,73.03,64.22,72.38
16.69,16.69,63.21,69.25,72.40
22.03,22.03,60.36,69.01,75.04
25.51,25.51,56.86,70.02,74.08
23.22,23.22,53.10,69.00,72.86
19.54,19.54,50.50,70.15,73.21
16.10,16.10,49.43,69.31,70.94
16.43,16.43,47.35,69.39,75.67
22.16,22.16,48.85,69.10,73.49
26.46,26.46,50.32,70.58,74.57
28.99,28.99,53.55,70.02,74.53
29.69,29.69,48.73,70.32,71.20
29.31,29.31,47.52,69.92,70.63
28.91,28.91,46.95,70.41,73.66
26.64,26.64,46.70,70.27,70.25
24.18,24.18,45.39,70.32,72.88
21.93,21.93,46.49,70.56,70.13
21.80,21.80,43.35,71.05,74.10
24.70,24.70,44.74,70.98,73.67
24.71,24.71,46.64,70.51,71.43
20.66,20.66,52.14,66.73,73.45
18.54,18.54,61.68,63.70,75.19
19.83,19.83,79.63,65.37,73.18
23.58,23.58,77.05,64.00,71.38
24.22,24.22,67.19,67.80,69.67
25.61,25.61,60.16,64.99,70.15
24.75,24.75,62.02,57.22,74.39
19.05,19.05,66.76,61.25,74.33
15.71,15.71,63.93,67.62,75.25
13.99,13.99,62.16,70.07,72.16
15.98,15.98,57.84,69.91,72.58
20.03,20.03,58.15,67.67,76.57
21.52,21.52,57.70,64.21,75.22
20.30,20.30,57.43,64.09,73.27
18.37,18.37,52.26,67.96,73.08
17.23,17.23,48.83,69.47,72.40
23.12,23.12,45.68,69.20,75.06
26.79,26.79,44.82,68.96,75.38
28.62,28.62,45.72,67.88,76.65
28.58,28.58,44.35,64.46,73.77
24.47,24.47,42.17,64.95,74.34
21.24,21.24,41.65,66.14,73.34
21.80,21.80,43.87,66.31,72.07
17.88,17.88,57.69,67.54,71.78
12.92,12.92,62.73,67.38,73.14
16.53,16.53,65.87,58.18,73.77
17.99,17.99,78.95,52.72,70.65
15.58,15.58,73.06,65.25,72.75
9.36,9.36,63.64,69.21,71.07
13.95,13.95,58.93,69.45,71.87
15.86,15.86,55.07,67.88,71.97
19.41,19.41,52.15,66.67,71.02
26.13,26.13,50.84,64.90,72.80
23.80,23.80,48.02,65.89,73.12
21.66,21.66,47.48,68.58,76.38
19.41,19.41,46.72,68.26,72.67
22.71,22.71,46.99,67.87,75.31
26.79,26.79,51.77,68.01,74.22
26.29,26.29,49.31,67.06,74.95
22.75,22.75,46.40,66.21,74.09
24.07,24.07,45.99,65.35,71.43
23.24,23.24,53.41,66.24,71.07
17.34,17.34,63.90,67.64,73.19
12.85,12.85,73.79,67.77,74.35
13.83,13.83,70.72,67.51,73.69
18.32,18.32,61.96,66.36,74.46
20.72,20.72,59.27,63.59,74.59
20.19,20.19,60.17,55.82,72.33
19.90,19.90,74.20,55.30,69.80
23.27,23.27,79.63,61.05,69.99
22.68,22.68,77.08,63.58,69.97
20.28,20.28,74.16,64.85,70.84
19.98,19.98,70.69,65.23,73.19
22.13,22.13,64.02,61.25,73.76
25.11,25.11,60.89,66.76,75.89
23.92,23.92,62.52,69.36,75.34
21.89,21.89,50.30,69.46,72.04
21.63,21.63,47.36,66.82,71.72
22.67,22.67,47.52,64.87,72.68
20.30,20.30,50.33,66.12,74.08
21.09,21.09,62.30,62.16,73.17
15.22,15.22,71.79,53.65,68.52
13.81,13.81,82.29,53.35,70.75
15.79,15.79,75.91,59.68,70.53
18.69,18.69,70.65,66.65,73.32
19.20,19.20,69.55,69.37,72.82
24.94,24.94,59.12,67.13,73.60
27.26,27.26,59.91,63.84,75.67
30.95,30.95,57.98,65.51,75.88
28.99,28.99,55.34,66.14,75.43
21.87,21.87,62.47,67.24,71.91
17.98,17.98,58.63,67.30,72.00
13.79,13.79,65.33,66.94,74.33
9.71,9.71,79.48,64.92,72.94
12.73,12.73,69.34,64.73,71.85
14.18,14.18,64.41,66.64,68.68
15.88,15.88,61.04,67.82,71.69
23.68,23.68,55.23,66.94,72.39
23.16,23.16,53.03,64.20,72.44
21.36,21.36,49.83,64.90,74.04
20.31,20.31,49.54,64.34,73.10
21.31,21.31,47.44,65.59,75.38
21.76,21.76,45.65,66.30,74.45
18.93,18.93,49.76,65.55,71.66
18.45,18.45,56.68,61.41,72.75
20.54,20.54,65.26,59.69,71.75
16.02,16.02,80.52,62.01,70.45
15.14,15.14,81.09,56.08,72.02
18.21,18.21,74.74,63.52,72.18
24.53,24.53,72.05,67.33,74.10
26.40,26.40,66.86,68.30,73.07
25.90,25.90,66.10,67.86,73.57
24.62,24.62,62.81,66.94,72.66
23.90,23.90,61.18,64.39,71.17
22.36,22.36,49.62,65.96,72.55
19.53,19.53,44.52,68.21,73.15
18.40,18.40,44.79,68.56,71.52
17.47,17.47,49.23,67.15,72.72
15.00,15.00,48.02,65.92,69.82
20.25,20.25,46.79,65.08,71.44
17.14,17.14,44.88,65.43,75.36
18.33,18.33,44.89,68.64,75.79
21.61,21.61,45.89,69.48,75.11
26.64,26.64,39.91,69.42,74.87
25.17,25.17,45.35,68.62,73.10
24.14,24.14,44.90,68.52,74.23
22.27,22.27,49.23,68.87,73.31
18.68,18.68,57.26,68.17,71.18
17.65,17.65,64.91,67.90,71.75
11.74,11.74,81.50,65.79,70.56
14.01,14.01,76.71,62.26,71.34
16.07,16.07,77.81,62.40,72.56
18.78,18.78,71.93,66.89,71.83
19.16,19.16,68.47,69.23,73.76
22.30,22.30,71.03,66.94,73.77
25.92,25.92,59.37,67.28,69.40
25.55,25.55,57.68,69.31,69.66
22.47,22.47,53.85,67.07,69.66
20.99,20.99,53.94,66.56,70.20
21.51,21.51,61.16,67.30,68.14
20.68,20.68,73.86,68.31,69.53
22.44,22.44,75.31,68.40,71.34
12.88,12.88,70.58,68.39,73.25
15.08,15.08,63.09,68.07,73.12
18.84,18.84,58.28,67.20,70.89
21.25,21.25,53.97,66.65,71.48
23.77,23.77,51.43,66.12,70.92
21.52,21.52,50.69,67.21,73.02
17.54,17.54,48.00,67.58,71.89
17.52,17.52,47.54,67.29,70.46
15.55,15.55,48.84,64.38,71.19
20.17,20.17,55.44,63.85,72.64
18.42,18.42,51.97,63.18,72.16
20.88,20.88,51.19,65.45,71.98
23.67,23.67,50.90,64.13,72.98
22.57,22.57,55.80,65.33,73.21
20.92,20.92,57.82,65.10,68.06
19.01,19.01,75.56,63.44,68.92
17.22,17.22,68.09,63.49,69.66
16.40,16.40,64.37,65.10,67.99
23.53,23.53,62.40,64.39,69.40
25.99,25.99,65.61,64.73,70.80
27.55,27.55,64.24,64.08,72.31
28.01,28.01,79.24,66.02,71.68
17.76,17.76,78.02,63.40,70.82
19.49,19.49,75.77,62.29,72.14
24.34,24.34,73.60,65.56,70.67
24.08,24.08,68.20,65.62,71.22
24.62,24.62,65.58,65.96,71.25
24.24,24.24,62.09,65.59,71.16
24.06,24.06,61.75,66.38,69.74
24.26,24.26,54.42,66.09,70.04
22.25,22.25,48.47,63.70,70.20
19.88,19.88,53.75,64.03,70.73
14.61,14.61,55.56,64.40,69.89
16.83,16.83,61.99,64.19,69.75
17.71,17.71,79.09,66.99,66.97
16.77,16.77,79.81,59.57,69.09
16.80,16.80,70.94,69.89,68.66
17.63,17.63,74.10,69.79,71.36
19.81,19.81,70.13,68.97,70.15
20.30,20.30,62.37,69.25,69.66
25.83,25.83,57.47,70.03,71.83
31.13,31.13,58.15,69.90,70.26
32.59,32.59,64.61,70.21,69.32
25.38,25.38,60.39,70.33,70.06
16.68,16.68,58.47,70.04,67.64
18.40,18.40,71.64,67.15,69.65
20.00,20.00,77.02,59.74,68.14
17.12,17.12,69.14,67.51,71.15
17.29,17.29,65.32,70.07,70.83
15.78,15.78,59.37,69.47,70.50
19.75,19.75,57.46,70.25,74.90
25.44,25.44,55.60,70.02,73.95
28.92,28.92,50.04,70.45,72.92
25.68,25.68,49.29,70.46,74.35
25.72,25.72,47.07,69.84,70.88
25.38,25.38,47.42,70.60,72.36
21.89,21.89,49.37,69.94,71.84
23.66,23.66,50.75,64.88,71.95
25.20,25.20,49.41,56.56,73.09
25.07,25.07,48.11,67.57,72.55
25.08,25.08,46.32,68.53,73.21
27.71,27.71,45.35,68.46,70.12
30.67,30.67,44.26,69.53,73.81
30.36,30.36,43.20,68.62,69.70
30.26,30.26,41.64,69.53,73.07
28.55,28.55,39.71,68.75,71.68
25.62,25.62,43.76,68.99,73.54
33.60,33.60,48.58,68.01,72.71
34.84,34.84,59.26,66.63,70.30
34.99,34.99,79.43,64.86,68.43
32.98,32.98,78.17,68.06,69.85
33.57,33.57,70.37,68.00,73.17
25.11,25.11,71.26,68.03,70.02
24.39,24.39,72.87,69.96,72.42
25.34,25.34,63.90,68.15,73.36
23.76,23.76,59.23,70.00,72.93
24.41,24.41,56.42,69.70,72.33
23.37,23.37,50.03,70.98,73.98
22.01,22.01,50.87,71.11,74.62
24.93,24.93,53.63,71.25,74.07
28.72,28.72,53.41,70.82,70.00
30.88,30.88,49.99,70.16,72.28
27.47,27.47,46.43,70.24,75.51
24.30,24.30,46.17,71.27,75.02
24.58,24.58,45.59,72.02,74.94
30.97,30.97,45.43,71.59,73.58
39.94,39.94,45.54,70.91,73.12
45.02,45.02,46.01,70.95,71.13
47.58,47.58,42.77,70.62,72.95
47.59,47.59,46.33,71.36,76.30
43.72,43.72,55.73,70.44,73.29
36.78,36.78,59.59,67.99,73.27
29.53,29.53,76.07,68.54,76.80
24.49,24.49,70.69,65.83,71.01
24.24,24.24,62.05,65.48,74.42
25.13,25.13,59.79,61.26,72.64
27.45,27.45,58.19,69.24,71.98
32.76,32.76,54.68,66.31,75.71
35.97,35.97,52.11,67.80,74.64
36.66,36.66,50.59,68.55,71.35
26.75,26.75,47.96,68.70,75.75
25.34,25.34,47.69,67.31,76.43
23.57,23.57,47.21,68.49,76.60
24.70,24.70,52.64,67.00,75.74
24.33,24.33,49.70,67.28,76.43
24.31,24.31,47.33,67.79,74.47
23.26,23.26,46.53,65.94,76.14
23.60,23.60,49.72,66.96,76.71
19.39,19.39,57.66,67.02,75.40
24.93,24.93,69.11,66.86,76.20
22.16,22.16,73.12,65.67,76.47
24.24,24.24,66.05,67.45,74.72
22.03,22.03,60.35,66.12,77.87
24.43,24.43,55.48,66.87,75.99
20.09,20.09,61.32,68.19,75.03
19.07,19.07,79.48,69.31,73.69
21.20,21.20,81.00,67.56,73.36
24.32,24.32,74.89,66.41,75.17
22.59,22.59,70.13,64.81,75.70
23.07,23.07,60.27,65.89,77.40
24.83,24.83,60.21,66.67,77.46
24.71,24.71,59.57,66.30,74.64
23.14,23.14,58.72,64.12,74.28
25.37,25.37,57.99,66.08,71.41
24.71,24.71,54.18,66.05,74.03
20.97,20.97,55.09,61.42,71.85
17.53,17.53,56.56,58.09,74.52
16.22,16.22,65.51,60.70,75.22
17.64,17.64,80.19,60.97,73.27
20.61,20.61,80.35,58.97,75.89
23.51,23.51,71.26,63.61,76.64
26.39,26.39,68.60,65.77,76.74
28.82,28.82,56.03,66.10,77.78
26.75,26.75,55.69,64.81,76.63
26.20,26.20,59.82,65.51,77.70
24.69,24.69,54.60,65.36,77.00
25.44,25.44,53.77,65.01,75.76
23.34,23.34,56.28,65.27,75.62
18.94,18.94,61.84,64.05,72.59
17.42,17.42,71.04,64.73,74.80
18.13,18.13,70.10,64.75,75.91
14.88,14.88,62.30,62.94,75.75
16.43,16.43,58.76,64.47,73.67
20.88,20.88,55.44,66.55,71.89
21.74,21.74,52.89,64.08,71.19
24.36,24.36,48.15,64.21,71.09
26.18,26.18,45.08,66.90,71.67
27.36,27.36,42.95,65.55,73.02
26.62,26.62,42.93,64.44,71.13
23.84,23.84,49.73,63.50,72.76
21.54,21.54,57.01,63.11,73.96
18.59,18.59,70.17,66.19,73.69
17.04,17.04,80.81,66.95,73.90
16.89,16.89,75.20,65.89,75.21
24.27,24.27,69.98,62.00,75.73
26.53,26.53,65.95,60.00,76.80
24.84,24.84,66.50,62.07,74.34
24.72,24.72,63.68,59.08,71.34
25.86,25.86,61.08,61.45,71.78
25.22,25.22,58.27,61.05,73.86
25.09,25.09,51.00,57.08,73.36
20.82,20.82,51.00,56.24,74.84
21.91,21.91,49.14,56.51,74.98
19.94,19.94,51.61,55.43,77.74
18.29,18.29,47.45,57.49,77.08
19.09,19.09,45.58,58.46,77.87
20.61,20.61,46.62,60.17,74.14
23.02,23.02,46.24,61.84,70.82
25.14,25.14,43.25,63.13,72.77
25.43,25.43,42.44,64.63,75.83
24.71,24.71,41.99,65.35,73.47
25.15,25.15,43.80,64.55,74.91
29.06,29.06,48.06,65.36,75.41
29.36,29.36,60.06,63.95,75.47
29.39,29.39,69.46,61.26,76.19
29.91,29.91,81.34,58.13,74.15
28.74,28.74,75.45,56.68,74.73
25.24,25.24,74.38,60.96,76.85
23.11,23.11,70.48,62.83,78.38
23.74,23.74,65.79,65.59,76.26
23.74,23.74,57.00,64.99,72.82
24.73,24.73,54.30,65.97,74.45
24.14,24.14,54.20,66.08,72.23
23.28,23.28,46.47,65.33,75.69
20.05,20.05,48.27,64.52,75.41
15.92,15.92,58.78,64.46,75.84
11.87,11.87,65.23,63.25,74.82
15.13,15.13,73.67,62.04,71.85
13.41,13.41,64.76,65.13,72.26
12.11,12.11,61.86,64.05,73.44
15.80,15.80,59.51,70.03,75.33
16.75,16.75,56.70,68.64,77.94
19.94,19.94,53.38,69.68,76.49
21.02,21.02,52.61,70.64,76.05
20.84,20.84,51.37,69.55,77.73
21.59,21.59,49.07,69.70,77.07
22.45,22.45,51.23,70.37,77.75
20.73,20.73,53.22,69.22,76.57
17.72,17.72,53.28,69.88,77.29
16.11,16.11,51.34,69.35,75.49
16.28,16.28,49.46,67.27,69.71
17.46,17.46,53.42,58.21,72.58
15.08,15.08,62.62,65.84,75.80
11.18,11.18,60.65,64.14,77.69
10.84,10.84,66.68,63.77,78.48
15.21,15.21,60.70,64.79,77.08
18.90,18.90,56.94,66.26,76.42
18.87,18.87,57.18,61.85,78.16
24.75,24.75,63.89,61.87,76.57
22.42,22.42,80.10,64.70,76.16
17.19,17.19,81.20,62.93,74.86
21.08,21.08,75.23,59.23,77.31
22.62,22.62,74.67,56.21,76.47
23.10,23.10,65.41,62.08,74.07
23.00,23.00,60.98,66.82,70.73
22.09,22.09,61.91,67.04,74.04
22.42,22.42,60.66,67.12,72.99
22.20,22.20,56.55,67.76,74.15
23.61,23.61,47.78,67.90,72.93
23.08,23.08,47.04,68.06,72.80
22.90,22.90,51.69,68.32,70.98
24.66,24.66,58.82,69.76,74.13
21.69,21.69,78.56,71.43,72.74
20.21,20.21,79.78,68.23,75.54
22.40,22.40,70.92,60.83,77.01
19.22,19.22,75.63,62.67,74.24
17.36,17.36,70.13,65.28,74.66
20.66,20.66,66.77,70.29,73.01
23.15,23.15,66.04,69.60,74.76
23.14,23.14,60.67,68.95,74.70
21.66,21.66,58.30,69.97,71.69
18.88,18.88,56.20,70.73,71.88
14.25,14.25,57.42,71.21,71.47
13.27,13.27,63.52,70.85,76.20
20.07,20.07,75.40,68.72,75.74
24.43,24.43,65.11,70.26,76.21
24.91,24.91,62.02,74.40,74.74
27.65,27.65,58.19,72.00,75.06
19.35,19.35,55.75,70.20,73.53
19.50,19.50,52.64,73.22,72.24
20.62,20.62,51.95,71.58,72.90
23.73,23.73,49.61,69.40,72.37
27.64,27.64,48.07,71.04,70.55
30.77,30.77,48.21,71.49,71.26
29.43,29.43,48.79,65.38,72.62
27.05,27.05,50.93,70.57,72.08
23.04,23.04,49.39,69.17,73.64
21.49,21.49,49.15,64.09,75.29
21.31,21.31,47.43,71.50,73.70
22.27,22.27,46.51,67.30,71.65
22.10,22.10,44.81,71.24,72.48
24.60,24.60,44.69,68.05,77.61
24.54,24.54,43.14,69.81,76.38
27.74,27.74,43.43,69.65,75.49
25.27,25.27,53.25,72.02,74.27
22.78,22.78,57.58,68.56,74.16
21.64,21.64,66.59,70.27,73.83
16.37,16.37,80.94,67.39,68.77
16.79,16.79,70.95,63.94,72.74
18.14,18.14,67.27,68.81,76.86
20.07,20.07,70.31,66.43,74.23
19.13,19.13,71.56,69.36,70.78
21.13,21.13,57.01,70.49,74.30
20.20,20.20,52.59,69.20,74.48
21.87,21.87,59.49,69.11,71.98
22.53,22.53,57.62,68.58,75.18
21.19,21.19,54.78,69.71,74.50
20.29,20.29,47.71,69.05,71.65
22.58,22.58,47.58,70.61,74.41
23.02,23.02,49.37,69.29,74.10
19.76,19.76,46.95,68.61,75.44
20.81,20.81,44.76,70.29,74.62
20.27,20.27,42.02,71.23,74.54
19.96,19.96,41.63,70.72,74.29
18.34,18.34,44.27,71.08,74.75
17.47,17.47,46.89,67.97,74.99
22.38,22.38,45.94,70.07,72.25
21.79,21.79,42.99,71.95,71.94
15.44,15.44,52.67,74.04,74.68
8.83,8.83,61.09,72.15,72.51
10.87,10.87,66.30,70.77,75.40
9.26,9.26,75.39,69.72,70.95
11.05,11.05,69.98,63.86,70.77
9.82,9.82,63.60,70.50,71.52
12.75,12.75,59.35,72.03,73.57
17.80,17.80,56.24,73.47,71.53
15.95,15.95,56.10,72.54,72.19
15.73,15.73,53.89,69.75,75.60
17.13,17.13,51.78,70.96,73.25
16.54,16.54,49.77,67.65,73.10
14.61,14.61,49.52,67.01,75.53
11.26,11.26,52.07,65.57,76.13
10.77,10.77,53.30,67.84,73.99
12.84,12.84,52.05,70.57,73.96
16.13,16.13,51.77,72.94,75.08
18.21,18.21,52.32,72.96,73.35
17.35,17.35,59.67,73.57,73.70
14.79,14.79,59.46,74.31,73.43
10.59,10.59,74.54,73.27,74.30
11.22,11.22,64.45,71.53,73.94
10.94,10.94,58.52,68.06,73.59
13.81,13.81,52.65,59.64,73.25
14.24,14.24,62.17,63.67,73.14
16.20,16.20,71.95,58.86,75.05
18.89,18.89,80.69,58.83,77.50
21.07,21.07,77.39,61.42,78.87
22.83,22.83,72.64,65.11,77.49
21.84,21.84,68.76,67.03,78.62
21.80,21.80,60.83,69.85,76.81
20.62,20.62,58.50,70.84,77.67
19.97,19.97,59.14,66.92,77.78
19.81,19.81,57.57,65.26,79.00
20.82,20.82,49.94,71.00,79.43
17.59,17.59,52.29,68.87,77.04
17.19,17.19,55.49,66.51,78.41
18.02,18.02,63.00,68.20,76.88
26.46,26.46,77.32,65.74,76.43
24.44,24.44,76.91,56.67,77.93
23.43,23.43,74.31,59.49,79.21
25.64,25.64,66.70,70.86,77.30
36.17,36.17,69.59,69.46,76.65
39.50,39.50,65.22,62.72,77.23
34.94,34.94,57.49,68.43,76.84
27.45,27.45,54.00,72.33,79.85
24.69,24.69,46.63,70.96,76.57
24.69,24.69,56.31,63.95,77.46
28.79,28.79,62.19,65.54,76.97
38.02,38.02,71.35,67.73,76.07
43.76,43.76,75.36,65.19,75.19
43.66,43.66,67.72,65.28,75.19
42.50,42.50,61.95,68.65,74.99
37.90,37.90,57.18,70.82,75.22
34.28,34.28,53.93,67.43,75.19
31.96,31.96,51.25,67.55,77.32
33.14,33.14,51.16,71.46,76.21
32.28,32.28,48.65,71.40,76.77
26.22,26.22,49.18,68.52,76.51
24.88,24.88,52.18,70.28,75.53
21.13,21.13,62.49,70.22,80.34
23.89,23.89,71.34,69.56,77.53
34.96,34.96,79.20,69.24,77.59
41.14,41.14,78.09,67.61,77.18
43.28,43.28,70.76,71.26,76.50
40.30,40.30,66.93,71.01,77.19
33.45,33.45,63.74,69.65,79.25
24.05,24.05,60.81,68.40,79.53
22.50,22.50,59.94,67.60,77.51
23.95,23.95,53.19,71.04,79.32
26.72,26.72,44.55,71.38,77.66
32.91,32.91,44.41,66.98,76.90
40.67,40.67,48.03,69.03,78.11
44.84,44.84,55.29,69.30,76.16
45.52,45.52,53.37,71.16,75.42
49.13,49.13,48.29,69.78,74.57
47.25,47.25,46.04,68.76,78.92
43.56,43.56,45.81,70.30,76.28
40.77,40.77,45.56,69.99,78.34
41.39,41.39,44.57,66.39,76.91
44.38,44.38,42.13,69.87,76.39
46.24,46.24,43.40,71.59,76.19
46.22,46.22,47.84,71.10,76.55
46.39,46.39,58.31,66.77,76.97
46.94,46.94,61.26,68.78,75.24
47.75,47.75,77.65,70.80,75.94
47.65,47.65,79.10,70.08,77.01
47.16,47.16,71.90,69.49,76.12
47.78,47.78,71.73,68.62,77.95
48.27,48.27,66.39,68.41,76.95
50.10,50.10,63.70,71.37,75.80
51.87,51.87,54.98,72.17,78.48
50.75,50.75,55.36,66.25,75.63
49.29,49.29,51.06,69.26,74.86
47.46,47.46,55.46,72.00,74.39
46.01,46.01,62.33,70.67,75.52
46.19,46.19,74.12,66.47,76.17
47.17,47.17,76.58,70.68,75.93
46.93,46.93,67.18,71.07,77.77
46.52,46.52,63.00,67.63,76.89
46.11,46.11,59.37,65.94,77.84
44.79,44.79,55.34,70.42,78.60
42.49,42.49,52.02,70.83,78.09
42.44,42.44,51.06,67.20,78.97
44.21,44.21,48.91,67.91,77.84
43.48,43.48,48.77,71.71,77.07
36.94,36.94,48.55,71.24,75.69
37.18,37.18,50.57,63.67,75.78
36.58,36.58,49.71,67.45,77.21
30.84,30.84,47.13,70.02,76.60
27.17,27.17,46.57,69.11,78.90
35.25,35.25,46.97,67.11,79.06
42.28,42.28,56.86,68.67,77.60
44.77,44.77,61.65,69.41,76.75
45.42,45.42,74.77,70.42,76.34
45.53,45.53,70.33,69.27,76.27
41.53,41.53,66.19,67.55,76.55
37.01,37.01,59.02,72.55,76.13
37.48,37.48,58.02,66.22,76.74
37.85,37.85,68.33,64.19,78.29
35.95,35.95,77.26,64.18,76.24
35.18,35.18,77.46,63.09,77.01
31.47,31.47,75.27,62.17,76.75
31.26,31.26,73.67,68.37,77.74
34.60,34.60,69.62,69.88,75.73
37.51,37.51,63.04,68.81,76.78
39.01,39.01,58.65,68.11,76.85
38.50,38.50,61.58,70.64,75.87
35.43,35.43,55.80,67.46,77.18
35.07,35.07,49.76,71.38,75.96
35.51,35.51,49.65,67.46,75.77
34.83,34.83,56.91,67.83,76.62
32.34,32.34,64.95,66.95,74.60
26.25,26.25,77.60,69.34,76.71
27.79,27.79,72.58,67.31,77.79
31.56,31.56,69.69,66.48,76.74
31.13,31.13,62.99,66.73,78.65
26.99,26.99,70.72,68.11,77.97
26.34,26.34,58.95,70.52,78.29
25.48,25.48,52.58,71.51,78.17
28.51,28.51,53.72,68.82,77.97
29.06,29.06,53.88,64.70,76.64
32.87,32.87,56.92,67.66,75.86
37.92,37.92,66.67,64.26,75.56
37.36,37.36,79.85,64.40,76.58
31.47,31.47,74.15,68.80,74.19
28.79,28.79,68.93,66.03,75.88
16.42,16.42,61.78,68.89,77.98
14.59,14.59,56.03,69.56,78.41
20.77,20.77,53.06,71.67,77.40
22.75,22.75,49.64,70.57,78.77
20.61,20.61,48.45,69.48,75.70
20.69,20.69,46.93,71.24,76.61
19.89,19.89,45.98,70.02,78.13
20.92,20.92,43.90,69.05,76.30
22.04,22.04,50.89,72.91,76.99
24.37,24.37,49.02,73.61,77.55
23.09,23.09,47.62,72.43,76.78
23.37,23.37,45.61,68.54,74.99
32.59,32.59,46.57,68.95,75.66
32.23,32.23,46.93,72.39,77.65
26.45,26.45,45.14,70.69,74.38
22.98,22.98,44.13,66.75,76.84
22.15,22.15,43.82,68.32,76.29
21.76,21.76,49.69,71.24,77.54
20.91,20.91,62.34,67.24,74.47
16.74,16.74,61.23,64.88,72.47
13.62,13.62,78.12,68.39,72.73
18.82,18.82,79.13,63.98,73.74
20.43,20.43,70.24,68.02,76.38
20.47,20.47,69.66,61.89,75.69
20.21,20.21,67.89,67.58,75.85
18.65,18.65,59.49,72.27,75.38
18.62,18.62,59.08,69.54,77.27
19.87,19.87,51.64,65.63,75.54
21.15,21.15,50.97,66.32,77.67
18.22,18.22,47.46,71.25,77.93
13.94,13.94,45.11,69.12,77.20
14.39,14.39,49.38,64.05,76.38
15.60,15.60,49.46,69.73,76.72
16.56,16.56,48.59,71.92,74.29
19.20,19.20,47.24,69.14,76.67
20.37,20.37,43.83,65.92,76.60
21.82,21.82,42.26,67.25,76.03
23.04,23.04,40.45,70.23,76.66
22.99,22.99,39.64,68.72,77.19
23.95,23.95,38.55,64.93,74.48
23.08,23.08,39.33,68.65,77.10
19.94,19.94,47.05,70.81,74.66
13.75,13.75,57.73,70.95,75.33
12.90,12.90,71.97,66.61,75.45
5.36,5.36,77.11,67.28,72.79
2.40,2.40,69.78,71.56,74.58
3.62,3.62,63.51,67.48,75.36
7.59,7.59,59.26,66.22,73.37
8.92,8.92,56.07,71.76,75.04
12.50,12.50,54.68,70.50,74.39
15.77,15.77,53.70,67.50,76.60
15.80,15.80,52.52,67.42,76.38
16.53,16.53,51.38,69.98,76.84
14.49,14.49,51.30,69.78,76.54
15.35,15.35,53.41,67.42,77.32
16.33,16.33,54.41,65.54,78.17
18.58,18.58,51.11,67.51,76.33
19.78,19.78,49.24,69.19,76.89
18.29,18.29,49.52,69.74,77.51
16.48,16.48,54.68,65.96,77.11
16.29,16.29,61.02,66.04,78.18
16.06,16.06,75.04,68.84,75.87
17.68,17.68,66.07,67.70,76.48
19.93,19.93,58.86,65.83,75.88
21.89,21.89,55.02,68.66,75.77
18.56,18.56,55.37,69.14,73.23
15.68,15.68,57.18,66.32,75.71
13.44,13.44,68.79,66.91,74.34
14.58,14.58,79.50,60.31,73.87
15.44,15.44,74.74,67.82,74.89
16.75,16.75,70.26,70.08,74.07
18.17,18.17,68.78,67.57,73.90
20.31,20.31,60.90,67.42,77.01
20.58,20.58,63.96,69.74,77.50
21.53,21.53,58.40,70.26,77.20
20.16,20.16,52.69,67.10,75.35
18.39,18.39,50.41,68.19,76.24
15.83,15.83,49.04,69.46,78.58
16.72,16.72,56.20,69.14,79.86
14.26,14.26,61.47,69.32,77.02
15.62,15.62,75.86,67.38,75.17
17.68,17.68,76.96,66.81,75.74
18.06,18.06,70.51,66.21,76.95
18.40,18.40,69.57,65.25,77.92
19.59,19.59,66.36,65.34,77.07
21.89,21.89,56.29,70.62,76.36
21.46,21.46,60.12,71.93,73.98
21.16,21.16,58.81,68.12,77.19
21.38,21.38,54.03,65.80,77.43
18.28,18.28,61.03,69.89,77.07
14.11,14.11,68.51,70.47,74.87
14.91,14.91,75.64,67.36,77.52
6.66,6.66,75.40,65.74,74.14
6.83,6.83,69.16,67.83,75.87
9.94,9.94,61.96,66.03,75.58
11.38,11.38,58.15,66.69,75.13
14.00,14.00,53.49,69.18,74.30
17.20,17.20,50.82,70.64,75.53
20.93,20.93,49.03,66.74,73.86
22.47,22.47,46.23,64.49,77.22
20.38,20.38,46.13,69.57,74.87
16.22,16.22,55.37,69.68,76.68
11.01,11.01,61.50,65.49,77.90
12.20,12.20,65.37,65.14,74.85
9.18,9.18,78.61,62.99,74.90
11.42,11.42,77.55,62.99,74.71
14.60,14.60,68.21,68.84,75.06
17.99,17.99,65.55,71.01,73.74
17.20,17.20,62.02,68.55,76.08
16.53,16.53,56.62,70.27,75.88
16.31,16.31,51.83,73.01,76.45
15.41,15.41,48.90,71.83,75.54
14.77,14.77,49.65,68.82,76.43
15.14,15.14,50.33,66.41,78.30
15.82,15.82,52.92,70.76,76.35
15.49,15.49,51.98,72.01,76.26
14.93,14.93,48.70,68.41,75.82
15.06,15.06,47.17,67.01,74.46
16.63,16.63,46.00,71.28,75.48
18.38,18.38,46.41,72.08,76.27
18.96,18.96,47.46,70.18,75.96
20.65,20.65,46.70,66.42,75.43
19.52,19.52,45.54,70.86,75.34
17.81,17.81,46.36,72.45,75.05
18.18,18.18,53.68,70.07,75.75
19.20,19.20,57.27,66.07,75.05
18.11,18.11,68.46,68.97,75.72
16.46,16.46,78.64,66.39,75.48
18.29,18.29,74.32,59.92,76.43
19.14,19.14,71.25,70.16,76.84
19.97,19.97,66.59,71.17,78.12
19.89,19.89,57.02,70.08,75.62
21.52,21.52,60.94,67.13,76.95
22.58,22.58,58.13,71.63,74.99
21.08,21.08,49.07,72.15,74.76
20.19,20.19,51.39,66.66,76.82
16.92,16.92,56.02,68.80,77.28
15.32,15.32,68.05,71.65,74.31
11.52,11.52,74.73,70.29,74.45
9.18,9.18,74.89,67.83,75.71
8.87,8.87,67.82,67.77,74.79
11.48,11.48,58.94,71.88,73.57
12.17,12.17,56.69,72.36,76.48
13.28,13.28,51.29,67.21,75.21
17.77,17.77,49.26,66.81,75.27
19.15,19.15,48.97,70.69,76.75
18.10,18.10,47.61,71.70,73.65
14.56,14.56,47.10,71.71,75.66
11.18,11.18,48.46,71.87,74.23
18.63,18.63,54.76,70.88,74.02
18.85,18.85,50.27,67.22,75.05
21.22,21.22,48.53,71.63,75.38
23.17,23.17,50.45,71.13,73.91
22.31,22.31,59.34,66.58,73.11
18.00,18.00,63.20,70.60,74.18
15.40,15.40,70.73,73.45,76.37
15.55,15.55,75.02,69.32,73.96
19.72,19.72,63.85,68.03,74.08
27.13,27.13,60.36,70.78,74.17
35.79,35.79,61.70,71.49,73.41
37.83,37.83,70.78,70.16,75.54
41.97,41.97,79.77,62.80,75.03
52.28,52.28,76.57,59.09,76.10
57.46,57.46,69.52,59.10,75.05
57.86,57.86,66.94,60.77,75.44
66.51,66.51,63.93,59.79,73.66
68.48,68.48,59.46,62.95,75.01
69.14,69.14,57.17,59.57,76.75
69.94,69.94,57.42,63.16,73.82
71.83,71.83,54.98,57.80,73.45
70.95,70.95,54.36,62.08,74.43
68.32,68.32,52.51,58.40,74.56
68.26,68.26,56.58,60.86,76.19
67.71,67.71,63.99,60.27,74.95
68.76,68.76,69.41,57.73,74.40
65.74,65.74,76.56,54.43,74.18
67.22,67.22,76.44,61.60,74.44
69.89,69.89,69.61,68.73,72.95
70.83,70.83,68.77,71.00,74.56
71.10,71.10,65.77,69.73,73.51
71.09,71.09,61.45,67.41,73.37
70.38,70.38,58.51,70.40,74.28
70.33,70.33,54.56,70.08,75.71
69.16,69.16,53.53,69.83,75.33
66.87,66.87,61.40,62.06,75.17
65.90,65.90,69.54,68.31,75.06
67.52,67.52,76.13,67.15,74.79
65.63,65.63,68.89,61.08,75.81
67.70,67.70,62.54,66.46,76.04
69.33,69.33,58.89,66.31,78.21
67.14,67.14,56.30,68.19,76.96
65.81,65.81,54.42,68.11,78.44
66.26,66.26,52.68,67.96,79.50
71.22,71.22,51.99,66.25,78.33
71.99,71.99,50.54,66.98,79.47
70.59,70.59,54.76,68.74,75.45
71.39,71.39,58.55,66.93,76.14
70.85,70.85,68.17,66.96,74.16
70.76,70.76,77.59,63.04,75.78
71.91,71.91,69.16,66.95,75.65
72.92,72.92,61.92,60.80,75.99
71.86,71.86,58.90,62.36,76.24
72.38,72.38,53.69,63.16,73.53
72.62,72.62,50.70,66.64,75.68
71.13,71.13,50.08,65.91,74.14
69.23,69.23,48.36,64.86,75.28
67.42,67.42,47.84,65.07,74.66
66.91,66.91,53.23,66.13,76.54
66.61,66.61,62.77,66.95,78.03
62.69,62.69,72.09,65.71,76.22
64.52,64.52,77.97,63.27,76.70
68.20,68.20,70.73,63.81,76.18
66.83,66.83,69.20,66.13,74.25
63.80,63.80,71.40,67.28,73.13
59.41,59.41,68.39,66.53,77.44
55.00,55.00,66.26,65.67,76.25
62.24,62.24,67.12,65.70,74.31
61.25,61.25,66.62,66.22,75.37
54.20,54.20,67.74,66.01,76.83
51.00,51.00,66.94,65.50,75.68
53.89,53.89,66.07,64.38,76.17
51.46,51.46,65.02,62.12,76.44
51.88,51.88,65.18,59.37,76.02
59.27,59.27,65.72,62.12,76.43
61.53,61.53,62.65,63.37,77.33
60.42,60.42,61.13,62.56,74.33
58.66,58.66,61.19,60.67,74.69
59.17,59.17,61.89,63.26,77.21
60.36,60.36,60.66,63.56,76.42
62.87,62.87,63.48,63.33,76.59
60.26,60.26,64.34,61.05,75.97
55.10,55.10,67.18,62.53,76.01
50.51,50.51,76.17,67.01,75.05
45.43,45.43,75.17,65.54,74.75
54.48,54.48,66.33,65.72,78.69
56.83,56.83,62.08,64.36,77.91
51.54,51.54,60.02,65.86,76.06
54.32,54.32,59.13,64.49,75.40
51.68,51.68,56.62,62.97,75.39
50.60,50.60,56.71,63.87,73.83
46.70,46.70,55.68,64.70,73.74
48.57,48.57,56.33,62.85,74.24
50.90,50.90,58.22,63.36,75.07
49.44,49.44,59.41,64.47,77.47
48.46,48.46,58.95,62.51,74.70
53.46,53.46,56.74,61.46,77.14
52.00,52.00,57.09,64.42,76.06
54.29,54.29,56.77,63.07,75.02
55.49,55.49,61.30,59.44,76.36
47.95,47.95,73.67,60.64,78.66
46.04,46.04,69.74,62.60,75.97
45.17,45.17,64.43,61.93,75.87
44.29,44.29,60.21,61.54,74.44
43.12,43.12,60.18,57.52,74.85
44.69,44.69,63.41,55.74,77.65
39.08,39.08,74.44,54.96,75.47
40.25,40.25,78.72,58.07,73.32
44.73,44.73,76.80,56.96,77.45
43.58,43.58,74.03,58.16,76.07
47.85,47.85,69.15,58.93,76.74
43.45,43.45,61.38,63.44,75.47
45.78,45.78,59.56,63.65,75.30
47.56,47.56,58.08,64.04,78.78
42.07,42.07,58.69,62.85,76.17
43.44,43.44,55.95,60.37,76.85
46.45,46.45,53.27,62.22,78.32
45.71,45.71,59.11,62.67,80.77
44.51,44.51,65.79,62.72,78.48
40.36,40.36,79.77,61.86,77.75
39.14,39.14,77.01,60.16,76.30
41.44,41.44,73.33,63.30,77.09
45.43,45.43,74.98,64.63,76.49
39.67,39.67,69.76,62.24,75.40
40.45,40.45,65.32,56.58,76.17
40.69,40.69,58.81,60.96,77.07
40.10,40.10,55.70,63.78,77.01
39.30,39.30,54.71,63.33,78.38
42.42,42.42,54.85,61.23,76.95
44.79,44.79,61.21,61.97,77.05
39.26,39.26,72.19,66.15,74.01
39.69,39.69,76.86,63.83,75.77
43.69,43.69,69.72,59.89,74.45
37.76,37.76,66.15,60.29,77.64
43.77,43.77,58.30,60.07,77.43
45.00,45.00,53.40,60.28,75.99
41.27,41.27,51.68,58.42,77.93
43.38,43.38,49.30,57.88,78.85
40.50,40.50,48.35,60.02,79.01
38.31,38.31,47.54,60.42,77.69
35.70,35.70,48.10,62.10,77.78
39.99,39.99,54.83,61.67,79.48
33.49,33.49,63.61,56.59,77.69
30.83,30.83,74.99,60.22,77.91
27.70,27.70,78.45,60.50,78.28
29.14,29.14,75.06,60.76,79.45
29.87,29.87,70.54,64.09,77.52
30.97,30.97,68.27,61.42,80.55
31.52,31.52,63.25,60.80,75.77
27.49,27.49,60.75,63.07,76.55
22.74,22.74,59.17,64.57,78.50
24.35,24.35,55.59,64.33,78.31
26.82,26.82,54.40,63.49,77.29
25.16,25.16,54.14,63.67,75.19
23.29,23.29,54.61,62.45,77.81
23.14,23.14,54.67,65.23,75.95
23.86,23.86,53.61,63.74,76.42
27.23,27.23,51.93,63.53,77.69
26.73,26.73,51.69,63.49,75.98
26.17,26.17,51.84,63.85,74.44
26.75,26.75,51.29,60.24,75.54
27.33,27.33,49.69,62.00,76.72
25.48,25.48,49.81,61.84,76.13
26.36,26.36,49.77,62.37,77.10
21.41,21.41,55.19,62.06,75.66
19.84,19.84,62.26,61.94,76.20
19.41,19.41,75.53,61.74,73.75
19.78,19.78,79.02,57.00,75.74
20.60,20.60,74.29,61.74,77.79
23.47,23.47,71.57,62.82,77.36
24.84,24.84,63.52,62.48,77.89
25.48,25.48,63.91,63.11,79.53
26.14,26.14,57.15,63.91,77.82
25.67,25.67,56.50,64.85,73.17
23.95,23.95,47.71,63.21,77.44
21.26,21.26,50.88,63.57,76.17
19.38,19.38,58.20,62.37,74.20
25.53,25.53,73.24,58.90,73.66
25.02,25.02,74.22,61.19,73.42
21.18,21.18,70.78,63.65,75.34
23.60,23.60,61.04,61.55,76.50
23.07,23.07,58.69,61.85,77.33
24.97,24.97,55.21,62.57,79.49
26.20,26.20,51.17,62.71,76.64
24.98,24.98,48.96,62.87,75.52
24.59,24.59,47.93,64.72,79.13
26.37,26.37,47.52,63.93,75.81
25.67,25.67,47.17,63.52,74.48
21.94,21.94,47.92,65.22,74.69
19.26,19.26,51.59,65.29,78.22
19.72,19.72,48.47,65.28,77.72
22.73,22.73,48.39,63.32,77.61
25.30,25.30,49.47,60.53,76.90
26.01,26.01,53.68,64.24,76.26
26.52,26.52,68.18,60.75,75.74
24.86,24.86,73.41,59.81,74.53
18.78,18.78,65.80,63.66,75.24
18.03,18.03,61.21,60.88,73.47
14.54,14.54,59.65,61.87,73.50
11.29,11.29,64.61,59.31,72.57
9.72,9.72,79.58,55.73,75.25
10.56,10.56,81.26,56.67,74.43
12.42,12.42,72.71,58.80,75.42
15.86,15.86,68.02,64.81,75.17
23.53,23.53,63.85,65.56,74.37
26.99,26.99,63.37,64.39,75.24
24.26,24.26,58.15,62.64,76.69
23.48,23.48,59.26,62.35,74.29
23.38,23.38,56.16,61.41,76.41
21.28,21.28,53.14,60.14,78.64
21.10,21.10,47.50,59.92,77.45
18.68,18.68,53.13,59.24,78.69
15.64,15.64,65.78,61.35,77.90
15.37,15.37,72.47,60.80,78.00
18.77,18.77,81.27,59.16,73.26
20.03,20.03,71.55,60.13,73.24
23.90,23.90,67.13,59.10,78.38
31.44,31.44,74.40,60.83,75.36
29.40,29.40,64.06,60.56,75.03
27.42,27.42,57.84,58.66,77.60
25.18,25.18,55.07,56.10,77.63
25.98,25.98,52.31,64.62,76.46
23.44,23.44,49.83,60.18,77.21
17.84,17.84,59.32,54.58,78.62
22.13,22.13,72.41,62.01,75.78
22.46,22.46,75.57,62.41,75.24
20.91,20.91,68.33,61.18,76.67
17.70,17.70,62.98,61.78,72.89
16.93,16.93,57.83,67.36,72.12
17.51,17.51,54.88,65.32,75.42
23.24,23.24,51.28,63.91,74.22
25.99,25.99,47.39,65.50,73.83
26.84,26.84,45.64,64.60,74.32
26.36,26.36,45.50,63.88,76.43
25.12,25.12,45.86,67.12,75.32
23.84,23.84,46.68,66.44,73.74
21.60,21.60,50.62,65.37,77.06
20.89,20.89,48.26,63.03,73.18
23.48,23.48,46.15,63.26,72.99
21.59,21.59,42.91,66.63,72.53
21.56,21.56,41.27,62.51,75.10
22.05,22.05,40.65,62.43,74.59
21.96,21.96,40.31,61.83,75.79
25.25,25.25,39.63,62.34,76.63
24.67,24.67,37.18,65.04,76.23
23.29,23.29,38.29,61.55,77.29
22.03,22.03,51.27,58.70,77.37
21.49,21.49,63.39,56.32,78.14
21.30,21.30,78.20,58.21,74.68
24.20,24.20,78.89,55.76,74.53
22.50,22.50,71.35,61.54,77.11
21.74,21.74,71.41,62.79,76.21
19.83,19.83,71.55,63.84,76.84
23.24,23.24,65.35,64.63,72.97
23.94,23.94,63.06,65.51,74.75
27.97,27.97,59.34,66.36,78.14
26.70,26.70,56.30,66.43,74.33
28.03,28.03,49.65,66.12,74.68
29.11,29.11,46.58,65.99,77.77
27.46,27.46,46.61,65.31,74.05
27.94,27.94,45.61,65.61,75.20
31.02,31.02,45.03,66.14,74.55
31.11,31.11,43.90,67.82,76.20
29.35,29.35,42.82,68.57,74.51
26.86,26.86,43.04,68.15,74.52
27.98,27.98,50.52,68.45,75.27
29.72,29.72,60.80,69.43,75.53
31.31,31.31,60.74,68.71,75.70
24.45,24.45,58.35,69.02,78.84
23.85,23.85,58.15,68.46,78.12
20.68,20.68,64.69,67.09,78.72
20.53,20.53,74.12,67.57,78.05
23.56,23.56,67.98,67.68,76.87
26.23,26.23,62.33,61.94,76.68
19.74,19.74,55.52,65.37,77.37
23.51,23.51,51.92,63.96,75.69
22.73,22.73,49.13,66.10,75.60
25.40,25.40,47.14,64.71,76.02
25.06,25.06,46.65,64.17,76.49
24.12,24.12,44.29,65.77,76.91
24.40,24.40,43.74,66.72,78.00
24.59,24.59,44.87,64.87,76.40
25.74,25.74,48.09,60.61,76.14
26.03,26.03,45.98,61.80,75.23
27.22,27.22,43.69,61.22,76.04
25.62,25.62,43.40,65.28,73.85
23.01,23.01,49.74,59.69,73.48
20.99,20.99,57.84,65.91,75.92
25.00,25.00,71.50,65.19,75.71
29.26,29.26,65.78,63.65,76.43
28.79,28.79,59.80,63.31,75.23
27.43,27.43,55.16,63.80,76.27
22.23,22.23,53.71,61.03,77.78
24.80,24.80,63.52,58.96,76.75
22.34,22.34,76.47,59.33,76.06
18.19,18.19,79.01,65.80,75.35
19.65,19.65,76.33,67.04,75.71
21.13,21.13,76.70,68.24,75.05
19.72,19.72,69.04,67.99,72.78
18.58,18.58,65.14,66.96,75.13
20.49,20.49,60.44,66.47,74.91
23.65,23.65,58.16,66.20,76.84
21.60,21.60,55.44,65.63,75.13
23.40,23.40,52.43,66.31,73.82
21.47,21.47,52.73,67.02,75.94
18.60,18.60,60.07,64.73,77.86
16.52,16.52,72.87,61.20,77.53
16.81,16.81,81.66,61.82,74.48
20.35,20.35,74.60,58.59,77.26
21.20,21.20,70.02,58.54,76.86
22.55,22.55,68.00,62.77,77.44
23.16,23.16,62.75,61.54,78.44
20.13,20.13,54.35,60.51,77.49
20.32,20.32,46.98,58.70,75.78
19.41,19.41,48.45,59.83,77.90
17.97,17.97,53.92,59.53,76.55
18.45,18.45,61.53,57.60,76.99
24.28,24.28,73.74,60.71,78.18
28.29,28.29,76.78,66.52,74.21
21.77,21.77,73.57,67.55,74.04
19.97,19.97,64.03,63.76,74.53
17.65,17.65,60.49,64.38,73.05
19.48,19.48,55.17,64.38,72.52
21.75,21.75,52.59,64.13,76.72
23.46,23.46,48.01,65.35,76.87
24.42,24.42,45.83,62.39,75.72
23.75,23.75,42.75,62.83,76.24
24.58,24.58,42.33,60.29,76.30
23.28,23.28,48.53,61.71,74.02
24.97,24.97,54.11,59.44,77.08
28.86,28.86,78.38,57.29,71.10
23.80,23.80,78.56,57.76,74.66
23.82,23.82,78.47,60.51,76.28
23.31,23.31,73.02,62.97,76.55
20.87,20.87,71.44,65.26,76.43
20.00,20.00,66.82,64.06,77.58
20.05,20.05,64.30,64.77,76.84
19.00,19.00,63.71,65.39,78.23
22.54,22.54,58.97,61.76,79.24
26.75,26.75,52.77,64.98,77.98
24.26,24.26,49.02,64.20,78.47
20.71,20.71,49.31,63.01,78.92
22.70,22.70,51.81,69.25,76.41
24.43,24.43,51.31,63.15,78.33
25.34,25.34,51.87,65.33,76.25
26.54,26.54,49.72,65.10,75.96
23.14,23.14,45.49,67.29,75.18
20.63,20.63,45.96,65.92,76.90
22.87,22.87,44.22,66.48,77.73
27.38,27.38,43.02,65.67,76.47
28.25,28.25,45.51,66.27,78.52
32.79,32.79,53.75,62.43,77.00
31.52,31.52,64.28,59.33,76.50
24.89,24.89,76.07,57.77,75.52
22.89,22.89,79.01,61.39,75.51
21.90,21.90,74.78,56.24,78.39
23.03,23.03,73.26,60.44,75.38
28.32,28.32,65.97,60.42,77.28
29.35,29.35,62.39,61.74,78.00
26.14,26.14,55.60,65.10,75.81
30.81,30.81,54.24,65.46,76.04
29.99,29.99,48.08,65.35,77.91
28.26,28.26,47.18,64.46,76.61
25.67,25.67,52.80,63.95,74.81
22.11,22.11,63.55,62.97,77.65
24.92,24.92,69.04,57.30,76.36
27.05,27.05,77.08,67.32,77.22
28.23,28.23,73.69,59.57,77.18
26.76,26.76,62.29,65.75,77.83
27.47,27.47,58.36,63.65,76.59
29.14,29.14,54.67,64.98,78.22
34.56,34.56,50.85,61.73,78.96
33.41,33.41,48.87,64.73,79.09
36.27,36.27,45.39,65.63,80.02
44.95,44.95,44.75,66.05,79.58
51.72,51.72,46.70,65.40,81.13
53.87,53.87,50.60,63.93,78.31
58.49,58.49,51.20,59.13,78.76
64.37,64.37,47.79,59.31,80.10
66.03,66.03,46.06,61.42,78.02
68.39,68.39,46.59,64.85,76.81
69.19,69.19,55.53,62.95,76.50
69.89,69.89,67.50,61.49,73.76
68.95,68.95,75.53,61.37,74.70
68.68,68.68,64.80,64.54,75.48
71.41,71.41,63.80,64.38,73.07
69.83,69.83,56.39,61.72,73.50
66.99,66.99,53.55,53.96,74.95
68.14,68.14,57.01,60.03,75.68
68.16,68.16,72.43,56.03,73.37
68.29,68.29,79.61,52.14,74.97
68.67,68.67,76.69,52.22,73.60
72.69,72.69,73.33,61.63,75.51
75.83,75.83,66.25,64.81,74.70
74.31,74.31,63.41,62.58,74.39
72.82,72.82,57.88,61.31,75.88
73.75,73.75,56.26,62.47,74.66
70.99,70.99,58.92,64.40,75.36
62.54,62.54,56.96,63.14,73.85
64.43,64.43,55.07,62.18,76.39
64.88,64.88,53.08,59.99,75.48
64.59,64.59,61.60,50.19,74.51
72.07,72.07,77.52,56.08,75.86
72.41,72.41,78.60,57.15,73.72
76.03,76.03,70.14,63.03,74.22
75.22,75.22,74.55,66.64,75.75
69.52,69.52,68.95,66.98,76.21
67.31,67.31,63.92,64.97,74.74
61.70,61.70,63.59,62.18,75.66
67.64,67.64,60.50,60.22,75.75
61.50,61.50,56.32,58.68,72.49
63.30,63.30,58.18,58.27,73.60
65.82,65.82,68.73,59.28,75.24
70.35,70.35,77.82,61.73,75.98
72.17,72.17,70.96,63.05,73.27
74.33,74.33,62.87,63.47,71.90
73.16,73.16,58.62,63.56,75.14
71.63,71.63,53.10,62.47,75.44
74.13,74.13,48.82,63.87,74.96
75.78,75.78,48.96,65.35,78.33
74.13,74.13,47.95,63.68,76.12
75.37,75.37,45.89,62.20,76.51
74.63,74.63,44.99,63.91,75.49
74.57,74.57,45.43,61.76,75.66
74.17,74.17,49.13,61.34,74.29
76.22,76.22,48.37,66.85,75.67
75.50,75.50,47.82,66.93,75.63
75.44,75.44,46.68,65.78,74.66
75.12,75.12,45.45,66.58,73.45
75.95,75.95,43.65,67.11,73.47
75.70,75.70,43.46,67.30,75.55
74.70,74.70,42.01,67.07,77.26
74.10,74.10,42.69,69.14,76.25
75.58,75.58,42.15,68.24,75.94
75.77,75.77,48.60,64.55,72.45
76.11,76.11,60.74,60.42,70.54
76.23,76.23,70.01,57.47,72.24
74.43,74.43,81.26,57.57,70.56
74.85,74.85,69.49,60.59,72.96
75.69,75.69,70.95,59.35,73.31
74.80,74.80,65.87,60.46,72.93
74.51,74.51,63.54,60.75,74.77
74.05,74.05,59.16,62.97,78.19
74.11,74.11,55.30,65.11,76.80
74.53,74.53,52.47,65.58,74.60
75.76,75.76,50.73,66.74,80.12
74.00,74.00,51.13,67.47,79.23
74.28,74.28,50.88,66.26,76.25
74.62,74.62,46.53,66.77,77.40
73.04,73.04,46.51,66.70,78.77
74.01,74.01,47.01,67.53,76.62
74.57,74.57,48.77,65.44,77.49
74.88,74.88,46.72,64.96,77.39
75.32,75.32,43.69,65.39,75.49
73.34,73.34,42.28,64.55,76.94
74.22,74.22,44.52,65.24,75.91
74.48,74.48,48.38,64.92,75.61
75.20,75.20,58.36,65.10,76.12
73.76,73.76,57.64,62.77,77.40
71.97,71.97,73.16,64.51,77.75
72.84,72.84,75.01,65.31,74.29
70.19,70.19,65.85,65.23,73.69
73.53,73.53,60.93,60.93,75.05
75.21,75.21,56.52,63.11,73.61
73.47,73.47,51.94,63.66,73.41
71.37,71.37,48.80,63.97,76.22
74.81,74.81,49.07,64.18,77.79
74.72,74.72,47.58,64.70,76.88
73.08,73.08,47.75,64.70,76.27
72.91,72.91,48.24,66.28,78.06
72.65,72.65,50.03,67.49,76.07
73.85,73.85,48.26,65.65,76.37
75.09,75.09,46.46,62.43,77.99
76.24,76.24,46.52,64.68,77.12
75.68,75.68,51.73,64.83,74.72
74.08,74.08,62.68,64.55,78.12
72.74,72.74,75.36,64.47,77.22
72.69,72.69,66.62,65.00,74.64
71.30,71.30,60.03,66.15,77.37
71.39,71.39,53.86,64.94,77.65
72.89,72.89,53.49,65.01,75.26
72.63,72.63,62.31,61.50,77.92
72.94,72.94,66.68,56.77,75.32
70.08,70.08,74.45,60.33,75.49
71.40,71.40,79.72,64.66,76.86
71.12,71.12,72.30,64.89,76.63
71.87,71.87,64.66,64.90,77.71
70.99,70.99,58.56,63.93,76.95
72.20,72.20,54.38,64.84,76.70
71.71,71.71,52.04,63.89,76.58
73.15,73.15,54.74,62.72,76.79
73.40,73.40,50.81,62.43,76.06
73.90,73.90,48.76,61.84,77.46
73.24,73.24,54.32,59.18,77.85
71.47,71.47,65.51,56.99,76.25
70.02,70.02,70.25,50.42,76.89
67.82,67.82,80.81,60.69,76.34
69.54,69.54,75.29,64.75,75.99
70.29,70.29,71.15,63.61,77.00
72.06,72.06,67.21,61.84,76.97
74.51,74.51,67.60,63.59,77.55
73.70,73.70,68.91,65.33,78.12
72.88,72.88,68.14,63.44,75.92
73.21,73.21,58.63,63.16,76.09
71.87,71.87,53.02,62.93,75.62
65.98,65.98,60.28,65.08,76.46
65.28,65.28,75.12,65.29,76.46
68.84,68.84,74.59,64.51,76.87
70.29,70.29,63.99,63.34,77.13
70.17,70.17,57.27,64.83,76.59
69.97,69.97,53.99,64.98,75.62
71.76,71.76,50.41,64.01,75.71
72.20,72.20,46.02,64.91,76.95
71.60,71.60,43.80,62.23,77.40
70.72,70.72,41.14,62.36,79.09
70.81,70.81,41.76,61.29,74.61
71.33,71.33,48.12,61.55,75.15
72.47,72.47,60.82,60.42,73.48
69.68,69.68,69.20,53.47,75.46
66.42,66.42,77.04,55.52,76.89
67.99,67.99,79.79,58.14,76.72
68.84,68.84,73.84,59.51,77.13
68.28,68.28,70.40,58.76,76.19
68.63,68.63,66.12,62.45,77.41
67.63,67.63,63.47,65.77,76.38
71.08,71.08,60.73,64.15,77.43
69.38,69.38,56.43,63.25,77.99
70.19,70.19,46.56,62.25,76.59
71.94,71.94,45.37,61.48,76.31
66.00,66.00,52.56,58.61,75.71
64.02,64.02,51.33,67.43,75.60
66.61,66.61,48.10,63.04,76.44
61.69,61.69,45.75,62.66,76.12
61.88,61.88,43.72,65.08,75.53
65.32,65.32,42.00,64.43,77.53
62.89,62.89,41.17,64.92,77.42
62.82,62.82,40.17,66.15,78.01
63.79,63.79,38.96,65.99,78.57
63.60,63.60,39.87,61.74,78.75
63.24,63.24,49.30,65.65,77.06
62.40,62.40,58.74,61.29,76.23
58.67,58.67,69.41,57.37,76.05
56.42,56.42,79.22,56.80,73.63
59.99,59.99,75.38,58.51,74.73
62.37,62.37,65.22,60.66,78.73
63.32,63.32,68.57,58.47,76.39
63.19,63.19,64.63,59.19,76.34
60.68,60.68,51.04,61.14,76.03
61.49,61.49,55.95,64.52,75.67
62.80,62.80,52.01,66.61,76.25
61.92,61.92,45.76,67.25,75.76
62.32,62.32,50.59,66.30,76.17
57.19,57.19,56.61,63.91,73.95
56.43,56.43,66.01,56.04,77.06
63.03,63.03,77.42,66.58,76.41
61.45,61.45,70.08,64.74,76.61
57.59,57.59,63.79,61.04,74.90
57.04,57.04,60.01,62.40,77.34
55.77,55.77,55.91,63.88,77.46
57.51,57.51,55.07,63.49,78.19
53.66,53.66,53.46,61.27,76.82
51.33,51.33,52.66,63.36,77.09
55.04,55.04,50.44,60.44,76.04
52.88,52.88,49.67,62.38,75.71
53.13,53.13,51.98,62.75,76.28
52.25,52.25,51.28,61.15,75.77
53.29,53.29,50.51,66.19,75.43
55.00,55.00,48.35,65.66,76.10
56.07,56.07,49.23,59.07,77.83
52.91,52.91,51.79,63.99,77.19
53.74,53.74,57.43,64.35,77.29
54.61,54.61,73.58,64.29,76.76
54.17,54.17,70.37,64.85,76.68
51.05,51.05,62.61,63.58,75.28
53.40,53.40,56.55,61.76,75.36
55.32,55.32,56.26,59.35,76.00
59.48,59.48,64.94,58.69,76.72
65.31,65.31,79.85,58.74,75.29
71.93,71.93,78.60,60.14,75.53
72.50,72.50,75.12,62.60,73.57
72.55,72.55,69.08,65.16,75.88
72.62,72.62,65.67,64.24,72.30
74.90,74.90,60.04,63.52,74.04
71.70,71.70,57.97,64.46,74.49
70.76,70.76,56.47,61.93,75.25
74.80,74.80,50.55,61.71,75.54
76.21,76.21,48.35,62.67,72.43
76.15,76.15,46.89,63.50,75.58
74.39,74.39,55.24,61.27,72.76
73.72,73.72,64.75,57.59,72.97
70.77,70.77,77.43,59.43,77.31
67.09,67.09,79.94,58.48,71.79
70.39,70.39,65.37,60.35,75.72
66.71,66.71,71.08,58.62,73.76
62.52,62.52,69.14,55.47,76.61
64.86,64.86,66.76,60.84,75.30
64.40,64.40,60.44,64.22,76.48
65.31,65.31,54.59,63.65,72.94
66.84,66.84,55.90,63.19,74.82
65.03,65.03,54.53,64.56,72.64
67.52,67.52,58.14,66.64,72.61
71.61,71.61,77.04,54.47,72.27
70.05,70.05,73.92,67.04,72.15
73.27,73.27,66.92,67.18,72.45
74.82,74.82,60.37,66.14,73.89
74.29,74.29,55.66,64.63,73.70
66.91,66.91,51.46,62.03,74.25
68.43,68.43,49.24,63.38,73.43
67.82,67.82,47.49,63.73,77.30
67.14,67.14,44.04,64.20,79.57
68.37,68.37,45.96,63.57,76.75
65.80,65.80,52.86,61.70,73.57
64.44,64.44,60.25,59.41,72.85
66.81,66.81,74.30,57.80,72.80
75.92,75.92,70.06,56.02,77.04
74.88,74.88,57.30,61.40,74.10
74.49,74.49,53.11,61.91,73.39
75.23,75.23,45.27,60.00,71.91
75.38,75.38,43.42,60.64,74.82
74.75,74.75,43.42,62.68,72.84
74.84,74.84,42.23,63.82,72.76
75.11,75.11,41.06,65.45,77.12
75.72,75.72,45.53,60.14,74.45
75.70,75.70,49.21,58.53,75.67
75.44,75.44,62.05,57.00,72.57
72.57,72.57,75.17,62.38,76.23
73.13,73.13,77.65,65.20,73.20
75.85,75.85,73.47,65.95,75.95
74.57,74.57,69.03,66.20,75.39
74.82,74.82,66.07,67.50,73.58
75.08,75.08,60.44,68.51,77.62
74.87,74.87,52.52,69.40,75.96
73.56,73.56,60.03,69.69,74.37
73.31,73.31,52.11,68.87,74.63
74.25,74.25,51.13,68.09,75.22
73.02,73.02,53.15,67.60,73.72
74.89,74.89,48.92,67.54,74.77
73.93,73.93,46.66,66.47,76.81
73.86,73.86,44.31,66.87,76.63
75.31,75.31,44.19,68.78,74.33
74.47,74.47,44.32,66.22,76.48
73.11,73.11,43.77,66.51,75.58
74.73,74.73,40.53,65.73,76.65
73.03,73.03,37.32,65.78,74.71
72.29,72.29,38.78,64.79,75.28
73.52,73.52,45.25,64.58,77.60
72.23,72.23,53.97,64.76,74.82
69.87,69.87,67.19,64.16,76.17
68.46,68.46,72.93,70.28,75.00
68.67,68.67,71.91,62.99,74.87
68.90,68.90,64.04,63.19,76.32
71.22,71.22,59.65,65.76,74.89
70.01,70.01,54.90,64.99,75.34
70.23,70.23,53.04,65.20,74.60
71.21,71.21,52.24,65.68,74.83
70.69,70.69,51.88,66.54,76.73
70.21,70.21,50.12,64.75,77.04
70.13,70.13,51.35,63.89,77.69
69.46,69.46,53.11,61.17,80.52
69.85,69.85,50.74,61.13,80.06
70.46,70.46,49.24,61.53,77.23
71.89,71.89,48.29,63.30,77.06
70.63,70.63,52.14,63.24,75.39
68.98,68.98,54.56,64.08,76.31
70.96,70.96,66.79,66.36,77.88
71.93,71.93,72.43,63.50,75.48
69.24,69.24,63.48,61.63,75.41
68.97,68.97,60.41,62.09,78.10
68.89,68.89,58.13,62.18,78.48
69.57,69.57,67.83,58.92,77.03
71.10,71.10,76.83,55.64,75.11
70.87,70.87,77.43,58.81,73.77
71.03,71.03,77.32,60.92,76.30
70.77,70.77,71.38,64.53,74.89
69.48,69.48,65.24,64.53,74.56
71.92,71.92,60.29,63.84,73.56
72.52,72.52,59.80,63.90,73.60
70.49,70.49,59.55,62.72,74.77
69.67,69.67,57.80,62.67,75.15
71.73,71.73,53.86,64.87,74.84
73.03,73.03,52.96,62.39,73.92
72.23,72.23,55.80,61.50,73.47
71.72,71.72,59.49,62.87,71.72
71.94,71.94,74.63,64.47,72.42
71.91,71.91,79.06,63.34,73.83
70.00,70.00,73.77,62.21,73.39
68.85,68.85,67.67,63.73,72.09
69.73,69.73,69.07,65.82,71.99
69.90,69.90,65.84,65.76,74.12
70.81,70.81,57.86,63.57,72.10
70.42,70.42,53.68,64.38,73.26
68.22,68.22,50.05,64.00,72.40
66.22,66.22,51.74,62.85,73.30
64.55,64.55,57.94,61.84,75.62
69.31,69.31,74.63,64.32,75.95
69.92,69.92,72.21,64.29,73.67
68.11,68.11,66.69,65.57,76.99
70.35,70.35,61.18,64.16,76.12
72.88,72.88,56.21,64.40,74.77
73.29,73.29,52.83,64.19,74.76
72.54,72.54,51.79,64.75,76.12
72.05,72.05,50.18,64.16,74.18
72.16,72.16,48.85,62.83,75.89
72.01,72.01,47.47,63.40,75.94
71.22,71.22,50.12,58.92,75.17
71.75,71.75,59.12,57.73,73.59
71.68,71.68,64.16,52.90,72.40
70.72,70.72,78.66,53.80,73.13
72.47,72.47,80.00,58.16,75.77
71.55,71.55,74.25,63.45,74.86
70.97,70.97,66.93,63.80,75.69
70.74,70.74,66.06,63.90,74.79
70.24,70.24,64.60,63.67,75.10
71.66,71.66,61.59,63.06,75.85
69.10,69.10,55.91,63.75,77.40
69.73,69.73,53.35,63.51,74.74
68.56,68.56,52.46,63.94,74.64
69.81,69.81,53.96,63.36,73.51
69.49,69.49,53.94,63.20,77.33
70.70,70.70,52.67,62.42,74.02
70.16,70.16,50.47,62.90,74.88
72.87,72.87,50.53,63.50,75.38
72.23,72.23,48.59,59.87,76.74
71.18,71.18,49.35,60.23,76.70
69.02,69.02,47.34,63.48,71.53
69.83,69.83,47.60,61.05,71.32
70.69,70.69,46.41,62.13,71.61
69.45,69.45,48.68,64.30,71.30
69.59,69.59,52.50,64.74,69.77
69.63,69.63,63.41,63.53,70.67
67.08,67.08,77.66,62.19,69.11
68.49,68.49,77.69,59.01,73.61
68.01,68.01,75.03,62.12,74.88
67.36,67.36,70.72,60.54,72.65
69.22,69.22,69.80,58.97,75.12
70.17,70.17,60.92,62.10,73.23
70.87,70.87,53.97,60.34,74.15
73.97,73.97,52.73,61.80,74.86
73.06,73.06,49.40,60.99,75.54
71.82,71.82,49.01,58.48,75.81
70.76,70.76,55.00,58.45,74.79
65.97,65.97,65.81,54.40,74.20
67.59,67.59,76.06,57.56,73.92
67.75,67.75,74.59,63.62,74.47
69.54,69.54,65.65,61.87,73.27
72.91,72.91,61.31,66.03,72.96
72.17,72.17,56.46,66.18,74.89
72.88,72.88,55.15,64.12,76.03
72.41,72.41,52.45,64.77,75.27
73.84,73.84,50.72,64.08,75.98
70.66,70.66,49.48,65.30,73.86
71.71,71.71,49.76,65.97,72.66
72.37,72.37,50.12,62.51,74.84
72.59,72.59,54.02,65.50,73.11
73.35,73.35,52.57,65.78,74.92
72.04,72.04,49.41,64.58,73.64
68.68,68.68,48.76,64.48,74.92
70.28,70.28,52.02,61.03,74.53
69.81,69.81,62.93,63.24,72.50
73.00,73.00,71.82,62.35,69.97
69.96,69.96,70.68,61.78,74.30
69.67,69.67,64.31,60.89,76.39
71.02,71.02,57.75,57.57,75.97
71.40,71.40,55.17,60.12,75.79
70.56,70.56,58.31,59.79,75.34
68.10,68.10,78.18,59.53,75.97
69.57,69.57,77.69,51.78,77.32
69.09,69.09,73.64,59.72,74.32
67.96,67.96,73.18,65.59,72.26
66.17,66.17,69.21,68.72,75.03
63.16,63.16,65.88,66.94,72.27
65.87,65.87,58.65,67.92,73.28
66.64,66.64,58.80,67.50,74.48
64.98,64.98,56.93,66.95,77.36
62.31,62.31,47.19,66.13,75.44
65.25,65.25,48.00,66.92,75.52
66.45,66.45,54.96,64.15,74.85
68.82,68.82,58.81,57.89,71.97
67.66,67.66,77.36,59.03,74.25
68.05,68.05,76.69,59.06,75.61
68.04,68.04,73.72,58.66,73.64
69.27,69.27,72.16,60.56,74.80
68.55,68.55,71.87,59.49,76.62
68.17,68.17,65.88,59.63,75.87
69.17,69.17,57.89,63.82,71.00
70.60,70.60,58.89,66.69,74.80
66.56,66.56,56.38,62.14,72.51
67.96,67.96,54.33,63.11,69.52
70.77,70.77,57.51,64.52,69.49
64.93,64.93,75.22,61.34,71.93
63.95,63.95,74.68,62.26,73.72
71.25,71.25,66.70,63.11,75.62
75.72,75.72,61.97,64.45,75.65
68.85,68.85,58.18,65.22,73.97
67.75,67.75,53.27,64.75,74.73
73.28,73.28,48.71,64.78,75.31
74.12,74.12,49.14,65.63,74.75
74.82,74.82,47.70,63.75,73.42
77.72,77.72,46.04,63.21,74.42
74.83,74.83,46.35,60.06,73.67
73.02,73.02,50.14,60.66,72.95
75.00,75.00,51.05,57.73,74.05
73.08,73.08,49.32,59.05,74.32
73.99,73.99,48.09,64.12,73.01
74.72,74.72,45.51,58.60,71.16
71.65,71.65,44.42,61.25,72.95
72.47,72.47,43.30,58.59,71.69
73.69,73.69,45.69,61.86,73.38
74.74,74.74,44.85,60.01,70.78
74.30,74.30,43.63,61.67,72.74
73.52,73.52,45.03,60.41,74.27
72.95,72.95,51.93,58.16,72.61
71.91,71.91,52.17,59.13,73.86
73.75,73.75,75.33,60.16,70.86
73.51,73.51,77.95,62.23,72.71
71.92,71.92,73.18,67.43,73.42
69.40,69.40,68.14,68.61,72.76
66.57,66.57,66.76,67.08,74.61
67.65,67.65,62.53,66.62,72.31
64.02,64.02,56.07,69.14,75.48
62.16,62.16,59.79,68.38,71.82
65.00,65.00,48.43,68.11,74.11
65.14,65.14,50.61,69.37,75.65
71.51,71.51,51.71,67.79,73.51
68.43,68.43,53.17,67.59,75.63
65.30,65.30,48.44,67.67,74.02
68.83,68.83,46.22,68.34,76.06
70.83,70.83,44.47,66.28,77.50
65.97,65.97,44.09,64.85,76.42
63.90,63.90,44.96,66.84,76.45
59.39,59.39,45.25,65.18,73.66
62.98,62.98,42.91,66.99,73.39
61.09,61.09,42.20,67.18,75.70
63.08,63.08,43.74,66.63,77.89
61.32,61.32,55.15,66.96,76.86
58.01,58.01,55.75,68.56,73.21
63.12,63.12,72.93,66.23,73.85
61.73,61.73,75.76,69.16,76.75
57.61,57.61,66.10,68.71,72.97
59.91,59.91,64.02,67.93,74.46
59.38,59.38,60.07,68.28,75.73
57.50,57.50,58.20,66.06,75.25
60.14,60.14,55.23,65.70,75.25
59.35,59.35,54.71,66.67,73.85
61.60,61.60,53.73,63.82,73.15
57.07,57.07,52.77,61.49,77.39
56.07,56.07,53.97,63.08,77.14
59.53,59.53,53.91,57.52,74.91
58.49,58.49,53.41,63.04,73.23
56.96,56.96,51.70,64.18,75.76
57.31,57.31,51.63,63.75,74.40
57.43,57.43,50.74,61.45,76.77
55.92,55.92,55.49,60.03,76.90
57.82,57.82,67.28,64.80,78.47
54.82,54.82,75.65,64.09,76.77
57.07,57.07,68.35,63.68,75.69
56.52,56.52,62.52,66.65,75.43
56.55,56.55,58.73,66.56,75.38
52.66,52.66,58.19,64.23,76.18
54.68,54.68,67.78,58.56,75.55
55.52,55.52,78.50,50.60,76.53
54.13,54.13,80.01,62.17,77.03
56.47,56.47,71.66,71.08,76.70
58.92,58.92,70.51,70.66,78.23
55.60,55.60,64.42,69.86,76.09
53.00,53.00,61.46,70.69,75.71
57.68,57.68,57.91,70.22,75.99
54.90,54.90,57.51,69.68,75.91
53.66,53.66,53.71,68.25,76.78
51.48,51.48,52.05,57.41,75.54
46.66,46.66,53.24,57.84,78.26
47.00,47.00,57.64,50.67,74.99
55.42,55.42,68.08,57.31,75.88
49.09,49.09,80.56,63.49,73.26
45.75,45.75,76.47,65.49,74.86
50.49,50.49,69.60,69.34,75.12
48.51,48.51,68.98,68.28,77.39
44.55,44.55,64.79,67.73,77.00
47.50,47.50,59.71,65.79,76.78
48.94,48.94,53.66,69.01,74.90
47.95,47.95,50.54,69.09,75.30
48.75,48.75,52.69,63.36,79.48
47.41,47.41,64.42,64.69,76.67
48.26,48.26,73.38,68.65,74.68
46.66,46.66,74.09,71.43,75.86
44.99,44.99,65.26,66.21,75.78
44.61,44.61,61.23,67.10,76.79
42.46,42.46,58.24,65.91,73.41
45.32,45.32,54.65,71.04,76.45
41.88,41.88,50.23,70.46,76.27
46.04,46.04,49.55,70.11,76.25
48.64,48.64,48.50,65.28,75.45
44.19,44.19,47.71,59.66,75.72
42.92,42.92,56.55,65.95,76.46
42.69,42.69,61.82,64.73,77.74
37.98,37.98,67.87,66.10,77.05
38.63,38.63,80.66,66.26,74.66
35.04,35.04,72.34,56.89,75.78
42.59,42.59,69.85,61.50,76.08
39.33,39.33,66.23,62.67,75.54
38.92,38.92,64.36,67.30,76.64
39.21,39.21,59.38,68.61,75.50
43.93,43.93,57.31,70.03,79.06
38.44,38.44,52.39,69.29,76.65
37.20,37.20,49.55,70.14,76.45
39.48,39.48,49.45,71.47,80.04
37.46,37.46,49.17,70.89,76.91
39.35,39.35,51.64,71.73,76.53
40.50,40.50,49.38,72.29,76.49
43.14,43.14,49.72,70.46,78.20
37.93,37.93,48.08,70.76,76.36
35.26,35.26,48.19,71.78,76.59
33.73,33.73,47.84,70.42,74.93
35.39,35.39,46.56,69.63,75.31
36.23,36.23,45.48,70.47,73.03
34.74,34.74,45.92,71.46,76.04
31.94,31.94,46.67,70.76,73.09
28.73,28.73,53.47,68.77,75.71
27.83,27.83,62.73,63.47,74.05
23.73,23.73,74.07,58.05,78.56
25.97,25.97,80.81,66.03,76.59
26.81,26.81,73.13,64.72,76.12
29.38,29.38,72.49,65.66,76.24
30.08,30.08,63.51,66.50,76.85
32.90,32.90,68.49,65.95,76.91
38.75,38.75,53.28,66.85,78.00
38.12,38.12,56.69,67.97,77.74
33.84,33.84,46.87,67.07,76.22
27.70,27.70,51.24,68.08,77.25
22.82,22.82,61.63,69.20,76.30
16.56,16.56,69.11,68.53,76.90
23.43,23.43,77.97,69.16,75.81
31.74,31.74,69.43,67.27,76.87
32.61,32.61,63.98,67.32,75.53
30.07,30.07,62.55,67.65,76.53
31.84,31.84,58.62,67.70,78.14
34.08,34.08,58.34,69.93,77.23
36.28,36.28,56.49,69.12,76.14
37.90,37.90,55.46,68.86,79.46
39.17,39.17,55.50,69.35,77.83
42.19,42.19,54.98,69.00,77.89
45.45,45.45,54.87,68.89,79.43
41.02,41.02,55.57,69.85,78.52
39.52,39.52,54.02,67.86,75.73
42.67,42.67,53.10,67.51,74.19
42.20,42.20,55.60,67.15,74.63
36.69,36.69,62.46,65.70,73.05
38.31,38.31,64.86,65.54,75.61
41.06,41.06,70.19,62.85,75.43
42.87,42.87,61.94,62.34,75.61
45.23,45.23,57.92,62.02,76.86
46.83,46.83,55.73,62.87,74.47
51.02,51.02,58.20,57.48,74.85
55.98,55.98,65.99,53.89,72.62
60.86,60.86,81.51,56.56,76.76
65.90,65.90,80.44,57.83,74.13
68.12,68.12,72.74,64.38,75.26
68.84,68.84,63.60,67.67,72.95
69.12,69.12,61.02,66.02,75.73
67.89,67.89,53.05,66.92,74.60
66.35,66.35,56.31,66.24,75.74
64.31,64.31,55.21,65.08,76.23
63.04,63.04,58.83,67.89,73.59
60.37,60.37,54.49,67.26,74.78
61.20,61.20,53.24,51.62,76.95
64.50,64.50,61.03,60.54,74.76
66.51,66.51,73.93,60.58,73.19
66.46,66.46,78.71,58.50,76.02
67.89,67.89,71.08,62.88,75.49
69.87,69.87,72.87,64.70,73.88
68.78,68.78,64.21,63.61,75.53
68.18,68.18,66.78,65.06,76.64
69.68,69.68,47.76,65.22,76.02
66.29,66.29,55.29,64.76,75.31
66.24,66.24,60.17,64.27,76.65
64.65,64.65,55.48,64.61,75.55
62.11,62.11,53.23,64.92,75.45
60.12,60.12,59.95,65.95,77.32
67.46,67.46,73.58,68.28,76.30
70.86,70.86,70.57,67.26,74.21
69.33,69.33,63.85,68.58,73.84
73.58,73.58,62.03,68.40,74.35
73.68,73.68,59.94,66.29,73.06
73.17,73.17,58.70,65.68,74.51
72.72,72.72,57.19,66.65,72.77
72.40,72.40,56.14,68.05,74.75
73.41,73.41,55.35,66.68,74.74
71.91,71.91,55.30,64.44,75.30
72.88,72.88,58.73,59.24,71.19
76.61,76.61,64.12,59.64,73.43
73.14,73.14,73.14,65.69,76.09
71.54,71.54,71.02,64.41,73.58
74.73,74.73,62.68,66.97,73.44
76.37,76.37,65.11,63.99,72.07
74.73,74.73,63.95,67.60,72.25
70.26,70.26,70.81,69.32,75.17
72.27,72.27,67.76,65.68,74.24
71.66,71.66,59.81,69.50,75.80
70.08,70.08,57.97,69.62,73.12
74.26,74.26,58.40,69.22,73.09
75.66,75.66,60.04,53.30,73.23
71.29,71.29,72.68,57.57,71.83
68.06,68.06,78.70,57.74,72.72
72.36,72.36,72.89,60.68,73.21
73.36,73.36,67.31,71.52,74.98
72.54,72.54,66.29,71.46,75.23
69.56,69.56,63.78,66.26,74.61
69.98,69.98,57.63,63.09,73.31
71.95,71.95,55.77,66.92,73.21
71.76,71.76,51.76,70.26,74.39
74.63,74.63,49.27,70.24,73.92
74.67,74.67,48.52,69.32,74.25
70.52,70.52,50.05,64.57,73.61
69.56,69.56,52.22,65.59,75.27
65.66,65.66,51.00,68.19,74.43
71.89,71.89,51.70,70.24,74.48
70.15,70.15,51.17,67.03,74.30
70.84,70.84,50.15,67.47,74.66
69.56,69.56,49.84,68.24,73.54
70.74,70.74,49.27,69.38,75.23
69.74,69.74,48.32,66.80,76.71
69.29,69.29,47.54,67.21,74.93
67.74,67.74,48.48,67.46,74.22
65.70,65.70,60.63,66.36,76.59
59.19,59.19,61.99,64.09,75.82
61.55,61.55,76.82,69.19,75.28
63.10,63.10,74.53,71.39,73.93
61.21,61.21,64.91,66.43,72.47
57.99,57.99,61.44,52.30,72.67
64.06,64.06,58.99,59.74,73.09
67.23,67.23,58.30,62.94,73.06
59.70,59.70,56.49,67.18,71.37
64.39,64.39,55.92,69.96,74.08
65.42,65.42,55.32,72.09,74.94
66.03,66.03,53.58,72.40,75.99
63.00,63.00,53.68,71.77,76.54
63.02,63.02,54.45,70.84,77.43
59.76,59.76,53.34,70.74,75.67
54.74,54.74,52.02,69.65,75.56
56.81,56.81,51.24,67.66,74.81
58.76,58.76,57.19,64.85,76.93
55.92,55.92,59.55,61.43,74.44
59.56,59.56,61.26,59.56,77.25
56.79,56.79,67.44,62.37,75.75
56.70,56.70,61.36,65.38,75.82
56.53,56.53,57.58,67.38,78.77
59.19,59.19,58.80,68.67,75.10
56.18,56.18,70.97,66.37,77.35
59.76,59.76,77.62,55.07,75.29
57.11,57.11,78.16,67.72,73.71
61.09,61.09,77.23,66.24,72.82
58.50,58.50,75.14,59.70,74.73
62.76,62.76,67.06,62.00,74.40
59.47,59.47,63.12,66.94,75.02
59.32,59.32,60.70,71.36,77.00
59.21,59.21,58.65,67.81,76.54
60.78,60.78,53.19,65.09,77.54
59.26,59.26,52.05,68.82,77.99
57.49,57.49,54.26,69.44,76.97
60.88,60.88,60.85,62.98,76.20
58.59,58.59,70.18,53.42,75.10
57.93,57.93,78.33,61.25,74.15
60.86,60.86,74.11,65.27,73.34
59.23,59.23,68.84,66.91,71.38
55.77,55.77,72.17,68.69,70.83
50.33,50.33,71.06,68.55,71.34
53.71,53.71,64.97,67.69,74.38
55.26,55.26,60.64,68.06,73.58
55.29,55.29,56.25,68.88,74.76
54.14,54.14,59.87,68.58,73.22
54.24,54.24,63.20,68.32,75.17
50.69,50.69,77.72,68.37,75.38
55.06,55.06,75.26,62.30,75.76
49.90,49.90,64.33,64.89,74.61
51.02,51.02,63.65,65.24,76.33
51.06,51.06,60.40,67.13,75.82
58.41,58.41,57.56,66.28,76.29
54.29,54.29,55.39,63.49,78.21
53.70,53.70,54.40,67.17,75.59
55.71,55.71,52.70,71.02,78.14
54.12,54.12,52.02,67.27,76.77
53.86,53.86,54.17,63.51,76.69
52.23,52.23,59.61,65.05,76.57
53.72,53.72,72.68,66.65,74.13
55.36,55.36,76.15,62.84,73.19
54.12,54.12,72.89,64.60,75.34
54.92,54.92,70.33,67.56,77.69
52.70,52.70,67.73,69.20,73.07
47.16,47.16,63.71,66.58,77.59
51.44,51.44,61.63,69.38,77.31
48.75,48.75,58.45,68.90,76.78
43.86,43.86,51.26,66.08,77.66
47.61,47.61,48.16,67.66,76.64
47.60,47.60,47.64,70.45,76.80
46.68,46.68,50.21,70.05,76.50
47.53,47.53,53.70,69.93,76.81
49.35,49.35,51.31,68.28,74.15
50.51,50.51,50.21,69.70,75.85
49.03,49.03,48.68,68.16,73.53
48.10,48.10,47.10,68.13,73.27
48.42,48.42,48.33,69.47,75.33
51.65,51.65,47.01,67.32,76.48
54.48,54.48,45.73,67.77,76.76
52.78,52.78,45.36,70.10,76.49
50.29,50.29,48.91,66.80,76.83
43.87,43.87,54.61,64.17,76.70
37.92,37.92,67.72,58.39,75.24
39.74,39.74,78.03,56.26,75.76
42.00,42.00,79.93,62.04,76.39
44.44,44.44,71.67,65.74,75.45
43.96,43.96,71.53,68.14,77.10
44.33,44.33,63.75,68.67,76.09
51.19,51.19,57.68,68.17,78.93
50.94,50.94,54.31,68.21,78.34
47.47,47.47,49.95,67.58,77.28
44.92,44.92,48.40,66.86,75.67
38.21,38.21,52.90,68.06,77.07
46.33,46.33,62.24,67.79,75.64
45.30,45.30,75.78,68.40,76.39
40.91,40.91,76.30,66.84,77.93
45.40,45.40,67.69,67.39,73.56
44.33,44.33,64.67,69.34,77.46
40.32,40.32,61.06,70.11,77.02
41.74,41.74,56.45,68.65,76.76
43.07,43.07,53.02,69.14,74.53
41.43,41.43,51.72,69.72,76.51
38.30,38.30,50.01,70.51,72.96
39.90,39.90,48.12,67.42,76.30
37.86,37.86,48.27,69.11,75.75
40.66,40.66,50.80,70.01,75.74
46.90,46.90,51.97,68.01,78.81
39.97,39.97,51.41,66.20,75.33
39.10,39.10,48.38,69.42,75.84
39.74,39.74,50.33,68.56,75.46
42.02,42.02,58.34,64.40,76.61
41.46,41.46,65.44,62.46,76.09
43.20,43.20,76.29,68.40,77.39
45.66,45.66,63.37,68.46,76.93
43.20,43.20,61.74,58.95,77.80
43.22,43.22,58.60,67.22,77.35
45.89,45.89,66.07,69.80,78.30
42.51,42.51,72.40,65.81,77.44
43.25,43.25,81.08,57.69,77.54
41.62,41.62,76.75,55.13,76.35
44.13,44.13,71.79,64.43,80.15
44.18,44.18,68.08,70.08,76.78
41.77,41.77,62.95,67.74,80.62
39.86,39.86,60.43,64.77,78.02
33.20,33.20,60.97,68.35,76.96
38.75,38.75,60.81,71.82,78.54
33.82,33.82,50.93,69.42,77.35
36.89,36.89,47.48,63.56,77.42
39.29,39.29,49.44,68.49,75.74
34.40,34.40,63.90,67.97,78.49
37.33,37.33,68.64,63.42,74.28
40.20,40.20,77.85,63.17,77.00
38.31,38.31,77.05,64.45,75.46
36.85,36.85,69.52,68.49,73.42
37.17,37.17,71.44,66.76,77.65
40.21,40.21,70.93,64.37,77.07
41.14,41.14,60.87,66.94,78.88
39.08,39.08,51.37,68.71,78.30
39.66,39.66,55.28,67.63,76.43
37.80,37.80,58.63,66.31,78.05
37.83,37.83,61.89,70.67,77.35
43.11,43.11,76.23,66.77,77.59
39.09,39.09,75.94,58.20,71.41
31.49,31.49,69.33,68.71,75.53
32.99,32.99,62.66,69.68,75.74
36.07,36.07,58.67,65.65,76.60
38.29,38.29,54.52,64.98,77.61
38.18,38.18,49.36,70.40,77.84
38.70,38.70,47.24,69.78,79.63
40.30,40.30,44.29,63.92,78.77
38.95,38.95,44.16,66.76,78.14
38.51,38.51,43.41,70.93,80.26
42.68,42.68,47.94,67.98,79.17
40.90,40.90,50.61,64.57,78.78
41.66,41.66,50.35,68.34,77.71
33.55,33.55,46.11,70.60,77.55
38.29,38.29,46.03,68.94,77.95
34.44,34.44,45.14,68.18,76.94
40.56,40.56,44.67,69.81,76.82
42.19,42.19,42.94,69.17,77.17
40.65,40.65,41.73,68.70,76.83
40.80,40.80,46.60,68.55,77.68
41.69,41.69,59.15,68.74,76.04
36.56,36.56,60.02,66.69,74.95
34.58,34.58,74.08,66.99,74.78
35.99,35.99,75.00,63.92,73.96
38.31,38.31,67.70,58.15,75.17
34.40,34.40,65.43,58.55,76.27
33.76,33.76,74.04,66.94,75.57
37.48,37.48,67.15,71.52,76.68
38.25,38.25,57.13,70.65,75.90
40.41,40.41,54.35,67.41,77.89
37.04,37.04,56.92,69.25,76.65
33.00,33.00,51.74,70.37,77.58
36.61,36.61,52.31,67.14,75.11
36.53,36.53,53.17,69.95,75.45
37.16,37.16,51.50,71.94,77.04
36.73,36.73,47.13,70.13,74.86
35.60,35.60,45.71,67.93,75.22
38.12,38.12,43.26,69.29,73.60
31.99,31.99,42.26,70.18,72.82
32.50,32.50,41.97,68.17,75.86
29.45,29.45,43.37,68.13,76.81
30.85,30.85,60.67,71.05,74.92
32.24,32.24,64.16,70.00,76.01
34.51,34.51,61.74,67.54,76.36
33.15,33.15,57.56,67.57,75.21
32.03,32.03,63.87,68.68,74.07
38.97,38.97,75.73,69.40,75.57
28.40,28.40,69.71,64.75,75.76
28.99,28.99,65.55,67.98,77.56
38.42,38.42,60.64,64.64,77.04
36.43,36.43,57.47,69.94,77.22
39.74,39.74,54.98,69.61,76.13
35.15,35.15,52.69,69.17,76.39
37.17,37.17,48.82,67.06,77.48
36.23,36.23,48.14,68.94,75.77
37.74,37.74,47.56,70.84,79.06
38.97,38.97,48.65,69.06,74.50
33.29,33.29,51.21,65.88,78.10
27.57,27.57,50.42,69.01,78.02
33.90,33.90,47.58,69.29,77.41
38.12,38.12,46.17,67.30,77.88
37.50,37.50,53.89,68.52,75.90
31.29,31.29,61.93,66.73,77.23
26.71,26.71,71.58,70.36,74.99
29.06,29.06,73.42,68.92,74.79
27.79,27.79,67.38,66.26,74.57
30.09,30.09,59.54,68.89,73.91
34.83,34.83,55.81,69.79,75.92
38.64,38.64,63.67,71.93,75.59
36.47,36.47,72.88,68.95,73.48
34.06,34.06,78.72,67.03,70.10
37.54,37.54,80.41,66.79,73.85
38.41,38.41,75.21,65.79,73.34
40.48,40.48,71.89,65.42,76.00
37.30,37.30,68.82,68.82,76.86
34.72,34.72,65.79,70.61,77.62
37.54,37.54,63.23,69.07,76.76
38.48,38.48,61.84,64.76,76.83
35.29,35.29,58.63,67.37,76.73
33.09,33.09,56.29,69.66,78.90
35.73,35.73,59.95,66.31,77.17
35.54,35.54,69.28,61.34,77.20
32.97,32.97,78.33,63.60,75.53
32.91,32.91,79.58,65.28,73.91
32.91,32.91,71.82,65.99,75.83
30.84,30.84,72.06,62.09,74.68
30.32,30.32,68.97,67.30,74.64
30.52,30.52,60.84,69.92,76.16
33.13,33.13,49.59,65.19,74.81
35.66,35.66,45.29,64.67,77.28
33.73,33.73,48.07,68.08,75.54
28.67,28.67,58.86,68.46,75.75
28.99,28.99,63.56,67.60,77.60
28.32,28.32,78.73,64.66,74.31
28.26,28.26,74.33,68.57,75.44
27.28,27.28,64.16,70.56,75.28
22.03,22.03,62.31,63.72,77.49
23.21,23.21,57.36,68.06,77.30
30.28,30.28,52.92,69.57,75.35
32.46,32.46,49.80,67.90,77.56
31.42,31.42,46.51,67.97,76.99
25.51,25.51,45.25,65.55,76.78
26.06,26.06,45.15,67.38,76.44
28.45,28.45,58.90,65.86,76.47
24.75,24.75,63.20,61.32,76.34
25.03,25.03,75.81,65.24,74.91
27.00,27.00,74.22,59.87,75.19
22.28,22.28,74.44,61.91,73.55
21.61,21.61,71.84,66.69,75.24
22.11,22.11,68.25,70.08,74.96
23.78,23.78,66.34,65.91,71.99
28.05,28.05,62.00,69.09,74.02
27.33,27.33,60.33,70.79,74.29
27.50,27.50,58.23,67.72,73.38
27.45,27.45,53.59,67.25,71.78
29.06,29.06,51.05,69.70,75.76
26.58,26.58,54.21,68.66,74.74
26.86,26.86,53.71,69.34,75.89
24.65,24.65,50.82,68.73,77.31
25.34,25.34,50.80,70.70,76.92
27.30,27.30,49.95,68.26,76.88
26.94,26.94,47.87,67.29,77.66
27.31,27.31,47.28,69.94,75.24
25.73,25.73,47.91,69.56,77.51
23.66,23.66,47.87,67.13,76.80
22.86,22.86,47.36,69.58,76.50
17.00,17.00,54.81,68.72,75.83
15.95,15.95,66.96,67.38,75.99
15.14,15.14,77.16,64.17,75.56
18.17,18.17,76.75,63.42,75.13
20.70,20.70,70.20,69.98,75.42
22.15,22.15,73.23,69.37,74.92
21.81,21.81,66.33,65.05,75.39
20.68,20.68,57.26,69.66,75.14
22.14,22.14,60.45,70.49,76.52
23.41,23.41,52.05,66.80,76.51
23.89,23.89,50.31,61.50,76.29
20.43,20.43,53.08,72.08,74.83
13.24,13.24,64.27,70.48,74.03
6.53,6.53,69.49,61.66,75.95
8.36,8.36,79.62,65.40,75.47
15.92,15.92,69.23,72.22,74.20
18.43,18.43,65.41,72.81,76.71
22.28,22.28,62.64,64.63,76.43
27.30,27.30,58.94,66.93,76.58
25.96,25.96,56.87,72.83,77.80
26.13,26.13,55.99,71.65,75.24
26.12,26.12,55.38,65.30,73.80
25.43,25.43,55.52,67.07,73.18
28.98,28.98,54.75,72.04,75.15
28.95,28.95,55.27,70.31,74.94
29.08,29.08,63.15,62.95,73.58
30.21,30.21,62.83,64.58,78.32
28.31,28.31,60.48,69.83,76.85
26.65,26.65,56.81,68.68,76.78
27.39,27.39,57.59,63.61,77.20
28.42,28.42,64.89,64.13,76.70
29.56,29.56,75.70,69.53,76.48
31.28,31.28,70.08,69.31,75.88
31.73,31.73,63.23,62.67,77.05
29.14,29.14,59.04,52.01,76.69
33.05,33.05,60.62,60.03,76.12
34.80,34.80,77.86,59.31,74.29
36.47,36.47,78.19,60.33,76.10
36.68,36.68,74.53,65.34,73.65
37.20,37.20,67.96,66.19,76.95
38.96,38.96,64.06,67.37,74.94
42.24,42.24,62.27,65.97,75.11
40.96,40.96,61.25,64.71,76.29
44.03,44.03,62.03,63.89,75.72
52.38,52.38,59.04,61.69,76.73
47.24,47.24,57.51,65.35,75.51
45.18,45.18,57.33,63.41,76.14
54.19,54.19,55.04,54.25,77.02
53.88,53.88,56.40,50.87,74.16
45.61,45.61,70.87,59.38,72.54
40.20,40.20,79.04,60.20,71.95
38.43,38.43,73.66,61.23,74.01
42.23,42.23,72.53,59.62,74.14
42.00,42.00,72.76,69.17,74.58
44.11,44.11,66.23,70.55,74.64
48.08,48.08,61.54,71.34,76.57
54.50,54.50,56.93,70.73,77.22
58.74,58.74,56.18,66.26,79.66
65.28,65.28,55.82,68.41,80.13
67.35,67.35,56.21,67.22,79.50
66.65,66.65,70.50,66.36,77.05
71.67,71.67,77.15,65.22,74.56
73.31,73.31,69.95,64.66,74.83
74.85,74.85,66.55,69.03,75.34
76.00,76.00,60.85,67.30,76.18
76.27,76.27,60.09,65.16,75.92
76.70,76.70,59.57,68.67,73.12
76.71,76.71,56.59,67.75,76.67
76.33,76.33,55.46,69.54,75.92
75.16,75.16,53.85,68.73,78.35
74.90,74.90,54.37,67.85,75.55
74.42,74.42,56.56,66.68,77.00
72.57,72.57,61.01,67.30,80.30
74.87,74.87,72.67,58.41,77.52
73.74,73.74,79.10,65.36,71.07
75.64,75.64,67.90,66.03,74.83
75.26,75.26,61.14,63.34,77.00
72.03,72.03,58.88,65.49,74.38
71.49,71.49,54.59,65.62,73.34
71.31,71.31,52.39,64.20,76.19
71.25,71.25,50.86,64.32,73.42
70.89,70.89,49.57,64.32,78.04
73.26,73.26,50.43,65.25,74.45
72.81,72.81,60.02,61.72,76.83
71.62,71.62,66.50,59.07,77.30
66.84,66.84,78.87,59.42,75.18
70.83,70.83,77.30,59.00,74.80
67.88,67.88,71.63,67.12,74.09
72.64,72.64,71.17,69.37,78.57
69.00,69.00,68.79,68.45,76.64
70.91,70.91,67.58,67.66,77.84
64.48,64.48,65.69,67.79,78.14
66.26,66.26,66.58,66.59,78.52
63.18,63.18,65.23,64.73,78.97
62.06,62.06,65.09,64.57,76.39
62.50,62.50,64.68,66.71,77.90
70.01,70.01,64.08,67.71,75.80
75.00,75.00,63.10,66.36,74.77
73.96,73.96,63.37,64.80,72.98
66.23,66.23,62.78,65.34,76.46
70.11,70.11,61.90,65.85,75.83
71.21,71.21,63.22,66.48,74.37
73.27,73.27,61.87,66.41,74.89
71.79,71.79,61.59,65.32,77.65
66.29,66.29,62.33,64.80,75.46
74.88,74.88,61.91,65.10,73.13
75.00,75.00,61.68,63.60,73.11
70.00,70.00,64.06,62.45,72.77
68.83,68.83,77.34,66.19,75.32
69.50,69.50,75.29,63.41,71.01
71.70,71.70,64.62,65.09,73.41
74.14,74.14,62.21,62.26,74.98
77.83,77.83,59.85,63.62,76.99
77.54,77.54,59.34,63.03,76.49
76.61,76.61,59.23,64.58,77.12
74.29,74.29,58.49,65.42,77.08
71.85,71.85,57.59,64.68,75.60
74.07,74.07,57.16,63.33,76.92
76.40,76.40,55.97,63.32,77.03
76.29,76.29,56.07,63.99,75.65
75.51,75.51,56.58,63.92,74.15
74.40,74.40,55.39,61.03,75.74
72.36,72.36,55.19,65.38,76.47
68.94,68.94,56.57,64.47,77.49
63.72,63.72,61.99,63.99,75.07
68.39,68.39,75.15,63.60,76.00
65.30,65.30,70.75,62.63,76.97
65.20,65.20,63.21,63.20,78.12
64.30,64.30,58.98,63.48,76.59
63.47,63.47,65.78,60.75,75.70
64.28,64.28,74.84,54.36,74.02
65.94,65.94,79.92,53.32,73.03
67.32,67.32,80.48,60.88,74.75
69.18,69.18,75.01,58.05,72.33
70.87,70.87,69.63,63.70,73.31
68.59,68.59,65.10,62.92,74.12
70.41,70.41,64.84,63.52,75.78
72.52,72.52,60.48,63.08,74.86
73.36,73.36,59.36,63.76,74.99
74.07,74.07,59.57,63.59,73.50
70.08,70.08,55.30,61.92,72.47
62.76,62.76,55.12,59.85,72.50
64.65,64.65,64.06,57.58,71.17
68.34,68.34,72.10,50.95,71.05
67.06,67.06,80.00,60.59,75.00
70.22,70.22,75.83,62.18,75.72
73.48,73.48,67.41,61.72,73.71
70.85,70.85,72.32,61.94,74.35
63.57,63.57,70.93,62.21,76.77
67.19,67.19,64.26,61.96,74.76
72.15,72.15,61.81,62.86,76.20
74.96,74.96,57.74,61.91,74.64
75.24,75.24,54.10,62.49,77.86
70.35,70.35,62.74,64.52,74.97
61.07,61.07,66.50,64.93,76.74
62.49,62.49,79.01,61.76,75.78
72.29,72.29,74.56,61.73,74.53
76.14,76.14,67.04,60.04,74.01
74.77,74.77,61.07,60.80,75.76
71.14,71.14,58.08,62.29,77.58
65.68,65.68,53.22,61.38,75.34
66.96,66.96,50.74,61.19,76.33
70.78,70.78,48.56,59.82,77.89
73.57,73.57,47.77,61.08,75.64
75.03,75.03,47.13,62.84,78.11
73.66,73.66,46.04,62.55,77.15
70.44,70.44,57.16,60.15,79.60
71.49,71.49,62.60,63.65,74.85
62.58,62.58,77.18,67.10,73.00
63.83,63.83,77.11,65.77,73.47
68.61,68.61,76.48,63.93,74.03
71.32,71.32,70.61,63.99,74.81
73.59,73.59,68.52,63.63,75.19
73.29,73.29,64.39,64.84,73.21
72.57,72.57,63.55,63.37,75.65
65.46,65.46,60.31,63.41,75.02
61.99,61.99,54.60,64.62,73.87
57.09,57.09,48.21,65.66,74.47
61.91,61.91,51.01,64.55,76.31
69.02,69.02,48.62,63.94,76.93
72.61,72.61,47.87,65.21,78.19
71.94,71.94,46.60,65.91,78.31
68.28,68.28,43.94,65.24,76.07
62.59,62.59,40.75,63.51,76.71
61.04,61.04,39.91,63.69,76.19
66.89,66.89,40.03,63.39,78.13
69.86,69.86,40.12,64.20,76.82
72.10,72.10,43.59,62.69,78.23
70.55,70.55,51.94,59.00,76.38
66.52,66.52,62.41,51.44,77.16
61.08,61.08,71.47,51.47,75.53
62.78,62.78,80.56,54.26,73.52
68.65,68.65,74.61,57.17,75.09
69.95,69.95,70.04,58.51,77.39
72.46,72.46,68.15,61.05,77.53
71.97,71.97,56.70,57.47,74.79
71.66,71.66,56.22,60.42,77.95
70.19,70.19,50.08,58.96,77.00
64.15,64.15,49.78,59.84,77.23
64.38,64.38,49.43,60.49,75.38
68.64,68.64,58.06,62.54,75.72
71.88,71.88,68.13,56.44,76.62
74.32,74.32,78.02,56.80,76.88
74.38,74.38,68.87,57.89,75.24
70.47,70.47,68.55,59.79,76.58
68.41,68.41,63.15,62.11,73.42
61.41,61.41,58.29,62.17,75.22
65.63,65.63,56.30,60.85,76.24
67.88,67.88,55.01,61.75,74.32
73.97,73.97,52.62,61.78,77.36
73.26,73.26,51.67,57.05,76.49
73.88,73.88,50.35,58.90,76.72
73.12,73.12,50.48,57.55,75.80
71.63,71.63,53.28,60.17,75.05
72.15,72.15,50.52,62.75,73.59
67.44,67.44,49.24,60.18,75.69
66.55,66.55,51.72,59.22,76.20
69.11,69.11,53.97,62.15,77.10
65.96,65.96,64.70,61.80,75.36
64.98,64.98,77.42,62.56,74.57
70.94,70.94,67.37,61.13,75.80
69.42,69.42,62.47,60.09,74.27
71.02,71.02,57.00,58.12,76.08
70.60,70.60,56.94,56.92,76.87
66.97,66.97,64.80,58.26,76.84
66.33,66.33,78.88,64.82,74.76
69.71,69.71,78.11,65.32,75.15
66.39,66.39,74.73,64.87,73.55
69.65,69.65,70.04,65.61,74.15
68.37,68.37,65.50,64.31,74.98
64.76,64.76,63.66,62.20,75.39
68.05,68.05,60.60,64.26,76.46
68.21,68.21,60.57,65.78,75.72
64.64,64.64,56.53,66.56,77.52
71.11,71.11,53.45,65.14,78.23
72.07,72.07,52.85,63.12,77.89
73.89,73.89,57.30,62.19,76.45
72.59,72.59,61.43,59.92,76.50
65.55,65.55,76.54,54.70,75.34
64.59,64.59,78.71,61.51,75.36
63.63,63.63,71.76,60.59,74.93
70.26,70.26,69.79,58.84,74.52
69.05,69.05,71.40,58.37,76.49
74.94,74.94,66.75,61.08,78.10
73.37,73.37,57.63,64.47,79.28
74.15,74.15,55.49,63.29,77.13
71.19,71.19,56.85,60.93,75.93
67.06,67.06,56.48,57.66,74.18
66.92,66.92,66.32,64.70,76.92
69.70,69.70,79.91,63.57,77.54
64.51,64.51,72.34,64.79,74.91
70.01,70.01,67.13,60.27,75.99
68.13,68.13,60.52,61.63,75.57
68.35,68.35,58.82,61.10,75.24
73.42,73.42,55.26,62.40,76.87
70.10,70.10,54.39,63.06,75.62
69.80,69.80,51.73,64.39,75.44
73.42,73.42,49.53,62.18,76.62
69.70,69.70,50.03,62.48,78.05
72.07,72.07,51.42,58.61,77.89
69.71,69.71,51.62,65.14,76.58
67.54,67.54,51.45,65.25,75.51
70.04,70.04,47.41,64.61,75.66
68.56,68.56,47.73,64.83,74.64
69.92,69.92,46.70,59.42,75.32
68.52,68.52,45.89,65.18,76.15
67.76,67.76,45.56,64.13,74.58
68.22,68.22,47.31,62.66,74.58
74.69,74.69,45.39,64.64,76.76
72.03,72.03,42.35,64.50,78.07
68.82,68.82,47.34,64.00,75.41
68.52,68.52,63.62,61.32,74.38
66.53,66.53,64.51,57.27,73.57
67.13,67.13,80.10,57.92,72.56
68.06,68.06,76.94,59.48,76.33
67.59,67.59,72.01,61.00,75.03
61.80,61.80,70.70,60.80,73.64
68.04,68.04,66.86,62.53,72.91
72.78,72.78,60.58,60.54,73.55
69.52,69.52,59.04,63.67,75.51
66.27,66.27,53.86,61.70,76.89
71.32,71.32,48.06,59.70,78.01
63.44,63.44,50.67,62.91,74.74
69.22,69.22,49.12,63.26,78.43
67.03,67.03,49.87,60.42,79.68
71.45,71.45,48.45,61.69,77.93
64.18,64.18,47.36,62.25,75.22
70.76,70.76,44.45,63.25,79.51
66.26,66.26,42.33,59.52,77.70
68.26,68.26,43.96,63.52,77.40
71.11,71.11,48.39,62.36,75.83
66.21,66.21,57.40,61.88,76.06
61.59,61.59,59.28,64.23,75.82
61.27,61.27,59.66,64.04,76.78
58.92,58.92,60.89,65.89,77.05
59.05,59.05,70.78,64.69,76.17
62.87,62.87,79.22,65.82,74.55
62.31,62.31,72.65,68.60,73.83
66.96,66.96,66.23,64.36,75.12
54.05,54.05,60.63,60.59,75.72
62.47,62.47,57.78,63.14,76.59
70.69,70.69,54.61,61.57,76.37
71.32,71.32,53.19,61.17,77.38
68.46,68.46,51.63,62.71,77.40
69.65,69.65,50.28,60.35,76.54
66.72,66.72,50.56,60.81,76.99
68.07,68.07,53.53,61.70,77.59
67.34,67.34,55.19,61.81,77.98
72.54,72.54,51.27,64.48,77.68
69.39,69.39,48.59,61.97,75.57
71.67,71.67,48.50,62.05,77.05
63.30,63.30,53.54,63.44,75.89
60.60,60.60,56.66,61.61,76.01
63.33,63.33,69.49,63.34,77.40
72.16,72.16,70.79,62.36,77.01
72.36,72.36,62.18,58.47,79.47
73.21,73.21,58.33,57.59,80.94
74.14,74.14,59.96,54.23,78.79
74.61,74.61,62.71,51.44,77.32
70.08,70.08,77.70,57.43,78.13
70.30,70.30,80.32,56.29,75.61
71.69,71.69,73.78,58.80,74.17
68.43,68.43,68.57,57.68,76.34
67.70,67.70,66.07,60.39,75.53
66.20,66.20,61.56,62.84,76.12
62.79,62.79,60.07,62.24,76.19
60.86,60.86,60.05,61.18,77.61
63.29,63.29,57.63,58.21,74.37
63.04,63.04,54.60,57.30,76.17
61.21,61.21,53.42,53.85,78.59
67.41,67.41,57.40,56.49,79.21
63.43,63.43,65.92,57.13,78.39
63.38,63.38,79.08,57.01,74.97
62.69,62.69,78.46,58.85,74.91
48.39,48.39,72.68,62.05,76.05
56.90,56.90,70.04,63.71,77.19
62.12,62.12,66.19,63.43,77.27
52.94,52.94,67.40,63.38,76.68
59.69,59.69,63.70,64.42,78.15
61.86,61.86,56.41,65.14,77.88
55.87,55.87,56.30,64.32,76.58
62.22,62.22,57.02,63.95,78.48
64.15,64.15,57.08,64.44,77.92
66.71,66.71,74.58,60.31,77.37
58.27,58.27,73.67,62.05,76.14
61.20,61.20,64.71,61.81,76.81
67.22,67.22,63.25,61.35,76.65
63.61,63.61,58.89,63.05,76.62
68.82,68.82,55.57,60.64,78.65
64.27,64.27,53.66,61.24,78.29
69.24,69.24,53.85,60.75,76.81
64.50,64.50,51.38,59.66,77.59
68.19,68.19,50.88,58.83,78.34
60.66,60.66,51.19,58.64,77.37
64.63,64.63,53.79,55.98,76.72
61.11,61.11,62.00,49.17,75.60
63.11,63.11,75.51,59.87,78.47
65.47,65.47,73.51,60.28,79.44
59.98,59.98,75.80,58.66,75.54
63.70,63.70,69.85,58.75,77.12
59.91,59.91,67.40,61.95,73.80
58.84,58.84,62.98,61.78,76.61
61.65,61.65,61.14,60.97,74.85
53.68,53.68,55.94,59.95,73.88
62.33,62.33,48.12,60.09,75.73
59.47,59.47,45.37,63.33,74.80
60.84,60.84,48.65,61.81,77.92
61.67,61.67,53.96,64.05,77.66
59.36,59.36,50.27,62.68,77.43
56.34,56.34,49.27,62.35,75.82
64.52,64.52,47.95,62.64,76.47
59.85,59.85,46.48,63.87,77.28
64.49,64.49,45.99,64.17,76.90
64.65,64.65,43.77,65.06,76.82
61.99,61.99,42.94,62.70,77.26
65.33,65.33,43.81,62.40,77.07
58.72,58.72,46.89,60.89,75.90
64.69,64.69,56.47,59.05,76.09
55.54,55.54,64.79,56.24,79.06
59.08,59.08,77.54,52.76,74.13
60.17,60.17,77.64,53.64,74.09
61.84,61.84,70.24,59.08,76.39
58.65,58.65,70.82,60.15,76.62
50.09,50.09,61.35,58.87,74.19
48.74,48.74,54.79,61.57,75.02
58.45,58.45,50.10,63.79,77.14
60.58,60.58,46.48,62.06,76.89
60.51,60.51,47.14,61.14,77.52
62.18,62.18,51.74,60.77,76.94
60.70,60.70,58.59,60.05,76.38
61.66,61.66,75.55,58.93,76.97
59.74,59.74,73.99,56.13,78.00
62.11,62.11,67.78,60.16,76.34
63.18,63.18,64.41,62.84,78.60
62.83,62.83,57.23,60.77,77.32
60.63,60.63,53.55,59.31,76.74
59.37,59.37,50.67,62.58,74.89
57.41,57.41,49.47,64.08,75.52
59.10,59.10,48.97,61.68,76.12
54.58,54.58,49.71,59.40,75.21
55.19,55.19,49.25,61.20,75.74
59.64,59.64,53.97,62.41,76.20
62.77,62.77,51.33,68.35,76.14
65.88,65.88,50.31,59.71,77.96
66.67,66.67,47.88,64.66,77.32
67.89,67.89,50.18,61.61,76.25
67.18,67.18,57.21,59.47,75.53
70.51,70.51,67.14,57.87,76.26
71.13,71.13,73.24,57.85,76.56
71.70,71.70,62.13,58.71,75.70
74.09,74.09,58.38,57.31,76.34
72.15,72.15,54.92,57.19,74.16
71.82,71.82,54.53,54.07,74.32
69.90,69.90,69.60,55.66,74.76
69.07,69.07,79.89,55.54,75.47
70.91,70.91,76.12,55.45,76.87
71.23,71.23,70.46,56.50,79.03
74.32,74.32,67.22,59.86,77.25
74.19,74.19,62.30,62.32,78.08
74.91,74.91,56.60,61.80,79.03
71.00,71.00,56.88,61.55,78.72
64.87,64.87,59.40,58.62,75.94
63.64,63.64,54.44,58.26,76.30
63.01,63.01,49.29,59.11,74.37
60.10,60.10,56.56,60.58,73.43
66.36,66.36,56.30,57.58,73.29
73.18,73.18,75.93,57.81,73.21
71.42,71.42,78.43,54.34,74.83
71.83,71.83,70.63,57.68,73.90
71.29,71.29,70.73,59.66,73.50
69.07,69.07,70.17,57.38,74.83
66.97,66.97,59.91,60.10,75.87
72.03,72.03,52.57,62.05,75.44
68.50,68.50,47.67,61.55,77.04
63.12,63.12,49.79,59.85,77.61
60.77,60.77,53.76,59.83,75.20
61.66,61.66,61.64,61.19,74.49
68.47,68.47,76.60,67.81,73.54
69.71,69.71,74.06,59.88,74.26
72.78,72.78,65.00,60.16,76.62
73.33,73.33,60.78,60.33,74.89
73.08,73.08,56.95,57.43,76.50
72.70,72.70,54.50,56.11,76.66
73.99,73.99,51.25,58.40,76.94
72.84,72.84,48.30,61.21,77.27
73.42,73.42,48.49,62.54,76.19
74.03,74.03,46.76,64.23,76.57
76.72,76.72,46.43,62.59,75.43
76.78,76.78,47.31,59.78,76.83
75.32,75.32,47.93,58.50,75.06
72.94,72.94,46.20,57.37,73.82
74.32,74.32,45.16,62.11,75.84
75.02,75.02,45.42,63.22,75.18
73.97,73.97,44.63,64.89,75.24
74.75,74.75,43.88,65.40,75.05
73.97,73.97,41.71,66.05,72.12
73.24,73.24,41.68,65.12,69.34
73.39,73.39,41.69,64.64,70.43
74.07,74.07,46.19,62.62,73.27
74.07,74.07,59.98,60.23,70.80
73.53,73.53,66.30,56.26,73.99
72.19,72.19,79.08,57.14,74.35
72.13,72.13,74.46,57.63,75.73
72.65,72.65,70.59,49.13,75.17
72.78,72.78,66.61,56.03,77.06
73.72,73.72,61.76,60.53,73.08
74.31,74.31,57.13,61.59,76.59
73.29,73.29,57.08,67.38,77.11
74.37,74.37,55.92,68.43,72.70
74.02,74.02,48.04,65.21,78.23
71.67,71.67,49.76,64.38,77.03
72.85,72.85,48.81,64.97,75.86
70.27,70.27,49.24,65.62,76.53
72.83,72.83,47.29,62.87,76.03
72.39,72.39,47.13,63.50,76.03
71.64,71.64,47.06,64.31,75.74
71.34,71.34,46.20,65.12,77.64
71.74,71.74,43.90,64.64,77.50
73.50,73.50,43.43,65.35,77.26
73.48,73.48,41.10,64.55,74.94
73.48,73.48,38.74,62.41,75.91
72.53,72.53,41.39,62.52,78.08
71.31,71.31,47.05,64.60,77.89
70.40,70.40,62.12,65.92,76.97
72.66,72.66,68.74,61.53,76.71
71.62,71.62,77.32,62.84,76.67
69.57,69.57,67.14,60.20,75.87
73.50,73.50,61.63,59.63,75.17
74.22,74.22,57.23,61.43,73.36
73.80,73.80,53.62,63.13,73.21
70.35,70.35,52.42,63.55,75.32
73.83,73.83,50.19,61.98,74.78
73.50,73.50,48.68,59.69,75.00
73.70,73.70,46.16,59.26,76.03
76.29,76.29,45.56,62.19,73.18
74.10,74.10,46.77,64.49,75.74
72.79,72.79,51.52,66.25,75.04
75.47,75.47,48.75,60.89,76.23
76.74,76.74,46.36,61.88,75.84
76.81,76.81,52.17,61.08,75.04
76.37,76.37,60.10,61.39,74.83
73.09,73.09,65.10,60.47,75.48
71.98,71.98,74.37,57.41,76.20
76.94,76.94,64.22,57.86,76.55
76.64,76.64,60.25,57.39,77.42
74.53,74.53,55.90,59.99,76.91
68.51,68.51,62.79,56.80,77.65
72.88,72.88,74.27,55.22,75.15
72.68,72.68,79.95,56.22,74.93
75.58,75.58,75.54,58.08,74.97
74.36,74.36,73.91,59.71,75.73
71.73,71.73,69.73,60.66,77.25
74.32,74.32,59.32,62.83,76.57
71.92,71.92,59.34,63.66,76.62
72.25,72.25,58.69,64.52,76.77
71.19,71.19,58.34,63.62,75.47
69.44,69.44,55.47,62.49,76.23
70.11,70.11,53.48,62.48,79.27
69.48,69.48,60.72,60.17,76.04
72.00,72.00,63.93,49.81,75.66
70.81,70.81,74.88,47.39,77.93
72.21,72.21,78.79,51.78,77.82
72.00,72.00,70.51,55.40,73.53
73.56,73.56,72.59,55.74,74.30
69.54,69.54,73.65,56.80,74.67
71.12,71.12,69.18,56.63,74.93
73.12,73.12,59.44,60.11,75.26
72.93,72.93,55.67,64.66,74.03
74.94,74.94,56.00,65.13,76.60
71.94,71.94,54.71,63.33,78.81
70.97,70.97,60.00,62.53,72.27
70.02,70.02,74.79,61.63,76.08
69.68,69.68,73.38,58.22,75.03
70.53,70.53,66.39,65.74,76.87
72.30,72.30,60.52,60.71,77.67
72.77,72.77,56.52,61.96,76.18
71.32,71.32,52.64,62.84,76.89
71.53,71.53,49.50,64.15,76.21
72.28,72.28,49.15,64.28,76.15
69.37,69.37,45.71,63.79,76.09
68.79,68.79,45.61,63.30,77.92
70.88,70.88,52.24,59.32,77.93
69.43,69.43,60.90,53.70,76.61
68.53,68.53,67.08,55.48,76.92
68.93,68.93,74.80,58.26,76.16
68.74,68.74,76.74,57.37,76.02
71.19,71.19,69.94,55.89,76.00
71.08,71.08,69.17,60.22,74.75
71.40,71.40,61.79,61.13,76.41
69.66,69.66,61.13,60.03,75.88
67.92,67.92,57.88,61.43,76.13
68.76,68.76,53.70,63.22,77.33
68.82,68.82,48.63,62.27,79.47
71.10,71.10,47.91,62.19,77.85
71.01,71.01,50.92,60.74,75.38
68.75,68.75,54.06,61.20,76.69
68.96,68.96,50.57,60.54,77.70
68.16,68.16,47.96,58.63,76.54
65.85,65.85,48.54,62.26,77.59
66.59,66.59,47.25,59.26,78.29
66.46,66.46,46.34,58.64,75.08
63.09,63.09,45.09,63.07,75.70
65.03,65.03,44.71,62.87,79.03
62.51,62.51,42.94,61.38,77.69
63.53,63.53,46.04,61.63,75.54
64.98,64.98,55.61,58.99,76.76
61.99,61.99,63.98,53.55,74.13
58.20,58.20,80.29,58.37,77.64
56.18,56.18,77.81,59.31,77.18
61.67,61.67,70.73,61.74,77.64
59.26,59.26,70.98,65.08,78.40
61.67,61.67,65.16,64.50,79.34
63.60,63.60,58.28,63.24,77.13
62.45,62.45,53.97,63.55,77.99
56.56,56.56,48.67,64.86,78.81
59.12,59.12,49.36,64.98,77.30
56.64,56.64,48.21,62.95,78.33
58.69,58.69,55.25,63.91,78.38
58.40,58.40,64.54,63.49,74.92
53.75,53.75,77.22,61.08,76.75
56.63,56.63,74.75,60.33,74.46
53.42,53.42,66.09,62.23,76.82
56.26,56.26,62.87,61.97,77.35
56.24,56.24,57.97,59.80,77.85
57.46,57.46,54.63,62.80,77.67
60.46,60.46,50.80,62.95,78.06
59.66,59.66,48.97,63.17,77.36
56.55,56.55,49.27,63.28,77.48
57.67,57.67,48.18,61.81,75.51
56.69,56.69,52.27,61.31,78.14
58.57,58.57,57.95,60.13,79.70
57.31,57.31,54.35,66.98,77.05
59.01,59.01,49.81,64.50,78.55
62.54,62.54,50.53,67.52,77.15
58.57,58.57,52.39,67.71,73.71
58.08,58.08,56.56,67.74,78.15
57.23,57.23,66.98,59.04,77.69
56.45,56.45,74.71,65.92,74.37
61.69,61.69,64.47,65.77,78.46
55.09,55.09,60.20,66.92,75.44
55.89,55.89,61.18,59.12,75.87
60.65,60.65,68.58,58.00,73.59
65.58,65.58,79.32,54.17,75.24
67.42,67.42,79.57,53.94,74.25
70.95,70.95,74.43,53.17,75.41
70.14,70.14,67.63,56.82,75.95
70.16,70.16,66.58,58.66,75.49
71.86,71.86,63.01,57.28,75.93
73.81,73.81,60.68,59.62,75.96
72.85,72.85,59.74,62.70,77.13
74.21,74.21,56.20,63.41,78.07
74.36,74.36,52.14,62.34,77.02
73.95,73.95,55.76,62.91,77.02
72.51,72.51,61.00,55.95,76.64
70.61,70.61,75.58,57.54,74.03
72.79,72.79,80.47,52.87,76.50
67.70,67.70,72.46,59.86,73.49
67.60,67.60,70.56,51.42,75.37
64.43,64.43,72.46,61.58,75.27
64.27,64.27,67.48,59.59,75.73
62.57,62.57,55.64,63.72,77.04
57.18,57.18,54.40,62.06,75.05
57.30,57.30,57.87,65.32,74.87
59.81,59.81,55.25,52.08,76.15
66.99,66.99,57.73,65.79,74.18
70.53,70.53,66.53,61.78,74.17
69.42,69.42,77.41,65.67,75.41
68.56,68.56,68.27,63.99,77.30
71.42,71.42,66.15,62.47,74.96
66.80,66.80,57.69,62.99,73.26
62.96,62.96,55.15,60.21,76.76
60.63,60.63,54.70,62.50,77.25
63.00,63.00,50.92,66.36,75.83
63.26,63.26,48.55,68.50,73.12
65.95,65.95,48.16,68.53,78.09
68.43,68.43,49.60,59.25,78.77
71.87,71.87,53.93,63.38,72.32
77.18,77.18,56.50,64.09,75.44
71.45,71.45,54.91,64.73,76.47
70.11,70.11,52.53,64.06,75.82
73.17,73.17,48.23,66.52,76.88
73.80,73.80,45.34,65.26,76.09
75.03,75.03,44.16,60.02,74.88
75.41,75.41,42.33,61.14,74.51
74.55,74.55,42.08,65.10,73.04
74.51,74.51,42.98,62.09,74.60
75.78,75.78,49.32,63.21,74.53
72.84,72.84,61.46,62.53,72.94
74.48,74.48,71.65,55.73,72.86
72.93,72.93,79.61,54.97,74.46
74.00,74.00,72.30,58.82,74.06
73.30,73.30,66.83,60.93,72.72
73.84,73.84,73.04,65.52,72.55
75.29,75.29,69.91,64.53,74.05
75.74,75.74,57.68,66.00,73.98
75.42,75.42,60.41,66.64,73.95
74.91,74.91,60.89,66.80,71.34
73.93,73.93,54.99,66.67,76.09
75.80,75.80,50.67,66.79,73.28
76.19,76.19,51.42,66.78,73.84
75.50,75.50,53.95,66.03,73.64
75.99,75.99,53.16,65.23,75.31
76.77,76.77,50.94,65.21,73.97
76.01,76.01,49.75,64.31,75.31
74.50,74.50,47.24,63.99,76.21
74.88,74.88,44.57,64.61,77.48
75.13,75.13,43.58,64.39,75.65
73.98,73.98,41.59,63.28,75.86
73.90,73.90,40.50,62.19,78.11
72.39,72.39,40.44,61.31,79.00
72.69,72.69,46.46,61.99,76.71
71.65,71.65,54.60,62.19,76.99
69.25,69.25,65.64,65.58,76.91
70.15,70.15,75.87,66.42,77.01
72.28,72.28,71.88,65.71,74.39
69.01,69.01,65.00,65.40,73.79
71.10,71.10,58.92,65.47,75.80
70.12,70.12,57.40,62.53,76.79
69.20,69.20,54.07,62.81,76.71
69.28,69.28,51.85,60.14,77.54
69.42,69.42,50.03,59.17,76.87
71.41,71.41,49.34,60.96,75.62
70.67,70.67,49.88,58.64,74.04
70.95,70.95,50.46,62.07,75.89
70.74,70.74,54.04,63.06,74.64
70.52,70.52,53.32,58.07,76.00
71.39,71.39,49.18,63.01,74.15
69.42,69.42,49.12,65.18,74.60
70.57,70.57,57.44,63.77,74.81
71.51,71.51,62.58,63.72,74.27
73.29,73.29,71.46,64.54,74.32
70.22,70.22,70.42,64.95,73.60
70.32,70.32,61.06,63.50,74.27
71.29,71.29,55.12,62.84,73.59
71.47,71.47,57.83,60.85,72.64
72.31,72.31,60.16,56.08,75.75
70.69,70.69,74.23,51.38,74.60
69.82,69.82,80.88,48.89,73.68
71.63,71.63,75.29,58.75,72.98
71.46,71.46,65.45,63.12,75.25
71.65,71.65,63.97,63.29,74.06
72.01,72.01,64.45,60.51,71.42
70.77,70.77,60.28,61.54,72.13
69.67,69.67,53.66,62.45,73.93
70.72,70.72,52.23,61.21,73.18
71.02,71.02,52.35,60.24,73.45
72.07,72.07,58.68,57.74,74.95
71.16,71.16,60.30,58.73,74.45
69.99,69.99,76.15,59.26,72.52
69.34,69.34,78.81,54.68,73.41
69.95,69.95,70.52,56.51,74.84
67.53,67.53,73.77,52.67,75.91
71.80,71.80,70.72,51.36,74.87
72.66,72.66,61.51,56.84,74.50
71.42,71.42,47.62,63.36,75.88
71.68,71.68,43.62,63.37,76.00
72.04,72.04,48.39,59.36,75.11
72.57,72.57,53.32,56.52,75.06
74.24,74.24,66.34,54.94,75.76
72.73,72.73,76.26,66.07,76.50
71.85,71.85,72.18,64.86,75.49
71.55,71.55,67.03,66.49,73.48
71.03,71.03,61.00,66.50,76.20
70.32,70.32,58.99,64.56,75.50
71.73,71.73,57.35,65.25,76.03
70.49,70.49,55.57,64.84,74.82
71.73,71.73,53.01,65.23,74.36
70.84,70.84,51.46,62.63,73.63
70.56,70.56,50.92,62.23,76.32
73.19,73.19,50.67,61.55,73.35
73.25,73.25,55.70,61.09,75.49
71.15,71.15,62.55,55.43,73.51
74.44,74.44,75.70,63.73,74.21
71.68,71.68,79.64,62.43,74.38
71.88,71.88,69.41,63.77,74.08
69.63,69.63,66.73,62.49,73.72
72.47,72.47,65.41,62.54,73.99
72.79,72.79,69.20,63.55,73.05
71.00,71.00,66.57,63.26,76.11
68.36,68.36,58.65,61.01,74.75
68.51,68.51,56.14,62.46,76.01
71.89,71.89,61.07,63.78,76.09
72.20,72.20,55.64,66.13,76.24
71.54,71.54,52.90,65.32,76.40
72.17,72.17,52.61,64.91,75.77
72.46,72.46,52.69,64.08,74.36
69.60,69.60,49.19,65.21,75.62
68.96,68.96,48.22,65.53,75.95
69.34,69.34,47.64,66.64,74.54
72.09,72.09,46.78,67.04,73.00
72.42,72.42,46.80,66.05,75.02
71.03,71.03,46.33,65.36,76.84
69.97,69.97,45.87,64.83,74.87
71.58,71.58,47.74,61.90,74.01
72.75,72.75,51.83,58.05,76.13
72.64,72.64,62.34,59.11,76.50
69.97,69.97,74.07,64.98,75.37
67.28,67.28,75.37,63.81,71.42
67.17,67.17,69.47,64.94,74.26
72.83,72.83,66.35,65.07,71.83
70.46,70.46,67.89,64.08,75.45
69.23,69.23,65.72,64.76,75.09
71.54,71.54,49.35,64.74,75.84
71.81,71.81,63.21,64.46,74.43
69.96,69.96,66.07,63.08,74.82
65.56,65.56,62.07,62.47,75.99
70.18,70.18,59.26,64.30,74.91
67.33,67.33,66.69,66.55,72.19
70.08,70.08,75.21,61.11,68.76
72.20,72.20,68.45,62.00,69.16
72.68,72.68,65.25,62.19,72.55
73.88,73.88,61.93,62.76,71.98
70.83,70.83,58.42,62.56,72.56
72.29,72.29,56.12,62.02,73.33
72.85,72.85,55.80,61.18,73.10
72.62,72.62,54.03,61.87,72.13
72.80,72.80,52.26,62.78,71.50
72.94,72.94,53.48,63.62,70.58
74.50,74.50,52.80,62.31,71.71
74.39,74.39,55.39,63.11,74.42
74.07,74.07,53.28,64.13,74.08
73.06,73.06,51.08,61.93,73.31
71.34,71.34,50.10,61.12,74.24
73.51,73.51,52.87,59.82,74.71
74.89,74.89,58.00,63.20,73.54
72.80,72.80,71.91,63.09,72.54
71.19,71.19,72.36,62.01,72.23
72.23,72.23,67.63,60.60,74.53
71.62,71.62,61.51,59.61,74.67
70.99,70.99,63.17,57.07,72.41
67.85,67.85,62.20,52.41,73.76
70.08,70.08,78.59,56.62,76.47
67.92,67.92,79.38,53.90,74.23
69.02,69.02,76.63,65.65,73.54
69.82,69.82,64.61,66.50,75.20
71.85,71.85,66.75,65.40,76.36
73.22,73.22,63.85,65.28,74.45
72.49,72.49,59.21,65.85,75.10
73.52,73.52,54.52,65.70,76.69
72.73,72.73,57.52,66.54,77.32
70.37,70.37,53.74,66.87,75.50
69.00,69.00,51.21,59.05,74.23
70.65,70.65,62.25,55.58,76.70
67.43,67.43,64.35,58.70,76.28
64.64,64.64,78.90,60.29,73.54
66.13,66.13,76.98,60.21,74.27
67.21,67.21,71.07,60.08,76.32
67.44,67.44,69.59,57.48,71.90
67.34,67.34,58.10,65.26,73.33
65.66,65.66,54.44,67.25,77.22
62.43,62.43,48.91,61.41,76.31
59.69,59.69,57.36,62.39,74.29
58.21,58.21,65.52,65.14,78.23
59.85,59.85,61.33,63.48,76.03
57.77,57.77,64.39,64.44,72.94
64.44,64.44,78.23,66.47,74.05
66.67,66.67,72.02,66.05,74.47
73.71,73.71,67.13,62.38,74.35
78.01,78.01,61.95,65.08,74.88
77.39,77.39,59.25,66.15,74.16
73.90,73.90,55.56,68.16,74.60
76.73,76.73,53.55,68.98,73.80
75.02,75.02,50.72,65.92,73.54
72.46,72.46,49.25,68.41,75.95
73.18,73.18,48.55,66.61,74.96
74.63,74.63,51.81,67.25,76.21
74.61,74.61,53.57,67.08,74.67
72.65,72.65,49.80,65.16,76.63
74.50,74.50,50.30,68.73,78.02
74.07,74.07,48.13,69.62,76.35
74.93,74.93,46.14,70.37,76.61
74.24,74.24,45.10,69.84,76.23
74.45,74.45,44.68,63.61,75.55
75.45,75.45,44.01,63.22,76.74
73.32,73.32,43.24,67.89,75.89
72.41,72.41,44.84,69.25,76.82
73.99,73.99,54.30,68.57,74.23
69.07,69.07,66.83,60.83,75.55
65.34,65.34,76.59,58.50,75.05
66.16,66.16,79.43,61.81,73.06
68.33,68.33,67.99,53.64,74.69
71.35,71.35,67.32,60.75,75.97
68.64,68.64,70.62,62.38,74.54
66.24,66.24,59.27,62.03,77.35
67.61,67.61,55.89,62.36,76.72
68.25,68.25,53.29,64.03,74.60
63.64,63.64,52.28,63.31,74.78
60.71,60.71,50.52,62.68,75.86
57.78,57.78,50.27,62.86,78.96
55.06,55.06,53.61,59.35,77.04
53.59,53.59,53.12,60.20,77.95
52.55,52.55,50.28,62.63,78.10
57.72,57.72,49.54,62.56,76.55
56.57,56.57,49.39,60.86,76.70
57.28,57.28,46.59,60.23,78.72
50.91,50.91,53.24,62.29,78.14
54.15,54.15,64.03,63.67,76.62
56.28,56.28,62.80,61.38,77.47
49.39,49.39,59.52,61.83,75.73
57.49,57.49,59.29,64.98,76.71
53.85,53.85,61.22,67.32,75.99
57.55,57.55,77.46,61.70,77.76
51.19,51.19,72.86,62.18,75.23
52.15,52.15,66.05,63.84,75.95
54.49,54.49,63.13,61.17,77.83
50.41,50.41,61.19,62.31,78.49
51.27,51.27,58.68,61.99,79.14
50.18,50.18,56.28,60.37,79.74
49.80,49.80,54.86,58.03,78.47
48.02,48.02,54.05,53.19,77.84
48.05,48.05,53.49,56.83,75.94
47.96,47.96,50.92,51.61,75.98
50.76,50.76,52.91,55.69,77.86
48.16,48.16,54.49,57.45,78.04
53.46,53.46,53.88,52.61,75.44
53.33,53.33,51.74,65.67,78.06
56.31,56.31,52.94,67.84,77.87
52.46,52.46,60.23,65.11,76.94
55.05,55.05,62.09,64.51,78.03
56.48,56.48,71.48,65.96,79.58
53.14,53.14,69.11,65.13,76.28
54.51,54.51,60.98,65.15,77.56
54.02,54.02,55.08,65.69,78.30
57.95,57.95,58.48,63.17,79.83
47.72,47.72,65.39,55.79,77.13
50.87,50.87,79.07,57.84,74.55
50.87,50.87,79.10,53.19,79.34
51.96,51.96,75.62,60.90,74.36
48.14,48.14,74.02,65.85,76.41
46.06,46.06,66.58,66.95,79.32
45.20,45.20,63.18,67.79,74.72
48.70,48.70,60.19,68.94,76.01
49.69,49.69,58.53,69.17,76.78
45.95,45.95,57.25,67.67,77.32
48.67,48.67,56.56,68.30,78.19
45.85,45.85,53.23,66.98,76.64
48.17,48.17,62.21,64.25,76.07
49.75,49.75,66.89,60.12,75.08
49.59,49.59,77.46,60.86,77.96
47.74,47.74,78.78,59.14,76.53
44.82,44.82,70.22,55.68,77.44
42.03,42.03,70.03,59.21,77.52
44.37,44.37,64.54,68.99,78.37
45.29,45.29,61.34,68.99,77.58
46.28,46.28,60.33,69.60,76.49
51.67,51.67,54.00,66.45,78.46
48.44,48.44,52.45,64.16,76.37
47.78,47.78,62.54,61.21,76.12
55.55,55.55,66.61,66.56,75.77
57.99,57.99,78.77,62.23,75.03
54.78,54.78,71.44,68.89,76.77
51.95,51.95,65.91,70.08,74.53
57.35,57.35,61.39,68.93,78.71
58.51,58.51,56.26,69.01,77.80
54.58,54.58,53.06,64.52,77.17
56.03,56.03,51.39,65.65,80.07
55.86,55.86,48.85,69.76,77.29
56.40,56.40,45.77,70.40,77.57
58.29,58.29,43.87,68.75,78.26
55.91,55.91,48.70,67.15,76.07
53.63,53.63,59.34,60.79,76.97
57.67,57.67,63.78,56.54,76.29
50.02,50.02,81.08,61.99,74.11
46.98,46.98,80.06,62.20,73.78
51.88,51.88,71.18,62.07,77.95
54.78,54.78,70.65,61.58,73.86
54.21,54.21,63.74,63.38,77.18
55.17,55.17,62.39,62.99,76.65
53.92,53.92,59.95,64.88,78.75
51.78,51.78,48.56,66.96,77.78
53.21,53.21,45.83,67.43,79.02
54.15,54.15,47.66,69.70,78.81
53.79,53.79,50.39,69.87,74.48
50.41,50.41,53.81,70.65,77.25
52.57,52.57,52.67,71.47,76.57
56.65,56.65,49.76,70.97,75.67
58.47,58.47,47.52,70.10,78.54
54.07,54.07,46.41,70.66,77.00
46.77,46.77,45.51,70.25,77.28
52.22,52.22,44.34,69.29,77.87
54.17,54.17,43.59,69.96,78.64
48.24,48.24,44.27,69.03,77.25
53.12,53.12,55.09,66.65,76.34
55.15,55.15,64.43,60.87,77.34
57.43,57.43,77.64,60.45,76.89
56.78,56.78,75.90,50.63,77.88
56.39,56.39,73.33,54.59,76.76
51.99,51.99,72.13,56.93,78.48
47.29,47.29,64.08,62.23,77.45
50.42,50.42,60.58,64.06,77.82
51.78,51.78,55.05,65.92,76.66
55.20,55.20,48.08,68.18,74.43
51.59,51.59,48.54,68.41,76.64
53.59,53.59,55.49,69.04,76.20
52.53,52.53,64.24,70.00,76.74
47.97,47.97,74.88,71.23,76.44
54.17,54.17,80.25,69.91,73.33
53.93,53.93,69.67,70.00,75.91
57.09,57.09,66.88,71.47,78.32
51.44,51.44,60.49,70.09,76.62
44.92,44.92,55.86,70.27,76.57
35.70,35.70,51.60,71.06,79.53
37.35,37.35,49.53,69.56,77.97
35.05,35.05,46.31,68.39,75.95
34.97,34.97,44.72,68.82,78.11
39.10,39.10,44.59,67.24,76.82
42.77,42.77,48.90,65.53,76.81
49.36,49.36,49.42,64.22,77.81
48.69,48.69,47.22,65.79,77.63
46.07,46.07,44.52,65.26,76.85
49.67,49.67,50.19,64.61,78.60
49.72,49.72,59.91,65.34,77.22
49.84,49.84,66.36,66.04,77.09
49.91,49.91,70.64,65.45,76.76
48.90,48.90,61.44,64.51,76.67
48.52,48.52,57.32,65.03,75.04
48.10,48.10,53.98,63.97,76.94
55.43,55.43,60.20,62.35,77.73
59.76,59.76,68.89,60.98,76.72
64.36,64.36,77.97,64.56,73.50
68.17,68.17,71.80,65.40,75.63
66.55,66.55,70.70,63.19,76.03
69.65,69.65,68.59,65.29,75.49
69.15,69.15,59.37,68.39,76.86
68.97,68.97,59.03,68.70,75.31
69.11,69.11,57.79,65.81,76.82
67.65,67.65,54.65,63.28,76.46
64.39,64.39,53.89,63.84,76.70
67.02,67.02,47.96,66.01,77.33
66.15,66.15,58.21,67.07,74.95
65.83,65.83,56.33,56.73,75.58
65.79,65.79,62.89,54.01,76.25
67.01,67.01,80.86,62.05,77.32
68.42,68.42,75.66,64.29,75.93
68.85,68.85,69.13,67.44,74.15
68.72,68.72,70.49,68.77,74.28
67.32,67.32,68.35,68.82,75.06
67.40,67.40,64.93,65.52,77.93
69.86,69.86,60.55,64.27,75.94
69.46,69.46,64.05,64.96,76.75
66.77,66.77,61.54,66.08,71.63
65.93,65.93,61.08,61.00,69.88
70.34,70.34,67.99,61.05,71.64
72.68,72.68,77.65,61.50,71.70
74.84,74.84,66.44,61.25,70.09
74.13,74.13,61.49,57.84,70.74
76.18,76.18,58.90,58.31,71.23
74.27,74.27,55.82,60.15,72.67
72.91,72.91,55.20,63.38,73.26
70.18,70.18,53.17,63.51,74.00
69.74,69.74,51.46,64.61,73.96
71.45,71.45,49.12,65.18,74.06
74.38,74.38,47.86,62.12,72.76
74.47,74.47,49.34,64.75,74.06
72.95,72.95,52.59,61.24,76.22
73.16,73.16,50.48,65.79,75.36
75.94,75.94,49.03,66.21,74.33
77.13,77.13,47.29,63.68,74.99
75.07,75.07,45.16,64.13,75.23
69.60,69.60,45.36,66.72,74.26
67.37,67.37,45.71,65.88,74.92
71.68,71.68,44.74,63.33,75.02
72.15,72.15,44.46,67.03,75.17
75.16,75.16,47.10,64.27,74.48
73.77,73.77,55.77,63.16,74.75
72.92,72.92,61.37,55.77,75.49
69.16,69.16,77.32,60.05,71.54
72.00,72.00,77.63,62.30,74.34
72.22,72.22,69.81,61.82,76.54
71.07,71.07,68.88,62.53,73.71
70.32,70.32,63.65,64.64,75.01
67.37,67.37,53.72,63.69,75.38
66.48,66.48,58.14,56.09,75.80
68.99,68.99,56.95,56.11,76.39
70.71,70.71,54.23,63.82,76.32
62.24,62.24,51.72,62.79,77.54
64.33,64.33,48.80,62.91,76.58
65.49,65.49,49.96,62.88,76.99
66.21,66.21,47.45,66.64,75.06
62.41,62.41,45.36,68.94,74.96
64.44,64.44,43.95,69.59,75.18
63.60,63.60,43.99,67.97,75.54
62.46,62.46,43.94,70.29,74.01
57.79,57.79,45.37,71.17,74.03
56.27,56.27,45.76,70.91,74.85
61.33,61.33,46.58,69.88,76.93
61.23,61.23,47.53,70.37,74.89
58.93,58.93,57.58,67.99,75.42
61.20,61.20,62.53,66.37,74.91
59.83,59.83,74.91,66.61,75.80
58.05,58.05,72.94,69.53,76.58
56.61,56.61,66.86,67.63,76.09
56.62,56.62,59.72,67.22,75.99
58.84,58.84,56.55,64.67,75.53
58.92,58.92,52.97,59.55,75.90
58.86,58.86,50.55,56.08,77.70
55.91,55.91,46.23,59.72,75.27
56.09,56.09,42.54,67.47,75.24
56.37,56.37,41.46,68.34,75.78
51.16,51.16,42.31,69.62,75.03
53.06,53.06,47.13,70.51,77.58
50.37,50.37,48.96,70.17,76.51
51.07,51.07,46.97,69.95,75.11
57.35,57.35,44.78,69.17,76.35
61.29,61.29,48.98,70.63,77.22
58.64,58.64,54.34,71.10,75.65
50.87,50.87,62.28,68.65,76.40
52.22,52.22,72.06,68.19,77.54
59.26,59.26,59.79,66.94,74.17
60.39,60.39,56.82,67.94,77.75
59.39,59.39,53.79,69.77,75.89
56.64,56.64,56.72,70.20,77.01
53.74,53.74,63.22,68.17,75.88
55.00,55.00,77.21,61.01,74.01
58.36,58.36,80.82,56.26,72.01
57.84,57.84,78.13,65.97,71.68
51.86,51.86,66.14,67.83,73.00
48.56,48.56,61.76,68.53,74.52
51.41,51.41,58.22,59.38,73.76
52.97,52.97,55.80,57.58,77.38
49.23,49.23,57.12,63.05,77.54
38.25,38.25,59.60,70.28,75.63
43.71,43.71,55.64,69.16,75.54
51.67,51.67,57.77,65.63,76.80
53.39,53.39,71.00,63.09,74.19
54.93,54.93,79.46,65.49,75.43
51.91,51.91,77.69,63.53,77.66
45.41,45.41,67.66,68.32,77.16
44.86,44.86,72.45,68.51,75.20
50.78,50.78,69.59,67.07,75.94
50.25,50.25,62.99,65.49,78.49
44.60,44.60,50.75,69.36,74.51
38.06,38.06,56.14,69.30,76.64
38.35,38.35,51.00,65.56,76.72
39.87,39.87,57.09,62.57,75.22
36.93,36.93,65.50,65.93,75.78
34.52,34.52,80.43,69.74,75.81
32.53,32.53,71.76,69.74,75.63
26.91,26.91,66.40,69.91,74.93
20.80,20.80,60.22,65.50,76.90
23.04,23.04,56.41,64.55,72.87
23.88,23.88,52.79,63.42,76.80
26.06,26.06,50.35,64.60,76.69
27.07,27.07,46.63,64.53,76.97
26.91,26.91,45.66,63.17,78.22
25.24,25.24,43.88,62.39,79.55
23.71,23.71,45.36,58.75,77.14
23.07,23.07,53.05,62.34,77.79
27.29,27.29,62.24,59.73,77.17
28.90,28.90,77.64,62.26,74.97
27.01,27.01,75.16,53.32,75.38
24.98,24.98,73.85,58.95,76.30
25.08,25.08,69.63,64.01,74.62
28.26,28.26,66.51,64.37,75.25
29.49,29.49,63.08,59.31,76.80
29.05,29.05,60.32,64.94,77.53
27.50,27.50,56.33,65.02,76.30
25.34,25.34,52.42,61.39,75.44
22.22,22.22,51.14,61.95,74.71
18.95,18.95,49.21,61.81,76.27
23.49,23.49,53.89,65.22,76.91
28.11,28.11,51.83,62.75,75.96
27.24,27.24,50.23,58.30,75.57
22.65,22.65,48.09,65.77,76.27
23.28,23.28,45.92,67.35,75.80
23.83,23.83,44.07,63.62,75.22
25.95,25.95,43.72,66.09,76.14
27.41,27.41,41.97,69.61,75.89
26.11,26.11,41.01,69.01,76.54
24.49,24.49,45.25,63.86,76.76
18.95,18.95,52.75,66.63,77.33
16.38,16.38,64.06,66.71,76.96
13.97,13.97,75.63,68.41,75.57
16.24,16.24,76.50,65.78,75.81
20.16,20.16,75.53,65.89,72.45
23.06,23.06,71.59,68.96,77.21
24.78,24.78,69.14,68.06,73.76
24.91,24.91,61.17,68.55,75.23
25.48,25.48,60.78,72.49,76.35
25.56,25.56,48.85,71.07,76.39
27.62,27.62,48.66,68.23,76.67
23.69,23.69,51.31,70.00,73.90
18.07,18.07,63.09,69.62,75.37
22.03,22.03,68.05,69.18,74.33
22.25,22.25,78.17,69.93,74.97
18.32,18.32,68.73,66.01,73.06
22.09,22.09,67.09,67.75,73.64
18.99,18.99,60.95,71.06,74.98
15.59,15.59,56.77,68.87,75.93
17.19,17.19,54.98,71.10,76.97
19.34,19.34,52.56,67.99,74.69
21.86,21.86,52.81,66.16,76.56
20.77,20.77,50.54,73.66,76.39
16.81,16.81,50.19,69.86,75.77
12.52,12.52,51.67,68.68,76.39
15.36,15.36,56.81,71.60,75.99
17.33,17.33,53.06,70.55,76.91
21.50,21.50,50.91,69.43,76.88
23.90,23.90,49.73,70.42,77.55
23.03,23.03,48.70,72.14,75.97
24.59,24.59,52.73,68.21,77.29
22.74,22.74,61.13,69.61,77.85
22.96,22.96,56.63,70.90,77.38
19.76,19.76,55.20,67.76,74.91
17.00,17.00,54.24,67.20,75.72
11.89,11.89,53.73,68.56,77.83
7.05,7.05,65.20,64.38,76.29
7.66,7.66,71.73,59.08,78.58
11.98,11.98,76.81,62.12,75.19
13.59,13.59,78.98,58.59,75.12
11.43,11.43,71.16,62.74,76.76
9.63,9.63,69.27,67.06,77.16
9.98,9.98,63.87,68.67,75.93
10.61,10.61,61.98,68.10,74.81
13.70,13.70,60.65,69.50,76.35
16.79,16.79,61.03,69.10,76.10
16.81,16.81,54.73,68.12,76.54
18.40,18.40,54.64,71.23,77.82
17.02,17.02,54.92,69.76,76.45
21.78,21.78,63.15,64.67,74.87
20.35,20.35,72.63,65.09,76.90
19.70,19.70,76.75,62.79,76.90
21.86,21.86,71.73,66.33,74.78
21.85,21.85,69.45,60.39,74.47
21.85,21.85,71.97,62.61,75.02
21.99,21.99,67.67,67.97,76.51
22.39,22.39,55.13,64.92,75.83
23.65,23.65,54.32,63.39,77.26
21.92,21.92,55.31,69.25,76.04
15.99,15.99,59.55,70.24,77.08
6.43,6.43,64.39,67.19,75.06
6.24,6.24,76.82,68.30,77.00
2.75,2.75,73.76,69.27,75.88
3.53,3.53,66.79,69.16,75.18
3.45,3.45,64.98,70.01,74.86
7.46,7.46,58.58,72.32,77.75
10.99,10.99,56.81,70.14,77.04
15.37,15.37,54.92,70.09,76.69
17.81,17.81,54.35,70.03,75.01
17.04,17.04,52.93,72.15,77.70
18.11,18.11,52.14,71.67,76.51
16.78,16.78,53.21,64.84,75.10
19.49,19.49,55.80,70.69,75.70
17.64,17.64,52.53,72.21,76.32
22.86,22.86,52.92,70.79,75.31
23.64,23.64,50.47,70.90,76.61
21.13,21.13,48.81,70.41,75.79
22.87,22.87,50.08,72.77,75.06
23.67,23.67,48.65,70.91,77.11
24.58,24.58,48.40,69.34,76.41
22.41,22.41,47.64,70.63,76.05
22.82,22.82,48.06,71.13,76.80
20.84,20.84,50.37,70.42,76.44
15.40,15.40,58.98,63.62,75.63
16.63,16.63,67.37,61.71,76.01
18.57,18.57,77.24,62.86,72.27
16.31,16.31,78.74,62.02,73.75
17.00,17.00,65.69,65.10,73.53
19.51,19.51,70.90,69.10,72.45
23.03,23.03,72.29,67.15,74.53
22.83,22.83,65.05,66.97,74.10
22.70,22.70,64.40,66.00,73.45
20.72,20.72,61.46,63.52,73.73
20.65,20.65,52.67,65.62,75.77
20.70,20.70,50.43,64.01,75.48
19.30,19.30,52.68,63.00,75.57
19.89,19.89,54.20,65.76,78.53
20.40,20.40,51.66,65.37,75.98
22.07,22.07,49.85,62.88,75.76
23.73,23.73,47.66,65.97,75.94
24.29,24.29,48.51,65.90,75.52
24.58,24.58,49.03,63.99,75.81
24.66,24.66,47.28,61.83,75.58
24.37,24.37,48.90,68.59,74.47
23.00,23.00,58.02,69.75,76.87
22.68,22.68,61.00,67.88,76.83
18.90,18.90,58.00,69.01,75.32
14.94,14.94,64.57,70.79,75.93
12.65,12.65,73.89,69.09,75.97
7.81,7.81,73.91,66.48,76.03
7.20,7.20,68.80,66.12,74.68
8.83,8.83,62.40,68.92,78.03
12.46,12.46,59.87,70.36,74.70
15.29,15.29,58.10,66.50,73.88
18.53,18.53,56.74,69.98,76.08
17.86,17.86,57.51,72.16,77.46
15.59,15.59,55.91,69.09,76.29
14.10,14.10,55.96,73.32,77.08
12.63,12.63,55.84,72.39,78.77
15.76,15.76,55.65,71.68,75.24
19.11,19.11,55.23,70.29,74.10
22.47,22.47,54.02,69.07,74.63
22.39,22.39,51.82,69.33,74.20
22.97,22.97,53.19,73.20,71.96
23.45,23.45,57.62,68.82,72.13
19.44,19.44,67.28,68.49,74.00
16.96,16.96,74.15,72.46,74.37
16.66,16.66,66.50,69.13,72.99
18.49,18.49,58.69,70.62,73.11
16.39,16.39,57.95,72.91,75.18
10.64,10.64,59.78,69.99,76.35
6.46,6.46,66.48,65.97,77.92
4.11,4.11,76.18,65.44,76.68
5.47,5.47,77.01,68.49,73.78
8.01,8.01,74.12,69.02,74.80
11.05,11.05,74.32,70.97,74.50
13.21,13.21,60.57,71.93,72.41
16.77,16.77,61.08,70.19,74.66
18.45,18.45,59.52,70.28,76.26
18.48,18.48,59.05,69.32,74.83
18.56,18.56,57.99,72.69,75.83
16.20,16.20,56.26,72.71,73.55
14.10,14.10,58.23,69.78,76.86
19.98,19.98,64.00,64.97,75.30
20.06,20.06,72.96,58.69,75.76
18.81,18.81,78.82,58.00,75.43
19.60,19.60,75.17,63.27,74.35
20.88,20.88,71.80,66.16,75.68
19.80,19.80,72.41,64.38,76.02
19.43,19.43,68.06,62.57,75.81
19.89,19.89,54.94,65.78,75.09
19.45,19.45,54.49,66.96,75.78
16.29,16.29,55.26,68.01,76.67
15.20,15.20,58.44,65.51,74.16
12.67,12.67,64.48,67.98,74.59
14.45,14.45,76.82,68.36,74.20
13.67,13.67,73.30,67.39,75.02
13.56,13.56,67.77,70.58,72.79
14.00,14.00,63.19,69.17,72.24
16.41,16.41,59.40,68.55,74.38
20.72,20.72,57.54,71.59,71.45
21.72,21.72,56.10,69.81,73.41
24.34,24.34,54.72,72.35,73.22
23.34,23.34,53.71,74.09,71.68
24.10,24.10,54.36,71.51,72.07
21.65,21.65,54.44,72.74,71.98
16.19,16.19,62.08,72.53,75.17
14.59,14.59,69.32,66.22,74.72
9.13,9.13,77.18,64.13,74.60
9.13,9.13,74.01,59.65,72.78
12.58,12.58,73.63,65.90,74.40
14.13,14.13,69.28,67.06,75.91
16.26,16.26,69.25,69.09,75.75
17.08,17.08,65.35,70.55,76.25
17.73,17.73,60.25,71.01,75.55
23.62,23.62,61.91,68.89,76.50
25.82,25.82,54.54,68.02,74.51
21.70,21.70,53.59,68.71,74.55
17.93,17.93,54.21,69.46,74.20
18.72,18.72,56.02,63.13,75.10
20.95,20.95,54.60,65.57,76.69
20.94,20.94,52.26,67.56,76.86
21.68,21.68,52.75,62.06,76.81
20.61,20.61,49.70,62.25,74.92
20.92,20.92,48.74,62.10,76.70
26.27,26.27,49.33,62.35,74.12
25.41,25.41,48.56,61.12,74.93
24.97,24.97,48.71,61.50,75.30
24.21,24.21,55.15,61.01,76.13
21.27,21.27,62.56,55.21,76.84
18.05,18.05,69.94,59.54,75.81
14.06,14.06,80.61,55.71,73.74
17.89,17.89,77.56,54.37,75.50
21.51,21.51,65.07,53.43,74.02
23.32,23.32,71.43,60.71,75.69
23.74,23.74,59.41,60.61,74.38
15.70,15.70,52.19,51.19,58.82
3.74,3.74,37.98,39.89,35.59
1.11,1.11,31.73,28.71,30.95
0.04,0.04,18.67,9.11,17.74
-0.00,-0.00,4.96,2.01,5.38
-0.00,-0.00,17.04,6.35,18.32
0.01,0.01,30.95,22.33,27.32
1.67,1.67,38.44,33.41,37.12
6.80,6.80,51.55,54.67,55.03
20.48,20.48,66.52,62.31,71.22
21.09,21.09,61.32,69.45,77.84
14.62,14.62,61.36,70.01,77.04
8.37,8.37,57.65,71.89,75.92
8.43,8.43,56.19,72.31,76.15
10.93,10.93,54.85,73.17,76.24
13.43,13.43,52.26,72.93,76.42
16.51,16.51,57.52,72.88,76.82
15.15,15.15,61.57,73.75,74.66
16.09,16.09,73.63,72.84,77.51
18.07,18.07,70.36,70.93,74.30
15.88,15.88,62.26,71.82,73.96
13.81,13.81,57.66,70.40,76.57
12.27,12.27,56.75,66.02,73.07
10.32,10.32,64.01,67.77,74.34
7.32,7.32,78.11,66.71,73.47
6.77,6.77,82.01,61.31,75.06
7.68,7.68,74.03,65.87,73.65
12.19,12.19,70.37,71.79,73.12
14.84,14.84,57.85,72.86,74.72
13.48,13.48,56.41,71.31,74.95
13.85,13.85,56.40,67.22,76.16
13.02,13.02,59.24,70.91,73.95
13.46,13.46,55.83,67.35,75.63
13.88,13.88,53.74,66.83,74.88
10.82,10.82,53.51,70.64,76.00
8.84,8.84,60.91,69.23,77.65
9.35,9.35,62.71,67.00,76.30
11.28,11.28,78.05,69.34,72.52
16.57,16.57,72.39,66.73,74.40
19.00,19.00,72.69,65.53,75.02
20.89,20.89,70.29,70.48,76.57
19.65,19.65,72.54,73.43,76.26
21.38,21.38,69.84,73.40,76.71
20.76,20.76,65.27,74.16,75.87
21.91,21.91,63.79,73.77,76.93
21.33,21.33,56.58,73.41,76.19
13.81,13.81,61.90,72.05,74.98
9.08,9.08,65.72,69.01,75.78
5.13,5.13,81.37,71.58,73.28
4.98,4.98,71.69,69.43,74.14
6.73,6.73,71.70,66.18,74.69
6.93,6.93,63.75,72.13,75.00
6.24,6.24,58.71,69.29,75.67
10.06,10.06,58.88,70.62,76.22
16.23,16.23,55.46,67.74,73.49
20.30,20.30,54.67,60.22,75.95
22.30,22.30,53.15,62.97,76.21
19.42,19.42,53.21,68.67,76.09
17.35,17.35,59.23,70.56,74.64
7.85,7.85,61.81,76.17,73.63
8.12,8.12,72.76,70.40,74.92
6.11,6.11,76.97,65.58,76.14
8.18,8.18,70.89,65.02,74.48
9.53,9.53,65.72,67.35,74.28
10.07,10.07,60.77,68.33,76.42
10.99,10.99,59.54,68.72,76.60
13.42,13.42,58.87,68.00,77.37
13.60,13.60,58.87,68.49,73.69
14.59,14.59,58.17,66.85,68.90
13.87,13.87,58.48,70.00,65.52
15.24,15.24,58.76,70.50,65.06
15.53,15.53,58.37,68.94,64.96
14.61,14.61,57.47,68.40,65.99
17.50,17.50,58.34,70.06,62.59
20.93,20.93,59.19,71.27,61.80
28.43,28.43,60.32,71.73,63.08
29.38,29.38,60.68,70.87,63.10
24.52,24.52,59.16,70.24,63.69
22.37,22.37,60.11,72.75,62.86
26.85,26.85,60.46,72.39,61.69
25.41,25.41,60.03,72.21,61.78
28.04,28.04,60.96,71.96,65.82
34.43,34.43,58.99,70.80,65.25
27.12,27.12,62.06,71.69,62.34
28.18,28.18,61.10,71.34,61.18
26.92,26.92,61.19,72.20,63.03
21.79,21.79,62.20,72.89,64.71
24.83,24.83,60.30,71.43,64.87
28.67,28.67,60.27,71.29,62.64
26.44,26.44,61.83,72.22,62.58
27.78,27.78,60.14,73.14,62.64
27.10,27.10,61.60,73.38,63.18
30.53,30.53,62.16,72.55,62.46
30.29,30.29,60.67,72.53,61.13
36.88,36.88,62.88,72.35,60.86
40.32,40.32,60.42,71.99,60.39
29.07,29.07,60.78,71.40,59.37
34.86,34.86,61.61,71.74,62.90
36.98,36.98,59.88,71.58,61.35
32.39,32.39,59.43,72.02,61.59
38.46,38.46,59.07,72.09,59.54
31.21,31.21,59.84,71.36,61.77
37.05,37.05,60.39,71.70,64.78
30.92,30.92,58.55,71.37,63.06
30.85,30.85,57.76,70.44,62.27
38.16,38.16,58.62,71.33,61.68
29.02,29.02,57.41,71.77,63.73
30.52,30.52,56.97,72.16,63.73
40.31,40.31,58.09,71.97,61.21
40.21,40.21,57.17,70.69,60.02
38.16,38.16,58.35,71.08,59.06
38.97,38.97,55.53,71.80,61.72
35.17,35.17,56.02,71.38,61.38
31.29,31.29,55.88,70.23,58.53
36.89,36.89,56.10,70.24,58.84
34.18,34.18,53.92,70.82,61.98
24.51,24.51,55.05,70.73,61.01
31.80,31.80,55.62,71.15,61.45
28.52,28.52,52.95,71.12,61.52
33.87,33.87,53.28,70.78,61.64
32.57,32.57,52.68,70.97,60.51
33.42,33.42,51.42,71.10,60.24
22.91,22.91,53.14,71.13,61.30
24.57,24.57,51.07,70.89,60.91
26.37,26.37,52.13,70.29,60.81
26.11,26.11,51.56,70.29,62.40
33.34,33.34,53.78,70.62,64.02
39.45,39.45,53.36,71.03,63.04
37.26,37.26,52.21,70.33,61.07
35.12,35.12,52.36,70.47,60.98
41.58,41.58,54.31,70.80,59.04
41.77,41.77,54.61,70.79,61.63
36.16,36.16,54.44,70.68,60.48
33.22,33.22,53.72,69.90,59.02
34.66,34.66,52.68,69.86,59.06
42.01,42.01,53.09,70.68,57.11
44.88,44.88,53.85,70.82,60.38
39.75,39.75,51.96,70.44,57.45
36.65,36.65,53.92,69.65,57.86
33.43,33.43,52.21,69.66,58.38
33.84,33.84,52.37,69.07,59.74
34.66,34.66,51.30,69.34,60.74
41.98,41.98,50.53,69.69,57.93
45.91,45.91,50.76,69.34,56.82
41.07,41.07,50.97,69.37,57.89
43.45,43.45,53.01,68.70,57.31
40.12,40.12,51.80,69.01,59.32
41.99,41.99,50.97,69.33,57.91
42.49,42.49,51.72,69.07,58.68
43.06,43.06,52.99,69.98,59.99
44.23,44.23,50.83,70.44,60.00
42.54,42.54,50.65,69.09,60.04
43.22,43.22,50.29,69.09,59.26
42.27,42.27,49.22,69.28,57.92
46.50,46.50,50.60,68.89,59.17
43.19,43.19,50.36,69.90,56.93
40.81,40.81,49.71,69.29,58.24
41.58,41.58,49.05,68.90,55.90
44.23,44.23,50.60,69.68,54.55
41.93,41.93,49.78,69.48,55.70
44.18,44.18,48.48,69.69,54.58
43.06,43.06,48.88,69.38,58.53
44.80,44.80,48.12,68.36,52.72
47.22,47.22,48.14,68.99,55.70
44.22,44.22,49.40,68.60,57.13
44.09,44.09,48.80,68.58,56.87
42.91,42.91,48.27,68.91,55.59
40.72,40.72,46.48,67.89,54.51
43.41,43.41,48.71,68.24,56.07
41.21,41.21,45.99,68.48,58.18
41.74,41.74,48.17,68.37,57.31
40.13,40.13,47.00,67.41,56.57
42.45,42.45,46.91,68.15,55.64
40.62,40.62,46.84,68.54,57.07
43.29,43.29,46.11,68.63,59.63
43.90,43.90,47.35,67.12,56.82
41.41,41.41,45.66,68.04,57.37
42.52,42.52,47.27,68.22,56.55
43.23,43.23,45.74,68.82,55.48
43.16,43.16,46.39,68.56,55.15
43.50,43.50,45.47,67.18,52.73
43.40,43.40,45.76,68.06,53.37
43.67,43.67,44.82,67.34,53.10
44.50,44.50,44.26,67.02,54.92
41.15,41.15,44.07,66.56,55.64
42.70,42.70,44.31,66.69,51.97
41.05,41.05,44.36,67.16,54.01
42.19,42.19,43.61,67.35,54.66
40.75,40.75,42.05,67.07,54.92
41.44,41.44,42.38,67.42,55.18
41.18,41.18,43.80,66.93,55.97
39.52,39.52,43.20,66.38,53.92
37.86,37.86,41.78,67.06,52.05
40.29,40.29,42.33,66.24,56.70
42.47,42.47,42.69,65.72,54.00
44.70,44.70,42.74,67.02,52.41
42.07,42.07,44.48,67.36,53.23
42.50,42.50,42.46,67.28,54.06
44.48,44.48,43.66,66.59,55.83
42.09,42.09,43.04,66.20,56.17
41.18,41.18,42.70,66.77,52.32
41.99,41.99,42.44,67.20,54.53
40.92,40.92,42.53,65.29,52.20
41.11,41.11,42.10,65.44,52.98
40.77,40.77,41.58,66.98,52.64
38.85,38.85,40.06,67.63,50.37
39.24,39.24,39.53,67.42,52.20
38.48,38.48,39.67,67.07,53.48
38.14,38.14,40.79,67.44,53.67
38.32,38.32,39.63,67.22,52.15
36.87,36.87,40.12,66.91,51.36
39.64,39.64,39.46,67.20,52.73
39.49,39.49,39.52,66.75,52.28
40.04,40.04,40.24,66.49,53.13
38.42,38.42,38.86,66.42,53.50
38.01,38.01,39.63,66.13,53.50
36.54,36.54,39.69,66.81,52.99
40.18,40.18,42.99,67.02,49.55
40.15,40.15,39.54,66.72,52.83
38.77,38.77,42.46,66.50,51.88
38.56,38.56,40.22,66.77,48.76
37.21,37.21,39.97,66.68,51.37
38.55,38.55,41.35,66.32,52.18
39.90,39.90,40.24,66.27,50.89
37.57,37.57,39.90,66.14,46.08
37.33,37.33,40.89,65.98,49.79
36.33,36.33,39.52,66.55,49.20
36.08,36.08,38.64,66.23,50.83
35.78,35.78,35.77,66.27,51.36
35.47,35.47,36.09,65.46,47.87
36.06,36.06,35.93,65.66,46.97
34.56,34.56,38.92,66.15,48.93
33.90,33.90,37.37,65.88,49.63
35.47,35.47,37.86,66.00,50.65
35.59,35.59,38.65,65.91,49.47
36.18,36.18,37.30,65.55,46.78
35.90,35.90,40.60,65.96,49.87
36.50,36.50,37.85,66.07,53.68
34.84,34.84,38.78,66.03,51.69
34.57,34.57,37.31,65.91,51.03
35.10,35.10,39.58,65.42,50.33
36.61,36.61,39.60,65.49,47.49
35.76,35.76,37.44,65.44,47.01
35.65,35.65,38.46,64.40,45.26
36.06,36.06,37.90,65.18,46.90
35.74,35.74,39.18,65.42,45.30
34.51,34.51,39.38,65.42,44.25
33.51,33.51,37.14,65.49,45.95
33.36,33.36,39.21,65.71,45.96
32.81,32.81,37.21,65.39,47.11
34.84,34.84,36.47,65.50,47.26
33.76,33.76,36.03,65.05,47.78
32.99,32.99,34.81,64.89,47.80
34.04,34.04,38.12,64.84,46.95
31.43,31.43,34.83,64.22,47.75
31.36,31.36,35.81,63.98,44.43
32.49,32.49,35.64,64.49,47.94
30.96,30.96,36.34,64.76,49.34
33.21,33.21,34.25,64.24,48.15
34.70,34.70,39.88,64.09,43.98
32.36,32.36,37.75,63.54,45.57
32.09,32.09,36.83,63.89,49.78
31.82,31.82,38.91,63.91,47.45
32.22,32.22,37.19,63.70,43.77
31.65,31.65,37.56,64.15,39.55
33.64,33.64,36.16,64.00,42.23
32.44,32.44,38.24,64.36,43.96
32.54,32.54,38.58,63.61,43.44
32.53,32.53,36.69,63.37,42.68
31.37,31.37,39.56,63.82,43.11
31.38,31.38,35.22,63.36,41.92
31.59,31.59,36.94,62.79,43.90
31.77,31.77,37.70,62.61,45.32
30.76,30.76,35.00,62.54,47.22
29.66,29.66,37.47,63.20,44.12
29.48,29.48,33.43,63.15,45.60
28.49,28.49,34.12,62.78,44.44
28.05,28.05,33.08,62.97,44.72
29.75,29.75,35.31,62.99,43.81
30.20,30.20,34.53,62.57,40.92
29.94,29.94,38.55,62.69,45.11
29.72,29.72,37.12,62.68,46.10
28.19,28.19,35.86,62.47,43.91
27.20,27.20,33.71,61.92,46.45
28.62,28.62,35.15,61.20,45.10
27.89,27.89,38.28,62.02,39.41
28.42,28.42,39.23,61.92,39.67
29.47,29.47,34.71,61.21,37.18
28.42,28.42,36.42,61.78,39.11
27.95,27.95,36.70,61.72,38.18
28.87,28.87,37.41,61.15,39.58
28.13,28.13,37.09,61.37,35.23
29.03,29.03,36.47,61.04,39.25
27.97,27.97,38.14,60.83,38.72
26.57,26.57,31.18,61.30,37.92
27.60,27.60,32.89,60.85,40.54
27.78,27.78,36.10,60.78,43.85
25.89,25.89,35.11,61.04,40.55
24.15,24.15,32.48,60.77,37.45
26.40,26.40,33.69,60.60,43.42
27.88,27.88,35.00,60.67,42.91
30.27,30.27,36.41,60.20,40.77
26.33,26.33,32.27,59.81,38.49
25.83,25.83,35.31,59.80,37.65
25.41,25.41,34.41,60.42,37.17
23.84,23.84,34.92,60.54,35.38
22.72,22.72,33.23,60.16,37.20
23.91,23.91,35.19,60.50,34.42
25.01,25.01,33.00,59.67,33.93
26.36,26.36,35.35,59.89,32.76
26.13,26.13,35.11,60.26,32.67
28.14,28.14,35.98,59.65,34.84
25.85,25.85,31.74,58.84,32.96
24.54,24.54,35.55,58.60,31.81
24.87,24.87,38.22,58.38,31.92
22.94,22.94,35.03,58.67,34.29
24.46,24.46,31.16,58.03,37.30
23.98,23.98,32.79,58.13,37.50
20.27,20.27,34.15,57.81,35.34
22.47,22.47,35.46,58.22,37.85
21.50,21.50,34.10,58.23,34.96
21.36,21.36,30.21,58.20,30.38
22.97,22.97,33.81,57.87,33.84
23.25,23.25,35.36,58.04,36.64
20.87,20.87,33.33,58.66,36.62
20.90,20.90,32.79,57.76,36.86
20.31,20.31,29.51,58.09,34.45
19.85,19.85,31.32,58.14,36.30
19.24,19.24,32.05,57.72,34.76
20.65,20.65,30.89,57.89,30.61
23.32,23.32,32.33,57.00,35.59
21.46,21.46,32.40,56.76,31.78
20.96,20.96,33.53,56.88,32.28
21.12,21.12,32.66,56.83,31.58
19.41,19.41,33.48,57.02,30.53
20.05,20.05,31.15,57.03,32.14
20.86,20.86,31.22,56.35,32.78
19.81,19.81,31.75,56.63,28.53
18.78,18.78,29.88,56.39,32.43
18.09,18.09,29.70,55.97,32.97
18.94,18.94,28.44,56.01,31.32
19.30,19.30,32.56,55.44,32.91
20.51,20.51,30.98,55.84,33.62
17.07,17.07,29.00,55.17,31.04
16.08,16.08,26.21,54.32,29.36
18.90,18.90,27.88,54.45,31.28
20.22,20.22,28.61,54.69,32.12
17.35,17.35,26.86,54.52,24.49
15.82,15.82,26.16,54.07,26.98
18.90,18.90,28.84,54.33,30.30
19.09,19.09,30.34,54.07,27.67
16.05,16.05,28.72,53.95,23.41
17.77,17.77,28.93,53.44,26.21
15.58,15.58,29.46,52.62,26.64
18.59,18.59,34.89,54.22,30.26
18.36,18.36,32.93,54.09,29.99
17.01,17.01,34.77,53.61,25.66
15.70,15.70,34.65,53.61,24.78
18.24,18.24,34.19,52.90,26.55
16.58,16.58,33.19,53.25,26.35
19.46,19.46,35.81,52.91,26.68
18.79,18.79,38.36,52.15,25.39
14.44,14.44,36.93,51.89,24.44
16.22,16.22,36.30,51.56,25.75
14.72,14.72,37.90,51.07,24.50
16.30,16.30,36.37,50.82,26.50
14.22,14.22,35.64,50.49,23.28
13.78,13.78,37.99,50.54,25.85
14.95,14.95,39.32,50.19,25.42
13.86,13.86,38.27,48.43,22.62
15.79,15.79,39.55,48.62,24.75
14.53,14.53,39.79,49.04,25.31
12.77,12.77,38.67,48.97,26.61
16.37,16.37,40.59,48.93,29.06
13.82,13.82,42.19,47.76,27.34
12.03,12.03,39.75,46.39,21.56
11.85,11.85,41.06,45.58,21.79
14.87,14.87,41.40,46.13,23.28
11.41,11.41,39.59,46.21,25.25
12.31,12.31,40.71,45.77,25.22
10.63,10.63,41.35,44.56,23.22
14.18,14.18,42.64,43.23,23.58
10.97,10.97,45.04,42.56,19.85
10.88,10.88,43.74,42.37,22.63
11.27,11.27,41.69,44.14,22.20
12.63,12.63,40.93,44.74,22.46
11.28,11.28,40.20,43.73,21.50
13.28,13.28,43.23,43.30,24.29
9.65,9.65,42.83,43.04,21.22
10.82,10.82,42.29,42.29,22.65
7.42,7.42,42.49,42.43,18.20
9.96,9.96,39.55,41.90,20.11
9.08,9.08,40.53,42.37,21.44
9.54,9.54,39.69,42.41,23.10
9.49,9.49,36.32,41.94,24.90
10.38,10.38,42.45,40.69,21.20
8.09,8.09,42.55,40.35,14.42
7.47,7.47,42.06,40.14,15.28
9.31,9.31,43.32,40.49,20.77
7.87,7.87,40.64,38.75,20.52
9.61,9.61,41.67,37.11,20.65
8.59,8.59,42.45,37.31,16.35
10.08,10.08,39.54,37.98,20.07
10.86,10.86,41.07,39.91,20.46
6.99,6.99,37.72,39.15,20.54
7.63,7.63,40.17,37.79,20.88
7.72,7.72,41.02,36.94,16.36
9.93,9.93,41.01,35.27,17.63
9.24,9.24,39.58,35.84,18.21
9.90,9.90,38.59,35.98,19.96
6.74,6.74,38.69,36.06,18.70
5.02,5.02,40.07,35.84,12.17
6.76,6.76,40.74,35.77,14.81
6.49,6.49,39.00,34.27,14.88
6.16,6.16,39.43,34.77,14.85
5.78,5.78,39.71,35.82,19.52
6.60,6.60,37.36,35.89,20.81
6.62,6.62,37.21,36.34,21.95
7.11,7.11,36.71,35.64,22.02
5.81,5.81,35.26,35.44,18.67
4.29,4.29,38.34,34.99,18.33
5.76,5.76,37.63,32.93,17.81
6.43,6.43,37.94,32.01,19.19
5.44,5.44,36.35,31.83,19.11
3.70,3.70,36.27,32.50,18.92
6.81,6.81,35.88,31.32,15.55
6.86,6.86,38.26,31.61,18.78
6.94,6.94,36.44,31.38,18.16
5.61,5.61,36.53,30.67,18.71
3.36,3.36,36.19,30.20,19.31
5.27,5.27,35.89,28.02,19.20
3.52,3.52,37.99,25.75,16.93
4.15,4.15,37.15,27.37,12.72
4.79,4.79,35.69,27.87,16.24
4.59,4.59,35.85,29.60,17.90
6.04,6.04,31.74,28.38,17.32
4.10,4.10,35.66,28.70,15.42
4.73,4.73,34.84,27.55,15.68
3.52,3.52,33.31,26.94,16.84
4.84,4.84,31.18,25.84,19.95
3.70,3.70,31.90,25.38,18.88
2.10,2.10,33.86,25.04,12.50
0.92,0.92,33.68,24.57,10.17
3.50,3.50,32.83,25.47,14.82
2.77,2.77,31.40,24.94,18.48
2.15,2.15,33.04,23.95,19.33
2.95,2.95,32.52,22.40,13.48
1.63,1.63,34.02,22.17,7.82
1.70,1.70,31.83,21.82,13.67
2.42,2.42,29.23,22.38,16.35
2.53,2.53,30.78,23.61,14.83
1.44,1.44,30.15,22.80,11.78
1.56,1.56,31.18,21.92,11.76
1.06,1.06,30.56,21.68,15.40
1.76,1.76,27.84,20.70,14.92
1.96,1.96,28.17,21.05,14.51
0.76,0.76,31.17,20.89,8.77
0.48,0.48,27.81,18.66,3.52
0.46,0.46,28.10,18.53,13.16
0.62,0.62,27.48,18.31,13.55
0.53,0.53,26.08,17.75,14.30
0.58,0.58,27.91,18.55,10.67
0.06,0.06,28.86,17.98,3.75
0.43,0.43,24.89,15.84,8.91
0.11,0.11,25.52,16.20,14.33
0.06,0.06,20.76,15.98,13.76
0.01,0.01,25.79,16.66,11.02
-0.00,-0.00,25.41,16.10,3.99
0.00,0.00,23.23,14.42,6.24
0.00,0.00,20.58,13.27,8.12
-0.00,-0.00,15.83,11.91,7.37
-0.00,-0.00,20.83,12.86,8.65
-0.00,-0.00,23.43,13.72,6.10
-0.00,-0.00,20.62,10.28,0.79
-0.00,-0.00,18.86,8.80,6.11
-0.00,-0.00,19.09,4.31,7.82
-0.00,-0.00,20.02,1.69,5.45
-0.00,-0.00,22.38,3.53,5.17
-0.00,-0.00,20.01,4.07,3.88
0.01,0.01,12.32,4.09,1.70
0.01,0.01,16.13,4.46,1.32
-0.00,-0.00,16.50,5.92,0.59
-0.00,-0.00,15.09,5.94,1.38
-0.00,-0.00,16.44,3.82,0.75
-0.00,-0.00,4.70,1.75,0.02
-0.00,-0.00,7.50,1.52,0.00
-0.00,-0.00,12.92,2.30,-0.00
-0.00,-0.00,13.68,1.52,0.37
-0.00,-0.00,9.07,1.40,0.95
-0.00,-0.00,7.73,0.59,1.04
-0.00,-0.00,7.75,0.24,-0.00
-0.00,-0.00,7.66,0.40,-0.00
-0.00,-0.00,5.18,0.02,-0.00
-0.00,-0.00,7.58,0.04,-0.00
-0.00,-0.00,3.70,0.01,-0.00
-0.00,-0.00,6.66,-0.00,-0.00
-0.00,-0.00,4.27,-0.00,-0.00
-0.00,-0.00,3.84,-0.00,-0.00
-0.00,-0.00,6.49,0.01,-0.00
-0.00,-0.00,3.46,-0.00,-0.00
-0.00,-0.00,2.63,-0.00,-0.00
-0.00,-0.00,2.09,-0.00,0.28
-0.00,-0.00,7.00,0.58,0.17
-0.00,-0.00,4.81,0.32,-0.00
-0.00,-0.00,3.20,0.01,-0.00
-0.00,-0.00,2.74,-0.00,-0.00
-0.00,-0.00,2.19,-0.00,-0.00
-0.00,-0.00,2.78,-0.00,-0.00
-0.00,-0.00,0.85,-0.00,-0.00
-0.00,-0.00,1.19,-0.00,-0.00
-0.00,-0.00,2.51,-0.00,-0.00
-0.00,-0.00,2.21,-0.00,-0.00
-0.00,-0.00,-0.00,-0.00,-0.00
-0.00,-0.00,0.56,-0.00,-0.00
-0.00,-0.00,1.62,-0.00,-0.00
-0.00,-0.00,1.27,-0.00,-0.00
-0.00,-0.00,0.71,-0.00,-0.00
-0.00,-0.00,1.06,-0.00,-0.00
-0.00,-0.00,0.49,-0.00,-0.00
-0.00,-0.00,0.35,-0.00,-0.00
-0.00,-0.00,0.75,-0.00,-0.00
-0.00,-0.00,1.06,-0.00,-0.00
-0.00,-0.00,0.17,-0.00,-0.00
-0.00,-0.00,0.15,-0.00,-0.00
-0.00,-0.00,0.01,-0.00,-0.00
-0.00,-0.00,-0.00,-0.00,-0.00
-0.00,-0.00,-0.00,-0.00,-0.00
-0.00,-0.00,-0.00,-0.00,-0.00
-0.00,-0.00,-0.00,-0.00,-0.00
-0.00,-0.00,-0.00,-0.00,-0.00
-0.00,-0.00,-0.00,-0.00,-0.00
-0.00,-0.00,-0.00,-0.00,-0.00
-0.00,-0.00,-0.00,-0.00,-0.00
-0.00,-0.00,-0.00,-0.00,-0.00
-0.00,-0.00,-0.00,-0.00,-0.00
-0.00,-0.00,-0.00,-0.00,-0.00
-0.00,-0.00,-0.00,-0.00,-0.00
-0.00,-0.00,-0.00,-0.00,-0.00
-0.00,-0.00,-0.00,-0.00,-0.00
-0.00,-0.00,-0.00,-0.00,-0.00
-0.00,-0.00,-0.00,-0.00,-0.00
-0.00,-0.00,-0.00,-0.00,-0.00
-0.00,-0.00,-0.00,-0.00,-0.00
-0.00,-0.00,-0.00,-0.00,-0.00
-0.00,-0.00,-0.00,-0.00,-0.00
-0.00,-0.00,-0.00,-0.00,-0.00
-0.00,-0.00,-0.00,-0.00,-0.00
-0.00,-0.00,-0.00,-0.00,-0.00
-0.00,-0.00,-0.00,-0.00,-0.00
-0.00,-0.00,-0.00,-0.00,-0.00
-0.00,-0.00,-0.00,-0.00,-0.00
-0.00,-0.00,-0.00,-0.00,-0.00
-0.00,-0.00,-0.00,-0.00,-0.00
-0.00,-0.00,-0.00,-0.00,-0.00
-0.00,-0.00,-0.00,-0.00,-0.00
-0.00,-0.00,-0.00,-0.00,-0.00
-0.00,-0.00,-0.00,-0.00,-0.00
-0.00,-0.00,-0.00,-0.00,-0.00
-0.00,-0.00,-0.00,-0.00,-0.00
-0.00,-0.00,-0.00,-0.00,-0.00
-0.00,-0.00,-0.00,-0.00,-0.00
-0.00,-0.00,-0.00,-0.00,-0.00
-0.00,-0.00,-0.00,-0.00,-0.00
-0.00,-0.00,-0.00,-0.00,-0.00
-0.00,-0.00,-0.00,-0.00,-0.00
-0.00,-0.00,-0.00,-0.00,-0.00
-0.00,-0.00,-0.00,-0.00,-0.00
-0.00,-0.00,-0.00,-0.00,-0.00
-0.00,-0.00,-0.00,-0.00,-0.00
-0.00,-0.00,-0.00,-0.00,-0.00
-0.00,-0.00,-0.00,-0.00,-0.00
-0.00,-0.00,-0.00,-0.00,-0.00
-0.00,-0.00,-0.00,-0.00,-0.00
-0.00,-0.00,-0.00,-0.00,-0.00
-0.00,-0.00,-0.00,-0.00,-0.00
-0.00,-0.00,-0.00,-0.00,-0.00
-0.00,-0.00,-0.00,-0.00,-0.00
-0.00,-0.00,-0.00,-0.00,-0.00
-0.00,-0.00,-0.00,-0.00,-0.00
-0.00,-0.00,-0.00,-0.00,-0.00
-0.00,-0.00,-0.00,-0.00,-0.00
-0.00,-0.00,-0.00,-0.00,-0.00
-0.00,-0.00,-0.00,-0.00,-0.00
-0.00,-0.00,-0.00,-0.00,-0.00
-0.00,-0.00,-0.00,-0.00,-0.00
-0.00,-0.00,-0.00,-0.00,-0.00
